Workbook
Name aaa: #REF!
Name aaa: #REF!
Name aaaaaaa: #REF!
Name aaaaaaa: #REF!
Name ad: #REF!
Name ad: #REF!
Name adb: #REF!
Name adb: #REF!
Name adsf: #REF!
Name adsf: #REF!
Name ae: #REF!
Name ae: #REF!
Name aef: #REF!
Name aef: #REF!
Name afdasfas: #REF!
Name afdasfas: #REF!
Name AH: #REF!
Name AH: #REF!
Name asfd: #REF!
Name asfd: #REF!
Name ASI_REDE: '[1]Calc Eng'!$H$26
Name Atendentes_Instr_Campo_QT: '[1]Calc Eng'!$B$52
Name Atendentes_Senior_QT: '[1]Calc Eng'!$B$50
Name Atendentes_Sistema_Processo_QT: '[1]Calc Eng'!$B$51
Name Atendentes_Total: '[1]Calc Eng'!$B$27
Name BR: #REF!
Name BR: #REF!
Name BRN: #REF!
Name BRN: #REF!
Name C_ADM_Geral: 0.1
Name CFTV_TI_meta: '[1]Pareto Metas'!$R$85
Name CFTV_TI_real: [1]Metas!$U$127
Name CFTV_Total: [1]Retorno!$B$6
Name Cidade: '[1]Calc Eng'!$H$78
Name CNPJ: '[1]Calc Eng'!$K$77
Name Conteiner_Aluguel_Mes: '[1]Calc Eng'!$B$43
Name CSLL: [1]Impostos!$H$28
Name CTNER: '[1]Calc Eng'!$H$20
Name Custo_Impostos_Credito__Débito: [1]Retorno!$J$23
Name data_abertura_OS: '[1]O.S.'!$M$5
Name descrição_da_venda: '[1]O.S.'!$E$16
Name Diária_Casa_Atendente: '[2]Calc Eng'!$B$2
Name Diária_Casa_Custo_Atendente: '[1]Calc Eng'!$B$2
Name Diária_Completa_Sem_Transporte: '[1]Calc Eng'!$B$41
Name Diária_Hotel_Avulsos: '[2]Calc Eng'!$B$4
Name Diária_Hotel_Negociado: '[2]Calc Eng'!$B$5
Name Diárias_Hotel_Avulsas_Custo: '[1]Calc Eng'!$B$4
Name Diárias_Hotel_Negociada_Custo: '[1]Calc Eng'!$B$5
Name Dias_Campo: '[1]Calc Eng'!$B$32
Name Distância_Base_PLANTA: '[1]Calc Eng'!$B$37
Name Distância_STZ_BASE: '[1]Calc Eng'!$B$36
Name Domingo_H: '[1]Calc Eng'!$B$60
Name Duração_Comissionamento__Startup: '[1]Calc Eng'!$B$42
Name Duração_Obra_Mês: '[1]Calc Eng'!$B$31
Name EA_E_PA: '[1]Calc Eng'!$H$23
Name ED_SD: '[1]Calc Eng'!$H$25
Name Embalagem: '[1]Calc Eng'!$B$18
Name Embalagem_meta: '[1]Pareto Metas'!$R$80
Name Equipe_Numero: '[1]Calc Eng'!$B$33
Name Estado: '[1]Calc Eng'!$J$78

Sheet Lista de Cargas
A1: Área | B1: Painel | C1: TAG | D1: Descrição | E1: Ex | F1: Status | G1: Partida | H1: Partida Pesada | I1: Resitência Aquecimento | J1: Resistor Frenagem | K1: Ventilação Forçada | L1: Termistor | M1: RTD | N1: Observação | O1: Acionamento | P1: Potência (cv) | Q1: Potência (KW) | R1: Nº Pólos | S1: FP | T1: Rend. | U1: Tipo Circuito | V1: Tensão (V) | W1: Corrente (A) | X1: Potência (KVA) | Y1: Corrente Partida (A) | Z1: Cabo / Barramento | AA1: Borne | AB1: Parcial 1 (m) | AC1: Parcial 2 (m) | AD1: Parcial 3 (m) | AE1: Parcial 4 (m) | AF1: Parcial 5 (m) | AG1: Distância Total (m) | AH1: Nº Cabos Fase | AI1: Cabo Fases | AJ1: Total Cabos Fase (m) | AK1: Nº Cabos Neutro (N) | AL1: Cabo Neutro (N) | AM1: Total Cabos Neutro (m) | AN1: Nº Cabos Terra PE/PEN | AO1: Cabos Terra (PE/PEN) | AP1: Total Cabos Terra (m) | AQ1: Carcaça Motor | AR1: Caixa de ligação Motor | AS1: QTDE | AT1: Fusível | AU1: Tamanho Fusível | AV1: Inversor | AW1: Frame Inversor / Soft | AX1: Frenagem | AY1: Softstarter | AZ1: Acessórios Inversor/Soft | BA1: Disjuntor Motor | BB1: Contator | BC1: Relé Inteligente | BD1: Acessórios para Relé Inteligente | BE1: Disjuntor | BF1: Potência Reativa Necessária | BG1: Fator de Potência Desejado | BH1: 0.92 | BI1: Margem Cabos | BJ1: 0
A2: SE-02 | B2: QGBT-1 | C2: CUB02 | D2: Alimentação Geral | O2: Disjuntor C.A. | P2: 9249.3298 | Q2: =P2*0.746 -> 6900 | S2: =IF(O2="","",IF(O2="NA","",IF(O2="Mini disjuntor + DR",0.92,IF(O2="Mini disjuntor",0.92,IF(O2="Disjuntor Motor",0.92,IF(O2="Disjuntor C.M.",0.92,IF(O2="Disjuntor C.A.",0.92,IFERROR(VLOOKUP('Lista de Cargas'!P2,Motores!$B$9:$T$48,19,FALSE),"Erro")))))))) -> 0.92 | T2: =IF(O2="","",IF(O2="NA","",IF(O2="Mini disjuntor + DR",100%,IF(O2="Mini disjuntor",100%,IF(O2="Disjuntor Motor",0.92,IF(O2="Disjuntor C.M.",100%,IF(O2="Disjuntor C.A.",100%,IFERROR(VLOOKUP('Lista de Cargas'!P2,Motores!$B$9:$T$48,16,FALSE)/100,"Erro")))))))) -> 1 | U2: Trifásico | V2: 13800 | W2: =IFERROR(IF(U2=$U$344,(P2*746)/(SQRT(3)*S2*T2*V2),(P2*746)/(S2*T2*V2)),0) -> 313.77732 | X2: =IFERROR(Q2/S2,0) -> 7500 | Y2: =IFERROR(IF(O2=$O$344,6*W2,IF(O2=$O$345,6*W2,IF(O2=$O$346,3*W2,IF(O2=$O$347,1.5*W2,W2)))),0) -> 313.77732 | AB2: 600 | AG2: =SUM(AB2:AF2) -> 600 | AH2: 6 | AI2: 70 mm² - 15/25KV - EPR 105°C | AJ2: =$AG2*AH2*(1+$BJ$1) -> 3600 | AK2: 0 | AL2: NA | AN2: 4 | AO2: 240mm² - 0,6/1kV - VD - EPR - 90ºC - Cobre | AP2: =$AG2*AN2*(1+$BJ$1) -> 2400 | AQ2: NA | AS2: 1
A3: SE-02 | B3: QGBT-1 | C3: TRF1 | D3: Aliemntação Transformador 1 | O3: Disjuntor C.A. | P3: 3083.1099 | Q3: =P3*0.746 -> 2300 | S3: =IF(O3="","",IF(O3="NA","",IF(O3="Mini disjuntor + DR",0.92,IF(O3="Mini disjuntor",0.92,IF(O3="Disjuntor Motor",0.92,IF(O3="Disjuntor C.M.",0.92,IF(O3="Disjuntor C.A.",0.92,IFERROR(VLOOKUP('Lista de Cargas'!P3,Motores!$B$9:$T$48,19,FALSE),"Erro")))))))) -> 0.92 | T3: =IF(O3="","",IF(O3="NA","",IF(O3="Mini disjuntor + DR",100%,IF(O3="Mini disjuntor",100%,IF(O3="Disjuntor Motor",0.92,IF(O3="Disjuntor C.M.",100%,IF(O3="Disjuntor C.A.",100%,IFERROR(VLOOKUP('Lista de Cargas'!P3,Motores!$B$9:$T$48,16,FALSE)/100,"Erro")))))))) -> 1 | U3: Trifásico | V3: 13800 | W3: =IFERROR(IF(U3=$U$344,(P3*746)/(SQRT(3)*S3*T3*V3),(P3*746)/(S3*T3*V3)),0) -> 104.59244 | X3: =IFERROR(Q3/S3,0) -> 2500 | Y3: =IFERROR(IF(O3=$O$344,6*W3,IF(O3=$O$345,6*W3,IF(O3=$O$346,3*W3,IF(O3=$O$347,1.5*W3,W3)))),0) -> 104.59244 | AB3: 20 | AG3: =SUM(AB3:AF3) -> 20 | AH3: 3 | AI3: 70 mm² - 15/25KV - EPR 105°C | AJ3: =$AG3*AH3*(1+$BJ$1) -> 60 | AP3: =$AG3*AN3*(1+$BJ$1) -> 0 | AQ3: NA | AS3: 1
A4: SE-02 | B4: QGBT-1 | C4: TRF2 | D4: Aliemntação Transformador 2 | O4: Disjuntor C.A. | P4: 3083.1099 | Q4: =P4*0.746 -> 2300 | S4: =IF(O4="","",IF(O4="NA","",IF(O4="Mini disjuntor + DR",0.92,IF(O4="Mini disjuntor",0.92,IF(O4="Disjuntor Motor",0.92,IF(O4="Disjuntor C.M.",0.92,IF(O4="Disjuntor C.A.",0.92,IFERROR(VLOOKUP('Lista de Cargas'!P4,Motores!$B$9:$T$48,19,FALSE),"Erro")))))))) -> 0.92 | T4: =IF(O4="","",IF(O4="NA","",IF(O4="Mini disjuntor + DR",100%,IF(O4="Mini disjuntor",100%,IF(O4="Disjuntor Motor",0.92,IF(O4="Disjuntor C.M.",100%,IF(O4="Disjuntor C.A.",100%,IFERROR(VLOOKUP('Lista de Cargas'!P4,Motores!$B$9:$T$48,16,FALSE)/100,"Erro")))))))) -> 1 | U4: Trifásico | V4: 13800 | W4: =IFERROR(IF(U4=$U$344,(P4*746)/(SQRT(3)*S4*T4*V4),(P4*746)/(S4*T4*V4)),0) -> 104.59244 | X4: =IFERROR(Q4/S4,0) -> 2500 | Y4: =IFERROR(IF(O4=$O$344,6*W4,IF(O4=$O$345,6*W4,IF(O4=$O$346,3*W4,IF(O4=$O$347,1.5*W4,W4)))),0) -> 104.59244 | AB4: 20 | AG4: =SUM(AB4:AF4) -> 20 | AH4: 3 | AI4: 70 mm² - 15/25KV - EPR 105°C | AJ4: =$AG4*AH4*(1+$BJ$1) -> 60 | AK4: 0 | AL4: NA | AN4: 1 | AO4: 120mm² - 0,6/1kV - VD - EPR - 90ºC - Cobre | AP4: =$AG4*AN4*(1+$BJ$1) -> 20 | AQ4: NA | AS4: 1
A5: SE-02 | B5: QGBT-1 | C5: TRF3 | D5: Aliemntação Transformador 3 | O5: Disjuntor C.A. | P5: 3083.1099 | Q5: =P5*0.746 -> 2300 | S5: =IF(O5="","",IF(O5="NA","",IF(O5="Mini disjuntor + DR",0.92,IF(O5="Mini disjuntor",0.92,IF(O5="Disjuntor Motor",0.92,IF(O5="Disjuntor C.M.",0.92,IF(O5="Disjuntor C.A.",0.92,IFERROR(VLOOKUP('Lista de Cargas'!P5,Motores!$B$9:$T$48,19,FALSE),"Erro")))))))) -> 0.92 | T5: =IF(O5="","",IF(O5="NA","",IF(O5="Mini disjuntor + DR",100%,IF(O5="Mini disjuntor",100%,IF(O5="Disjuntor Motor",0.92,IF(O5="Disjuntor C.M.",100%,IF(O5="Disjuntor C.A.",100%,IFERROR(VLOOKUP('Lista de Cargas'!P5,Motores!$B$9:$T$48,16,FALSE)/100,"Erro")))))))) -> 1 | U5: Trifásico | V5: 13800 | W5: =IFERROR(IF(U5=$U$344,(P5*746)/(SQRT(3)*S5*T5*V5),(P5*746)/(S5*T5*V5)),0) -> 104.59244 | X5: =IFERROR(Q5/S5,0) -> 2500 | Y5: =IFERROR(IF(O5=$O$344,6*W5,IF(O5=$O$345,6*W5,IF(O5=$O$346,3*W5,IF(O5=$O$347,1.5*W5,W5)))),0) -> 104.59244 | AB5: 20 | AG5: =SUM(AB5:AF5) -> 20 | AH5: 3 | AI5: 70 mm² - 15/25KV - EPR 105°C | AJ5: =$AG5*AH5*(1+$BJ$1) -> 60 | AK5: 0 | AL5: NA | AN5: 1 | AO5: 120mm² - 0,6/1kV - VD - EPR - 90ºC - Cobre | AP5: =$AG5*AN5*(1+$BJ$1) -> 20 | AQ5: NA | AS5: 1
A6: SE-03 | B6: QGBT-1 | C6: CUB02 | D6: Alimentação Geral | O6: Disjuntor C.A. | P6: 6166.2198 | Q6: =P6*0.746 -> 4600 | S6: =IF(O6="","",IF(O6="NA","",IF(O6="Mini disjuntor + DR",0.92,IF(O6="Mini disjuntor",0.92,IF(O6="Disjuntor Motor",0.92,IF(O6="Disjuntor C.M.",0.92,IF(O6="Disjuntor C.A.",0.92,IFERROR(VLOOKUP('Lista de Cargas'!P6,Motores!$B$9:$T$48,19,FALSE),"Erro")))))))) -> 0.92 | T6: =IF(O6="","",IF(O6="NA","",IF(O6="Mini disjuntor + DR",100%,IF(O6="Mini disjuntor",100%,IF(O6="Disjuntor Motor",0.92,IF(O6="Disjuntor C.M.",100%,IF(O6="Disjuntor C.A.",100%,IFERROR(VLOOKUP('Lista de Cargas'!P6,Motores!$B$9:$T$48,16,FALSE)/100,"Erro")))))))) -> 1 | U6: Trifásico | V6: 13800 | W6: =IFERROR(IF(U6=$U$344,(P6*746)/(SQRT(3)*S6*T6*V6),(P6*746)/(S6*T6*V6)),0) -> 209.18488 | X6: =IFERROR(Q6/S6,0) -> 5000 | Y6: =IFERROR(IF(O6=$O$344,6*W6,IF(O6=$O$345,6*W6,IF(O6=$O$346,3*W6,IF(O6=$O$347,1.5*W6,W6)))),0) -> 209.18488 | AB6: 400 | AG6: =SUM(AB6:AF6) -> 400 | AH6: 3 | AI6: 70 mm² - 15/25KV - EPR 105°C | AJ6: =$AG6*AH6*(1+$BJ$1) -> 1200 | AK6: 0 | AL6: NA | AN6: 1 | AO6: 120mm² - 0,6/1kV - VD - EPR - 90ºC - Cobre | AP6: =$AG6*AN6*(1+$BJ$1) -> 400 | AQ6: NA | AS6: 1
A7: SE-03 | B7: QGBT-1 | C7: TRF1 | D7: Aliemntação Transformador 1 | O7: Disjuntor C.A. | P7: 3083.1099 | Q7: =P7*0.746 -> 2300 | S7: =IF(O7="","",IF(O7="NA","",IF(O7="Mini disjuntor + DR",0.92,IF(O7="Mini disjuntor",0.92,IF(O7="Disjuntor Motor",0.92,IF(O7="Disjuntor C.M.",0.92,IF(O7="Disjuntor C.A.",0.92,IFERROR(VLOOKUP('Lista de Cargas'!P7,Motores!$B$9:$T$48,19,FALSE),"Erro")))))))) -> 0.92 | T7: =IF(O7="","",IF(O7="NA","",IF(O7="Mini disjuntor + DR",100%,IF(O7="Mini disjuntor",100%,IF(O7="Disjuntor Motor",0.92,IF(O7="Disjuntor C.M.",100%,IF(O7="Disjuntor C.A.",100%,IFERROR(VLOOKUP('Lista de Cargas'!P7,Motores!$B$9:$T$48,16,FALSE)/100,"Erro")))))))) -> 1 | U7: Trifásico | V7: 13800 | W7: =IFERROR(IF(U7=$U$344,(P7*746)/(SQRT(3)*S7*T7*V7),(P7*746)/(S7*T7*V7)),0) -> 104.59244 | X7: =IFERROR(Q7/S7,0) -> 2500 | Y7: =IFERROR(IF(O7=$O$344,6*W7,IF(O7=$O$345,6*W7,IF(O7=$O$346,3*W7,IF(O7=$O$347,1.5*W7,W7)))),0) -> 104.59244 | AB7: 20 | AG7: =SUM(AB7:AF7) -> 20 | AH7: 3 | AI7: 70 mm² - 15/25KV - EPR 105°C | AJ7: =$AG7*AH7*(1+$BJ$1) -> 60 | AK7: 0 | AL7: NA | AN7: 1 | AO7: 240mm² - 0,6/1kV - VD - EPR - 90ºC - Cobre | AP7: =$AG7*AN7*(1+$BJ$1) -> 20 | AQ7: NA | AS7: 1
A8: SE-03 | B8: QGBT-1 | C8: TRF2 | D8: Aliemntação Transformador 2 | O8: Disjuntor C.A. | P8: 3083.1099 | Q8: =P8*0.746 -> 2300 | S8: =IF(O8="","",IF(O8="NA","",IF(O8="Mini disjuntor + DR",0.92,IF(O8="Mini disjuntor",0.92,IF(O8="Disjuntor Motor",0.92,IF(O8="Disjuntor C.M.",0.92,IF(O8="Disjuntor C.A.",0.92,IFERROR(VLOOKUP('Lista de Cargas'!P8,Motores!$B$9:$T$48,19,FALSE),"Erro")))))))) -> 0.92 | T8: =IF(O8="","",IF(O8="NA","",IF(O8="Mini disjuntor + DR",100%,IF(O8="Mini disjuntor",100%,IF(O8="Disjuntor Motor",0.92,IF(O8="Disjuntor C.M.",100%,IF(O8="Disjuntor C.A.",100%,IFERROR(VLOOKUP('Lista de Cargas'!P8,Motores!$B$9:$T$48,16,FALSE)/100,"Erro")))))))) -> 1 | U8: Trifásico | V8: 13800 | W8: =IFERROR(IF(U8=$U$344,(P8*746)/(SQRT(3)*S8*T8*V8),(P8*746)/(S8*T8*V8)),0) -> 104.59244 | X8: =IFERROR(Q8/S8,0) -> 2500 | Y8: =IFERROR(IF(O8=$O$344,6*W8,IF(O8=$O$345,6*W8,IF(O8=$O$346,3*W8,IF(O8=$O$347,1.5*W8,W8)))),0) -> 104.59244 | AB8: 20 | AG8: =SUM(AB8:AF8) -> 20 | AH8: 3 | AI8: 70 mm² - 15/25KV - EPR 105°C | AJ8: =$AG8*AH8*(1+$BJ$1) -> 60 | AK8: 0 | AL8: NA | AN8: 1 | AO8: 240mm² - 0,6/1kV - VD - EPR - 90ºC - Cobre | AP8: =$AG8*AN8*(1+$BJ$1) -> 20 | AQ8: NA | AS8: 1
A9: Geral | B9: QGBT-1 | C9: G Diesel | D9: Alimentação Gerador Diesel | O9: Disjuntor C.A. | P9: 3083.1099 | Q9: =P9*0.746 -> 2300 | S9: =IF(O9="","",IF(O9="NA","",IF(O9="Mini disjuntor + DR",0.92,IF(O9="Mini disjuntor",0.92,IF(O9="Disjuntor Motor",0.92,IF(O9="Disjuntor C.M.",0.92,IF(O9="Disjuntor C.A.",0.92,IFERROR(VLOOKUP('Lista de Cargas'!P9,Motores!$B$9:$T$48,19,FALSE),"Erro")))))))) -> 0.92 | T9: =IF(O9="","",IF(O9="NA","",IF(O9="Mini disjuntor + DR",100%,IF(O9="Mini disjuntor",100%,IF(O9="Disjuntor Motor",0.92,IF(O9="Disjuntor C.M.",100%,IF(O9="Disjuntor C.A.",100%,IFERROR(VLOOKUP('Lista de Cargas'!P9,Motores!$B$9:$T$48,16,FALSE)/100,"Erro")))))))) -> 1 | U9: Trifásico | V9: 13800 | W9: =IFERROR(IF(U9=$U$344,(P9*746)/(SQRT(3)*S9*T9*V9),(P9*746)/(S9*T9*V9)),0) -> 104.59244 | X9: =IFERROR(Q9/S9,0) -> 2500 | Y9: =IFERROR(IF(O9=$O$344,6*W9,IF(O9=$O$345,6*W9,IF(O9=$O$346,3*W9,IF(O9=$O$347,1.5*W9,W9)))),0) -> 104.59244 | AB9: 50 | AG9: =SUM(AB9:AF9) -> 50 | AH9: 3 | AI9: 70 mm² - 15/25KV - EPR 105°C | AJ9: =$AG9*AH9*(1+$BJ$1) -> 150 | AK9: 0 | AL9: NA | AN9: 1 | AO9: 120mm² - 0,6/1kV - VD - EPR - 90ºC - Cobre | AP9: =$AG9*AN9*(1+$BJ$1) -> 50 | AQ9: NA | AS9: 1
A10: SE-02 | B10: QGBT-1 | C10: Q0 | D10: DISJUNTOR DE ENTRADA | O10: Disjuntor C.A. | P10: 3007.546 | Q10: =P10*0.746 -> 2243.6293 | S10: =IF(O10="","",IF(O10="NA","",IF(O10="Mini disjuntor + DR",0.92,IF(O10="Mini disjuntor",0.92,IF(O10="Disjuntor Motor",0.92,IF(O10="Disjuntor C.M.",0.92,IF(O10="Disjuntor C.A.",0.92,IFERROR(VLOOKUP('Lista de Cargas'!P10,Motores!$B$9:$T$48,19,FALSE),"Erro")))))))) -> 0.92 | T10: =IF(O10="","",IF(O10="NA","",IF(O10="Mini disjuntor + DR",100%,IF(O10="Mini disjuntor",100%,IF(O10="Disjuntor Motor",0.92,IF(O10="Disjuntor C.M.",100%,IF(O10="Disjuntor C.A.",100%,IFERROR(VLOOKUP('Lista de Cargas'!P10,Motores!$B$9:$T$48,16,FALSE)/100,"Erro")))))))) -> 1 | U10: Trifásico | V10: 440 | W10: =IFERROR(IF(U10=$U$344,(P10*746)/(SQRT(3)*S10*T10*V10),(P10*746)/(S10*T10*V10)),0) -> 3200 | X10: =IFERROR(Q10/S10,0) -> 2438.7275 | Y10: =IFERROR(IF(O10=$O$344,6*W10,IF(O10=$O$345,6*W10,IF(O10=$O$346,3*W10,IF(O10=$O$347,1.5*W10,W10)))),0) -> 3200 | AB10: 20 | AG10: =SUM(AB10:AF10) -> 20 | AH10: 21 | AI10: 240mm² - 0,6/1kV - PT - EPR - 90ºC - Cobre | AJ10: =$AG10*AH10*(1+$BJ$1) -> 420 | AK10: 0 | AL10: NA | AN10: 4 | AO10: 240mm² - 0,6/1kV - VD - EPR - 90ºC - Cobre | AP10: =$AG10*AN10*(1+$BJ$1) -> 80 | AQ10: NA | AS10: 1
A11: SE-02 | B11: QGBT-1 | C11: MO1-100-01 | D11: MOINHO (FASE 2) | O11: Disjuntor C.M. | P11: 499.72257 | Q11: =P11*0.746 -> 372.79304 | S11: =IF(O11="","",IF(O11="NA","",IF(O11="Mini disjuntor + DR",0.92,IF(O11="Mini disjuntor",0.92,IF(O11="Disjuntor Motor",0.92,IF(O11="Disjuntor C.M.",0.92,IF(O11="Disjuntor C.A.",0.92,IFERROR(VLOOKUP('Lista de Cargas'!P11,Motores!$B$9:$T$48,19,FALSE),"Erro")))))))) -> 0.92 | T11: =IF(O11="","",IF(O11="NA","",IF(O11="Mini disjuntor + DR",100%,IF(O11="Mini disjuntor",100%,IF(O11="Disjuntor Motor",0.92,IF(O11="Disjuntor C.M.",100%,IF(O11="Disjuntor C.A.",100%,IFERROR(VLOOKUP('Lista de Cargas'!P11,Motores!$B$9:$T$48,16,FALSE)/100,"Erro")))))))) -> 1 | U11: Trifásico | V11: 440 | W11: =IFERROR(IF(U11=$U$344,(P11*746)/(SQRT(3)*S11*T11*V11),(P11*746)/(S11*T11*V11)),0) -> 531.7 | X11: =IFERROR(Q11/S11,0) -> 405.20982 | Y11: =IFERROR(IF(O11=$O$344,6*W11,IF(O11=$O$345,6*W11,IF(O11=$O$346,3*W11,IF(O11=$O$347,1.5*W11,W11)))),0) -> 531.7 | AB11: 0 | AG11: =SUM(AB11:AF11) -> 0 | AJ11: =$AG11*AH11*(1+$BJ$1) -> 0 | AP11: =$AG11*AN11*(1+$BJ$1) -> 0 | AQ11: NA | AS11: 1
A12: SE-02 | B12: QGBT-1 | C12: SCD-401 - (PRT001-09) | D12: SECADOR N°1 - ÁREA 400 | O12: Disjuntor C.M. | P12: 555.8321 | Q12: =P12*0.746 -> 414.65075 | S12: =IF(O12="","",IF(O12="NA","",IF(O12="Mini disjuntor + DR",0.92,IF(O12="Mini disjuntor",0.92,IF(O12="Disjuntor Motor",0.92,IF(O12="Disjuntor C.M.",0.92,IF(O12="Disjuntor C.A.",0.92,IFERROR(VLOOKUP('Lista de Cargas'!P12,Motores!$B$9:$T$48,19,FALSE),"Erro")))))))) -> 0.92 | T12: =IF(O12="","",IF(O12="NA","",IF(O12="Mini disjuntor + DR",100%,IF(O12="Mini disjuntor",100%,IF(O12="Disjuntor Motor",0.92,IF(O12="Disjuntor C.M.",100%,IF(O12="Disjuntor C.A.",100%,IFERROR(VLOOKUP('Lista de Cargas'!P12,Motores!$B$9:$T$48,16,FALSE)/100,"Erro")))))))) -> 1 | U12: Trifásico | V12: 440 | W12: =IFERROR(IF(U12=$U$344,(P12*746)/(SQRT(3)*S12*T12*V12),(P12*746)/(S12*T12*V12)),0) -> 591.4 | X12: =IFERROR(Q12/S12,0) -> 450.70733 | Y12: =IFERROR(IF(O12=$O$344,6*W12,IF(O12=$O$345,6*W12,IF(O12=$O$346,3*W12,IF(O12=$O$347,1.5*W12,W12)))),0) -> 591.4 | AB12: 20 | AG12: =SUM(AB12:AF12) -> 20 | AH12: 3 | AI12: 240mm² - 0,6/1kV - PT - EPR - 90ºC - Cobre | AJ12: =$AG12*AH12*(1+$BJ$1) -> 60 | AK12: 0 | AL12: NA | AN12: 1 | AO12: 120mm² - 0,6/1kV - VD - EPR - 90ºC - Cobre | AP12: =$AG12*AN12*(1+$BJ$1) -> 20 | AQ12: NA | AS12: 1
A13: SE-02 | B13: QGBT-1 | C13: SCD-402 - (PRT001-09) | D13: SECADOR N°2 - ÁREA 401 | O13: Disjuntor C.M. | P13: 555.8321 | Q13: =P13*0.746 -> 414.65075 | S13: =IF(O13="","",IF(O13="NA","",IF(O13="Mini disjuntor + DR",0.92,IF(O13="Mini disjuntor",0.92,IF(O13="Disjuntor Motor",0.92,IF(O13="Disjuntor C.M.",0.92,IF(O13="Disjuntor C.A.",0.92,IFERROR(VLOOKUP('Lista de Cargas'!P13,Motores!$B$9:$T$48,19,FALSE),"Erro")))))))) -> 0.92 | T13: =IF(O13="","",IF(O13="NA","",IF(O13="Mini disjuntor + DR",100%,IF(O13="Mini disjuntor",100%,IF(O13="Disjuntor Motor",0.92,IF(O13="Disjuntor C.M.",100%,IF(O13="Disjuntor C.A.",100%,IFERROR(VLOOKUP('Lista de Cargas'!P13,Motores!$B$9:$T$48,16,FALSE)/100,"Erro")))))))) -> 1 | U13: Trifásico | V13: 440 | W13: =IFERROR(IF(U13=$U$344,(P13*746)/(SQRT(3)*S13*T13*V13),(P13*746)/(S13*T13*V13)),0) -> 591.4 | X13: =IFERROR(Q13/S13,0) -> 450.70733 | Y13: =IFERROR(IF(O13=$O$344,6*W13,IF(O13=$O$345,6*W13,IF(O13=$O$346,3*W13,IF(O13=$O$347,1.5*W13,W13)))),0) -> 591.4 | AB13: 20 | AG13: =SUM(AB13:AF13) -> 20 | AH13: 3 | AI13: 240mm² - 0,6/1kV - PT - EPR - 90ºC - Cobre | AJ13: =$AG13*AH13*(1+$BJ$1) -> 60 | AK13: 0 | AL13: NA | AN13: 1 | AO13: 120mm² - 0,6/1kV - VD - EPR - 90ºC - Cobre | AP13: =$AG13*AN13*(1+$BJ$1) -> 20 | AQ13: NA | AS13: 1
A14: SE-02 | B14: QGBT-1 | C14: SCD-403 - (PRT001-09) | D14: SECADOR N°3 - ÁREA 402 | O14: Disjuntor C.M. | P14: 555.8321 | Q14: =P14*0.746 -> 414.65075 | S14: =IF(O14="","",IF(O14="NA","",IF(O14="Mini disjuntor + DR",0.92,IF(O14="Mini disjuntor",0.92,IF(O14="Disjuntor Motor",0.92,IF(O14="Disjuntor C.M.",0.92,IF(O14="Disjuntor C.A.",0.92,IFERROR(VLOOKUP('Lista de Cargas'!P14,Motores!$B$9:$T$48,19,FALSE),"Erro")))))))) -> 0.92 | T14: =IF(O14="","",IF(O14="NA","",IF(O14="Mini disjuntor + DR",100%,IF(O14="Mini disjuntor",100%,IF(O14="Disjuntor Motor",0.92,IF(O14="Disjuntor C.M.",100%,IF(O14="Disjuntor C.A.",100%,IFERROR(VLOOKUP('Lista de Cargas'!P14,Motores!$B$9:$T$48,16,FALSE)/100,"Erro")))))))) -> 1 | U14: Trifásico | V14: 440 | W14: =IFERROR(IF(U14=$U$344,(P14*746)/(SQRT(3)*S14*T14*V14),(P14*746)/(S14*T14*V14)),0) -> 591.4 | X14: =IFERROR(Q14/S14,0) -> 450.70733 | Y14: =IFERROR(IF(O14=$O$344,6*W14,IF(O14=$O$345,6*W14,IF(O14=$O$346,3*W14,IF(O14=$O$347,1.5*W14,W14)))),0) -> 591.4 | AB14: 20 | AG14: =SUM(AB14:AF14) -> 20 | AH14: 3 | AI14: 240mm² - 0,6/1kV - PT - EPR - 90ºC - Cobre | AJ14: =$AG14*AH14*(1+$BJ$1) -> 60 | AK14: 0 | AL14: NA | AN14: 1 | AO14: 120mm² - 0,6/1kV - VD - EPR - 90ºC - Cobre | AP14: =$AG14*AN14*(1+$BJ$1) -> 20 | AQ14: NA | AS14: 1
A15: SE-02 | B15: QGBT-1 | C15: PRT001-04 | D15: BANCO DE CAPACITORES QGBT-1 - TRANSFORMADOR N°1 | O15: Disjuntor C.M. | P15: 925.94823 | Q15: =P15*0.746 -> 690.75738 | S15: =IF(O15="","",IF(O15="NA","",IF(O15="Mini disjuntor + DR",0.92,IF(O15="Mini disjuntor",0.92,IF(O15="Disjuntor Motor",0.92,IF(O15="Disjuntor C.M.",0.92,IF(O15="Disjuntor C.A.",0.92,IFERROR(VLOOKUP('Lista de Cargas'!P15,Motores!$B$9:$T$48,19,FALSE),"Erro")))))))) -> 0.92 | T15: =IF(O15="","",IF(O15="NA","",IF(O15="Mini disjuntor + DR",100%,IF(O15="Mini disjuntor",100%,IF(O15="Disjuntor Motor",0.92,IF(O15="Disjuntor C.M.",100%,IF(O15="Disjuntor C.A.",100%,IFERROR(VLOOKUP('Lista de Cargas'!P15,Motores!$B$9:$T$48,16,FALSE)/100,"Erro")))))))) -> 1 | U15: Trifásico | V15: 440 | W15: =IFERROR(IF(U15=$U$344,(P15*746)/(SQRT(3)*S15*T15*V15),(P15*746)/(S15*T15*V15)),0) -> 985.2 | X15: =IFERROR(Q15/S15,0) -> 750.82324 | Y15: =IFERROR(IF(O15=$O$344,6*W15,IF(O15=$O$345,6*W15,IF(O15=$O$346,3*W15,IF(O15=$O$347,1.5*W15,W15)))),0) -> 985.2 | AB15: 20 | AG15: =SUM(AB15:AF15) -> 20 | AH15: 6 | AI15: 240mm² - 0,6/1kV - PT - EPR - 90ºC - Cobre | AJ15: =$AG15*AH15*(1+$BJ$1) -> 120 | AK15: 0 | AL15: NA | AN15: 1 | AO15: 240mm² - 0,6/1kV - VD - EPR - 90ºC - Cobre | AP15: =$AG15*AN15*(1+$BJ$1) -> 20 | AQ15: NA | AS15: 1
A16: SE-02 | B16: QGBT-2 | C16: Q0 | D16: DISJUNTOR DE ENTRADA | O16: Disjuntor C.A. | P16: 3007.546 | Q16: =P16*0.746 -> 2243.6293 | S16: =IF(O16="","",IF(O16="NA","",IF(O16="Mini disjuntor + DR",0.92,IF(O16="Mini disjuntor",0.92,IF(O16="Disjuntor Motor",0.92,IF(O16="Disjuntor C.M.",0.92,IF(O16="Disjuntor C.A.",0.92,IFERROR(VLOOKUP('Lista de Cargas'!P16,Motores!$B$9:$T$48,19,FALSE),"Erro")))))))) -> 0.92 | T16: =IF(O16="","",IF(O16="NA","",IF(O16="Mini disjuntor + DR",100%,IF(O16="Mini disjuntor",100%,IF(O16="Disjuntor Motor",0.92,IF(O16="Disjuntor C.M.",100%,IF(O16="Disjuntor C.A.",100%,IFERROR(VLOOKUP('Lista de Cargas'!P16,Motores!$B$9:$T$48,16,FALSE)/100,"Erro")))))))) -> 1 | U16: Trifásico | V16: 440 | W16: =IFERROR(IF(U16=$U$344,(P16*746)/(SQRT(3)*S16*T16*V16),(P16*746)/(S16*T16*V16)),0) -> 3200 | X16: =IFERROR(Q16/S16,0) -> 2438.7275 | Y16: =IFERROR(IF(O16=$O$344,6*W16,IF(O16=$O$345,6*W16,IF(O16=$O$346,3*W16,IF(O16=$O$347,1.5*W16,W16)))),0) -> 3200 | AB16: 20 | AG16: =SUM(AB16:AF16) -> 20 | AH16: 21 | AI16: 240mm² - 0,6/1kV - PT - EPR - 90ºC - Cobre | AJ16: =$AG16*AH16*(1+$BJ$1) -> 420 | AK16: 0 | AL16: NA | AN16: 4 | AO16: 240mm² - 0,6/1kV - VD - EPR - 90ºC - Cobre | AP16: =$AG16*AN16*(1+$BJ$1) -> 80 | AQ16: NA | AS16: 1
A17: SE-02 | B17: QGBT-2 | C17: MO1-100-00 | D17: MOINHO (FASE 1) | O17: Disjuntor C.M. | P17: 850.0077 | Q17: =P17*0.746 -> 634.10574 | S17: =IF(O17="","",IF(O17="NA","",IF(O17="Mini disjuntor + DR",0.92,IF(O17="Mini disjuntor",0.92,IF(O17="Disjuntor Motor",0.92,IF(O17="Disjuntor C.M.",0.92,IF(O17="Disjuntor C.A.",0.92,IFERROR(VLOOKUP('Lista de Cargas'!P17,Motores!$B$9:$T$48,19,FALSE),"Erro")))))))) -> 0.92 | T17: =IF(O17="","",IF(O17="NA","",IF(O17="Mini disjuntor + DR",100%,IF(O17="Mini disjuntor",100%,IF(O17="Disjuntor Motor",0.92,IF(O17="Disjuntor C.M.",100%,IF(O17="Disjuntor C.A.",100%,IFERROR(VLOOKUP('Lista de Cargas'!P17,Motores!$B$9:$T$48,16,FALSE)/100,"Erro")))))))) -> 1 | U17: Trifásico | V17: 440 | W17: =IFERROR(IF(U17=$U$344,(P17*746)/(SQRT(3)*S17*T17*V17),(P17*746)/(S17*T17*V17)),0) -> 904.4 | X17: =IFERROR(Q17/S17,0) -> 689.24537 | Y17: =IFERROR(IF(O17=$O$344,6*W17,IF(O17=$O$345,6*W17,IF(O17=$O$346,3*W17,IF(O17=$O$347,1.5*W17,W17)))),0) -> 904.4 | AB17: 20 | AG17: =SUM(AB17:AF17) -> 20 | AH17: 6 | AI17: 185mm² - 0,6/1kV - PT - EPR - 90ºC - Cobre | AJ17: =$AG17*AH17*(1+$BJ$1) -> 120 | AK17: 0 | AL17: NA | AN17: 1 | AO17: 185mm² - 0,6/1kV - VD - EPR - 90ºC - Cobre | AP17: =$AG17*AN17*(1+$BJ$1) -> 20 | AQ17: NA | AS17: 1
A18: SE-02 | B18: QGBT-2 | C18: PRT001-12 | D18: CCM 2.1 - ÁREA 400 | O18: Disjuntor C.M. | P18: 2349.6453 | Q18: =P18*0.746 -> 1752.8354 | S18: =IF(O18="","",IF(O18="NA","",IF(O18="Mini disjuntor + DR",0.92,IF(O18="Mini disjuntor",0.92,IF(O18="Disjuntor Motor",0.92,IF(O18="Disjuntor C.M.",0.92,IF(O18="Disjuntor C.A.",0.92,IFERROR(VLOOKUP('Lista de Cargas'!P18,Motores!$B$9:$T$48,19,FALSE),"Erro")))))))) -> 0.92 | T18: =IF(O18="","",IF(O18="NA","",IF(O18="Mini disjuntor + DR",100%,IF(O18="Mini disjuntor",100%,IF(O18="Disjuntor Motor",0.92,IF(O18="Disjuntor C.M.",100%,IF(O18="Disjuntor C.A.",100%,IFERROR(VLOOKUP('Lista de Cargas'!P18,Motores!$B$9:$T$48,16,FALSE)/100,"Erro")))))))) -> 1 | U18: Trifásico | V18: 440 | W18: =IFERROR(IF(U18=$U$344,(P18*746)/(SQRT(3)*S18*T18*V18),(P18*746)/(S18*T18*V18)),0) -> 2500 | X18: =IFERROR(Q18/S18,0) -> 1905.2559 | Y18: =IFERROR(IF(O18=$O$344,6*W18,IF(O18=$O$345,6*W18,IF(O18=$O$346,3*W18,IF(O18=$O$347,1.5*W18,W18)))),0) -> 2500 | AB18: 20 | AG18: =SUM(AB18:AF18) -> 20 | AH18: 15 | AI18: 240mm² - 0,6/1kV - PT - EPR - 90ºC - Cobre | AJ18: =$AG18*AH18*(1+$BJ$1) -> 300 | AK18: 0 | AL18: NA | AN18: 4 | AO18: 150mm² - 0,6/1kV - VD - EPR - 90ºC - Cobre | AP18: =$AG18*AN18*(1+$BJ$1) -> 80 | AQ18: NA | AS18: 1
A19: SE-02 | B19: QGBT-2 | C19: PRT001-05 | D19: BANCO DE CAPACITORES QGBT-2 - TRANSFORMADOR N°2 | O19: Disjuntor C.M. | P19: 925.94823 | Q19: =P19*0.746 -> 690.75738 | S19: =IF(O19="","",IF(O19="NA","",IF(O19="Mini disjuntor + DR",0.92,IF(O19="Mini disjuntor",0.92,IF(O19="Disjuntor Motor",0.92,IF(O19="Disjuntor C.M.",0.92,IF(O19="Disjuntor C.A.",0.92,IFERROR(VLOOKUP('Lista de Cargas'!P19,Motores!$B$9:$T$48,19,FALSE),"Erro")))))))) -> 0.92 | T19: =IF(O19="","",IF(O19="NA","",IF(O19="Mini disjuntor + DR",100%,IF(O19="Mini disjuntor",100%,IF(O19="Disjuntor Motor",0.92,IF(O19="Disjuntor C.M.",100%,IF(O19="Disjuntor C.A.",100%,IFERROR(VLOOKUP('Lista de Cargas'!P19,Motores!$B$9:$T$48,16,FALSE)/100,"Erro")))))))) -> 1 | U19: Trifásico | V19: 440 | W19: =IFERROR(IF(U19=$U$344,(P19*746)/(SQRT(3)*S19*T19*V19),(P19*746)/(S19*T19*V19)),0) -> 985.2 | X19: =IFERROR(Q19/S19,0) -> 750.82324 | Y19: =IFERROR(IF(O19=$O$344,6*W19,IF(O19=$O$345,6*W19,IF(O19=$O$346,3*W19,IF(O19=$O$347,1.5*W19,W19)))),0) -> 985.2 | AB19: 20 | AG19: =SUM(AB19:AF19) -> 20 | AH19: 6 | AI19: 240mm² - 0,6/1kV - PT - EPR - 90ºC - Cobre | AJ19: =$AG19*AH19*(1+$BJ$1) -> 120 | AK19: 0 | AL19: NA | AN19: 1 | AO19: 240mm² - 0,6/1kV - VD - EPR - 90ºC - Cobre | AP19: =$AG19*AN19*(1+$BJ$1) -> 20 | AQ19: NA | AS19: 1
A20: SE-02 | B20: QGBT-3 | C20: Q0 | D20: DISJUNTOR DE ENTRADA | O20: Disjuntor C.M. | P20: 3007.546 | Q20: =P20*0.746 -> 2243.6293 | S20: =IF(O20="","",IF(O20="NA","",IF(O20="Mini disjuntor + DR",0.92,IF(O20="Mini disjuntor",0.92,IF(O20="Disjuntor Motor",0.92,IF(O20="Disjuntor C.M.",0.92,IF(O20="Disjuntor C.A.",0.92,IFERROR(VLOOKUP('Lista de Cargas'!P20,Motores!$B$9:$T$48,19,FALSE),"Erro")))))))) -> 0.92 | T20: =IF(O20="","",IF(O20="NA","",IF(O20="Mini disjuntor + DR",100%,IF(O20="Mini disjuntor",100%,IF(O20="Disjuntor Motor",0.92,IF(O20="Disjuntor C.M.",100%,IF(O20="Disjuntor C.A.",100%,IFERROR(VLOOKUP('Lista de Cargas'!P20,Motores!$B$9:$T$48,16,FALSE)/100,"Erro")))))))) -> 1 | U20: Trifásico | V20: 440 | W20: =IFERROR(IF(U20=$U$344,(P20*746)/(SQRT(3)*S20*T20*V20),(P20*746)/(S20*T20*V20)),0) -> 3200 | X20: =IFERROR(Q20/S20,0) -> 2438.7275 | Y20: =IFERROR(IF(O20=$O$344,6*W20,IF(O20=$O$345,6*W20,IF(O20=$O$346,3*W20,IF(O20=$O$347,1.5*W20,W20)))),0) -> 3200 | AB20: 20 | AG20: =SUM(AB20:AF20) -> 20 | AH20: 21 | AI20: 240mm² - 0,6/1kV - PT - EPR - 90ºC - Cobre | AJ20: =$AG20*AH20*(1+$BJ$1) -> 420 | AK20: 0 | AL20: NA | AN20: 4 | AO20: 240mm² - 0,6/1kV - VD - EPR - 90ºC - Cobre | AP20: =$AG20*AN20*(1+$BJ$1) -> 80 | AQ20: NA | AS20: 1
A21: SE-02 | B21: QGBT-3 | C21: DCT-401 | D21: DECANTER N°1 (FASE 1) | O21: Disjuntor C.M. | P21: 234.96453 | Q21: =P21*0.746 -> 175.28354 | S21: =IF(O21="","",IF(O21="NA","",IF(O21="Mini disjuntor + DR",0.92,IF(O21="Mini disjuntor",0.92,IF(O21="Disjuntor Motor",0.92,IF(O21="Disjuntor C.M.",0.92,IF(O21="Disjuntor C.A.",0.92,IFERROR(VLOOKUP('Lista de Cargas'!P21,Motores!$B$9:$T$48,19,FALSE),"Erro")))))))) -> 0.92 | T21: =IF(O21="","",IF(O21="NA","",IF(O21="Mini disjuntor + DR",100%,IF(O21="Mini disjuntor",100%,IF(O21="Disjuntor Motor",0.92,IF(O21="Disjuntor C.M.",100%,IF(O21="Disjuntor C.A.",100%,IFERROR(VLOOKUP('Lista de Cargas'!P21,Motores!$B$9:$T$48,16,FALSE)/100,"Erro")))))))) -> 1 | U21: Trifásico | V21: 440 | W21: =IFERROR(IF(U21=$U$344,(P21*746)/(SQRT(3)*S21*T21*V21),(P21*746)/(S21*T21*V21)),0) -> 250 | X21: =IFERROR(Q21/S21,0) -> 190.52559 | Y21: =IFERROR(IF(O21=$O$344,6*W21,IF(O21=$O$345,6*W21,IF(O21=$O$346,3*W21,IF(O21=$O$347,1.5*W21,W21)))),0) -> 250 | AB21: 20 | AG21: =SUM(AB21:AF21) -> 20 | AH21: 3 | AI21: 70mm² - 0,6/1kV - PT - EPR - 90ºC - Cobre | AJ21: =$AG21*AH21*(1+$BJ$1) -> 60 | AK21: 0 | AL21: NA | AN21: 1 | AO21: 35mm² - 0,6/1kV - VD - EPR - 90ºC - Cobre | AP21: =$AG21*AN21*(1+$BJ$1) -> 20 | AQ21: NA | AS21: 1
A22: SE-02 | B22: QGBT-3 | C22: DCT-402 | D22: DECANTER N°2 (FASE 1) | O22: Disjuntor C.M. | P22: 234.96453 | Q22: =P22*0.746 -> 175.28354 | S22: =IF(O22="","",IF(O22="NA","",IF(O22="Mini disjuntor + DR",0.92,IF(O22="Mini disjuntor",0.92,IF(O22="Disjuntor Motor",0.92,IF(O22="Disjuntor C.M.",0.92,IF(O22="Disjuntor C.A.",0.92,IFERROR(VLOOKUP('Lista de Cargas'!P22,Motores!$B$9:$T$48,19,FALSE),"Erro")))))))) -> 0.92 | T22: =IF(O22="","",IF(O22="NA","",IF(O22="Mini disjuntor + DR",100%,IF(O22="Mini disjuntor",100%,IF(O22="Disjuntor Motor",0.92,IF(O22="Disjuntor C.M.",100%,IF(O22="Disjuntor C.A.",100%,IFERROR(VLOOKUP('Lista de Cargas'!P22,Motores!$B$9:$T$48,16,FALSE)/100,"Erro")))))))) -> 1 | U22: Trifásico | V22: 440 | W22: =IFERROR(IF(U22=$U$344,(P22*746)/(SQRT(3)*S22*T22*V22),(P22*746)/(S22*T22*V22)),0) -> 250 | X22: =IFERROR(Q22/S22,0) -> 190.52559 | Y22: =IFERROR(IF(O22=$O$344,6*W22,IF(O22=$O$345,6*W22,IF(O22=$O$346,3*W22,IF(O22=$O$347,1.5*W22,W22)))),0) -> 250 | AB22: 20 | AG22: =SUM(AB22:AF22) -> 20 | AH22: 3 | AI22: 70mm² - 0,6/1kV - PT - EPR - 90ºC - Cobre | AJ22: =$AG22*AH22*(1+$BJ$1) -> 60 | AK22: 0 | AL22: NA | AN22: 1 | AO22: 35mm² - 0,6/1kV - VD - EPR - 90ºC - Cobre | AP22: =$AG22*AN22*(1+$BJ$1) -> 20 | AQ22: NA | AS22: 1
A23: SE-02 | B23: QGBT-3 | C23: DCT-403 | D23: DECANTER N°3 (FASE 1) | O23: Disjuntor C.M. | P23: 234.96453 | Q23: =P23*0.746 -> 175.28354 | S23: =IF(O23="","",IF(O23="NA","",IF(O23="Mini disjuntor + DR",0.92,IF(O23="Mini disjuntor",0.92,IF(O23="Disjuntor Motor",0.92,IF(O23="Disjuntor C.M.",0.92,IF(O23="Disjuntor C.A.",0.92,IFERROR(VLOOKUP('Lista de Cargas'!P23,Motores!$B$9:$T$48,19,FALSE),"Erro")))))))) -> 0.92 | T23: =IF(O23="","",IF(O23="NA","",IF(O23="Mini disjuntor + DR",100%,IF(O23="Mini disjuntor",100%,IF(O23="Disjuntor Motor",0.92,IF(O23="Disjuntor C.M.",100%,IF(O23="Disjuntor C.A.",100%,IFERROR(VLOOKUP('Lista de Cargas'!P23,Motores!$B$9:$T$48,16,FALSE)/100,"Erro")))))))) -> 1 | U23: Trifásico | V23: 440 | W23: =IFERROR(IF(U23=$U$344,(P23*746)/(SQRT(3)*S23*T23*V23),(P23*746)/(S23*T23*V23)),0) -> 250 | X23: =IFERROR(Q23/S23,0) -> 190.52559 | Y23: =IFERROR(IF(O23=$O$344,6*W23,IF(O23=$O$345,6*W23,IF(O23=$O$346,3*W23,IF(O23=$O$347,1.5*W23,W23)))),0) -> 250 | AB23: 20 | AG23: =SUM(AB23:AF23) -> 20 | AH23: 3 | AI23: 70mm² - 0,6/1kV - PT - EPR - 90ºC - Cobre | AJ23: =$AG23*AH23*(1+$BJ$1) -> 60 | AK23: 0 | AL23: NA | AN23: 1 | AO23: 35mm² - 0,6/1kV - VD - EPR - 90ºC - Cobre | AP23: =$AG23*AN23*(1+$BJ$1) -> 20 | AQ23: NA | AS23: 1
A24: SE-02 | B24: QGBT-3 | C24: DCT-401 | D24: DECANTER N°4 (FASE 1) | O24: Disjuntor C.M. | P24: 234.96453 | Q24: =P24*0.746 -> 175.28354 | S24: =IF(O24="","",IF(O24="NA","",IF(O24="Mini disjuntor + DR",0.92,IF(O24="Mini disjuntor",0.92,IF(O24="Disjuntor Motor",0.92,IF(O24="Disjuntor C.M.",0.92,IF(O24="Disjuntor C.A.",0.92,IFERROR(VLOOKUP('Lista de Cargas'!P24,Motores!$B$9:$T$48,19,FALSE),"Erro")))))))) -> 0.92 | T24: =IF(O24="","",IF(O24="NA","",IF(O24="Mini disjuntor + DR",100%,IF(O24="Mini disjuntor",100%,IF(O24="Disjuntor Motor",0.92,IF(O24="Disjuntor C.M.",100%,IF(O24="Disjuntor C.A.",100%,IFERROR(VLOOKUP('Lista de Cargas'!P24,Motores!$B$9:$T$48,16,FALSE)/100,"Erro")))))))) -> 1 | U24: Trifásico | V24: 440 | W24: =IFERROR(IF(U24=$U$344,(P24*746)/(SQRT(3)*S24*T24*V24),(P24*746)/(S24*T24*V24)),0) -> 250 | X24: =IFERROR(Q24/S24,0) -> 190.52559 | Y24: =IFERROR(IF(O24=$O$344,6*W24,IF(O24=$O$345,6*W24,IF(O24=$O$346,3*W24,IF(O24=$O$347,1.5*W24,W24)))),0) -> 250 | AB24: 20 | AG24: =SUM(AB24:AF24) -> 20 | AH24: 3 | AI24: 70mm² - 0,6/1kV - PT - EPR - 90ºC - Cobre | AJ24: =$AG24*AH24*(1+$BJ$1) -> 60 | AK24: 0 | AL24: NA | AN24: 1 | AO24: 35mm² - 0,6/1kV - VD - EPR - 90ºC - Cobre | AP24: =$AG24*AN24*(1+$BJ$1) -> 20 | AQ24: NA | AS24: 1
A25: SE-02 | B25: QGBT-3 | C25: CHL-401 | D25: CHILLER N°1 (FASE 1) | O25: Disjuntor C.M. | P25: 25.470155 | Q25: =P25*0.746 -> 19.000736 | S25: =IF(O25="","",IF(O25="NA","",IF(O25="Mini disjuntor + DR",0.92,IF(O25="Mini disjuntor",0.92,IF(O25="Disjuntor Motor",0.92,IF(O25="Disjuntor C.M.",0.92,IF(O25="Disjuntor C.A.",0.92,IFERROR(VLOOKUP('Lista de Cargas'!P25,Motores!$B$9:$T$48,19,FALSE),"Erro")))))))) -> 0.92 | T25: =IF(O25="","",IF(O25="NA","",IF(O25="Mini disjuntor + DR",100%,IF(O25="Mini disjuntor",100%,IF(O25="Disjuntor Motor",0.92,IF(O25="Disjuntor C.M.",100%,IF(O25="Disjuntor C.A.",100%,IFERROR(VLOOKUP('Lista de Cargas'!P25,Motores!$B$9:$T$48,16,FALSE)/100,"Erro")))))))) -> 1 | U25: Trifásico | V25: 440 | W25: =IFERROR(IF(U25=$U$344,(P25*746)/(SQRT(3)*S25*T25*V25),(P25*746)/(S25*T25*V25)),0) -> 27.1 | X25: =IFERROR(Q25/S25,0) -> 20.652974 | Y25: =IFERROR(IF(O25=$O$344,6*W25,IF(O25=$O$345,6*W25,IF(O25=$O$346,3*W25,IF(O25=$O$347,1.5*W25,W25)))),0) -> 27.1 | AB25: 20 | AG25: =SUM(AB25:AF25) -> 20 | AH25: 1 | AI25: PP 4 x 2,5mm² - 0,6/1kV - EPR - 90ºC - Cobre | AJ25: =$AG25*AH25*(1+$BJ$1) -> 20 | AK25: 0 | AL25: NA | AN25: 0 | AP25: =$AG25*AN25*(1+$BJ$1) -> 0 | AQ25: NA | AS25: 1
A26: SE-02 | B26: QGBT-3 | C26: CHL-402 | D26: CHILLER N°2 (FASE 1) | O26: Disjuntor C.M. | P26: 25.470155 | Q26: =P26*0.746 -> 19.000736 | S26: =IF(O26="","",IF(O26="NA","",IF(O26="Mini disjuntor + DR",0.92,IF(O26="Mini disjuntor",0.92,IF(O26="Disjuntor Motor",0.92,IF(O26="Disjuntor C.M.",0.92,IF(O26="Disjuntor C.A.",0.92,IFERROR(VLOOKUP('Lista de Cargas'!P26,Motores!$B$9:$T$48,19,FALSE),"Erro")))))))) -> 0.92 | T26: =IF(O26="","",IF(O26="NA","",IF(O26="Mini disjuntor + DR",100%,IF(O26="Mini disjuntor",100%,IF(O26="Disjuntor Motor",0.92,IF(O26="Disjuntor C.M.",100%,IF(O26="Disjuntor C.A.",100%,IFERROR(VLOOKUP('Lista de Cargas'!P26,Motores!$B$9:$T$48,16,FALSE)/100,"Erro")))))))) -> 1 | U26: Trifásico | V26: 440 | W26: =IFERROR(IF(U26=$U$344,(P26*746)/(SQRT(3)*S26*T26*V26),(P26*746)/(S26*T26*V26)),0) -> 27.1 | X26: =IFERROR(Q26/S26,0) -> 20.652974 | Y26: =IFERROR(IF(O26=$O$344,6*W26,IF(O26=$O$345,6*W26,IF(O26=$O$346,3*W26,IF(O26=$O$347,1.5*W26,W26)))),0) -> 27.1 | AB26: 20 | AG26: =SUM(AB26:AF26) -> 20 | AH26: 1 | AI26: PP 4 x 2,5mm² - 0,6/1kV - EPR - 90ºC - Cobre | AJ26: =$AG26*AH26*(1+$BJ$1) -> 20 | AK26: 0 | AL26: NA | AN26: 0 | AO26: NA | AP26: =$AG26*AN26*(1+$BJ$1) -> 0 | AQ26: NA | AS26: 1
A27: SE-02 | B27: QGBT-3 | C27: CHL-403 | D27: CHILLER N°3 (FASE 1) | O27: Disjuntor C.M. | P27: 25.470155 | Q27: =P27*0.746 -> 19.000736 | S27: =IF(O27="","",IF(O27="NA","",IF(O27="Mini disjuntor + DR",0.92,IF(O27="Mini disjuntor",0.92,IF(O27="Disjuntor Motor",0.92,IF(O27="Disjuntor C.M.",0.92,IF(O27="Disjuntor C.A.",0.92,IFERROR(VLOOKUP('Lista de Cargas'!P27,Motores!$B$9:$T$48,19,FALSE),"Erro")))))))) -> 0.92 | T27: =IF(O27="","",IF(O27="NA","",IF(O27="Mini disjuntor + DR",100%,IF(O27="Mini disjuntor",100%,IF(O27="Disjuntor Motor",0.92,IF(O27="Disjuntor C.M.",100%,IF(O27="Disjuntor C.A.",100%,IFERROR(VLOOKUP('Lista de Cargas'!P27,Motores!$B$9:$T$48,16,FALSE)/100,"Erro")))))))) -> 1 | U27: Trifásico | V27: 440 | W27: =IFERROR(IF(U27=$U$344,(P27*746)/(SQRT(3)*S27*T27*V27),(P27*746)/(S27*T27*V27)),0) -> 27.1 | X27: =IFERROR(Q27/S27,0) -> 20.652974 | Y27: =IFERROR(IF(O27=$O$344,6*W27,IF(O27=$O$345,6*W27,IF(O27=$O$346,3*W27,IF(O27=$O$347,1.5*W27,W27)))),0) -> 27.1 | AB27: 20 | AG27: =SUM(AB27:AF27) -> 20 | AH27: 1 | AI27: PP 4 x 2,5mm² - 0,6/1kV - EPR - 90ºC - Cobre | AJ27: =$AG27*AH27*(1+$BJ$1) -> 20 | AK27: 0 | AL27: NA | AN27: 0 | AO27: NA | AP27: =$AG27*AN27*(1+$BJ$1) -> 0 | AQ27: NA | AS27: 1
A28: SE-02 | B28: QGBT-3 | C28: RFD-401 | D28: RESFRIADOR DDGS (FASE1) | O28: Disjuntor C.M. | P28: 301.69446 | Q28: =P28*0.746 -> 225.06407 | S28: =IF(O28="","",IF(O28="NA","",IF(O28="Mini disjuntor + DR",0.92,IF(O28="Mini disjuntor",0.92,IF(O28="Disjuntor Motor",0.92,IF(O28="Disjuntor C.M.",0.92,IF(O28="Disjuntor C.A.",0.92,IFERROR(VLOOKUP('Lista de Cargas'!P28,Motores!$B$9:$T$48,19,FALSE),"Erro")))))))) -> 0.92 | T28: =IF(O28="","",IF(O28="NA","",IF(O28="Mini disjuntor + DR",100%,IF(O28="Mini disjuntor",100%,IF(O28="Disjuntor Motor",0.92,IF(O28="Disjuntor C.M.",100%,IF(O28="Disjuntor C.A.",100%,IFERROR(VLOOKUP('Lista de Cargas'!P28,Motores!$B$9:$T$48,16,FALSE)/100,"Erro")))))))) -> 1 | U28: Trifásico | V28: 440 | W28: =IFERROR(IF(U28=$U$344,(P28*746)/(SQRT(3)*S28*T28*V28),(P28*746)/(S28*T28*V28)),0) -> 321 | X28: =IFERROR(Q28/S28,0) -> 244.63486 | Y28: =IFERROR(IF(O28=$O$344,6*W28,IF(O28=$O$345,6*W28,IF(O28=$O$346,3*W28,IF(O28=$O$347,1.5*W28,W28)))),0) -> 321 | AB28: 20 | AG28: =SUM(AB28:AF28) -> 20 | AH28: 3 | AI28: 95mm² - 0,6/1kV - PT - EPR - 90ºC - Cobre | AJ28: =$AG28*AH28*(1+$BJ$1) -> 60 | AK28: 0 | AL28: NA | AN28: 1 | AO28: 50mm² - 0,6/1kV - VD - EPR - 90ºC - Cobre | AP28: =$AG28*AN28*(1+$BJ$1) -> 20 | AQ28: NA | AS28: 1
A29: SE-02 | B29: QGBT-3 | C29: PRO-4001, 4002, 4003 | D29: PONTE ROLANTE | O29: Disjuntor C.M. | P29: 34.304822 | Q29: =P29*0.746 -> 25.591397 | S29: =IF(O29="","",IF(O29="NA","",IF(O29="Mini disjuntor + DR",0.92,IF(O29="Mini disjuntor",0.92,IF(O29="Disjuntor Motor",0.92,IF(O29="Disjuntor C.M.",0.92,IF(O29="Disjuntor C.A.",0.92,IFERROR(VLOOKUP('Lista de Cargas'!P29,Motores!$B$9:$T$48,19,FALSE),"Erro")))))))) -> 0.92 | T29: =IF(O29="","",IF(O29="NA","",IF(O29="Mini disjuntor + DR",100%,IF(O29="Mini disjuntor",100%,IF(O29="Disjuntor Motor",0.92,IF(O29="Disjuntor C.M.",100%,IF(O29="Disjuntor C.A.",100%,IFERROR(VLOOKUP('Lista de Cargas'!P29,Motores!$B$9:$T$48,16,FALSE)/100,"Erro")))))))) -> 1 | U29: Trifásico | V29: 440 | W29: =IFERROR(IF(U29=$U$344,(P29*746)/(SQRT(3)*S29*T29*V29),(P29*746)/(S29*T29*V29)),0) -> 36.5 | X29: =IFERROR(Q29/S29,0) -> 27.816736 | Y29: =IFERROR(IF(O29=$O$344,6*W29,IF(O29=$O$345,6*W29,IF(O29=$O$346,3*W29,IF(O29=$O$347,1.5*W29,W29)))),0) -> 36.5 | AB29: 100 | AG29: =SUM(AB29:AF29) -> 100 | AH29: 1 | AI29: PP 4 x 10mm² - 0,6/1kV - EPR - 90ºC - Cobre | AJ29: =$AG29*AH29*(1+$BJ$1) -> 100 | AK29: 0 | AL29: NA | AN29: 0 | AO29: NA | AP29: =$AG29*AN29*(1+$BJ$1) -> 0 | AQ29: NA | AS29: 1
A30: SE-02 | B30: QGBT-3 | C30: TRF-001 | D30: TRANSFORMADOR DE 150 kVA | O30: Disjuntor C.M. | P30: 185.19905 | Q30: =P30*0.746 -> 138.15849 | S30: =IF(O30="","",IF(O30="NA","",IF(O30="Mini disjuntor + DR",0.92,IF(O30="Mini disjuntor",0.92,IF(O30="Disjuntor Motor",0.92,IF(O30="Disjuntor C.M.",0.92,IF(O30="Disjuntor C.A.",0.92,IFERROR(VLOOKUP('Lista de Cargas'!P30,Motores!$B$9:$T$48,19,FALSE),"Erro")))))))) -> 0.92 | T30: =IF(O30="","",IF(O30="NA","",IF(O30="Mini disjuntor + DR",100%,IF(O30="Mini disjuntor",100%,IF(O30="Disjuntor Motor",0.92,IF(O30="Disjuntor C.M.",100%,IF(O30="Disjuntor C.A.",100%,IFERROR(VLOOKUP('Lista de Cargas'!P30,Motores!$B$9:$T$48,16,FALSE)/100,"Erro")))))))) -> 1 | U30: Trifásico | V30: 440 | W30: =IFERROR(IF(U30=$U$344,(P30*746)/(SQRT(3)*S30*T30*V30),(P30*746)/(S30*T30*V30)),0) -> 197.05 | X30: =IFERROR(Q30/S30,0) -> 150.17227 | Y30: =IFERROR(IF(O30=$O$344,6*W30,IF(O30=$O$345,6*W30,IF(O30=$O$346,3*W30,IF(O30=$O$347,1.5*W30,W30)))),0) -> 197.05 | AB30: 20 | AG30: =SUM(AB30:AF30) -> 20 | AH30: 3 | AI30: 50mm² - 0,6/1kV - PT - EPR - 90ºC - Cobre | AJ30: =$AG30*AH30*(1+$BJ$1) -> 60 | AK30: 0 | AL30: NA | AN30: 1 | AO30: 25mm² - 0,6/1kV - VD - EPR - 90ºC - Cobre | AP30: =$AG30*AN30*(1+$BJ$1) -> 20 | AQ30: NA | AS30: 1
A31: SE-02 | B31: QGBT-3 | C31: PRT001-06 | D31: BANCO DE CAPACITORES QGBT-3 - TRANSFORMADOR N°3 | O31: Disjuntor C.M. | P31: 925.94823 | Q31: =P31*0.746 -> 690.75738 | S31: =IF(O31="","",IF(O31="NA","",IF(O31="Mini disjuntor + DR",0.92,IF(O31="Mini disjuntor",0.92,IF(O31="Disjuntor Motor",0.92,IF(O31="Disjuntor C.M.",0.92,IF(O31="Disjuntor C.A.",0.92,IFERROR(VLOOKUP('Lista de Cargas'!P31,Motores!$B$9:$T$48,19,FALSE),"Erro")))))))) -> 0.92 | T31: =IF(O31="","",IF(O31="NA","",IF(O31="Mini disjuntor + DR",100%,IF(O31="Mini disjuntor",100%,IF(O31="Disjuntor Motor",0.92,IF(O31="Disjuntor C.M.",100%,IF(O31="Disjuntor C.A.",100%,IFERROR(VLOOKUP('Lista de Cargas'!P31,Motores!$B$9:$T$48,16,FALSE)/100,"Erro")))))))) -> 1 | U31: Trifásico | V31: 440 | W31: =IFERROR(IF(U31=$U$344,(P31*746)/(SQRT(3)*S31*T31*V31),(P31*746)/(S31*T31*V31)),0) -> 985.2 | X31: =IFERROR(Q31/S31,0) -> 750.82324 | Y31: =IFERROR(IF(O31=$O$344,6*W31,IF(O31=$O$345,6*W31,IF(O31=$O$346,3*W31,IF(O31=$O$347,1.5*W31,W31)))),0) -> 985.2 | AB31: 20 | AG31: =SUM(AB31:AF31) -> 20 | AH31: 6 | AI31: 240mm² - 0,6/1kV - PT - EPR - 90ºC - Cobre | AJ31: =$AG31*AH31*(1+$BJ$1) -> 120 | AK31: 0 | AL31: NA | AN31: 1 | AO31: 240mm² - 0,6/1kV - VD - EPR - 90ºC - Cobre | AP31: =$AG31*AN31*(1+$BJ$1) -> 20 | AQ31: NA | AS31: 1
A32: SE-03 | B32: QGBT-4 | C32: Q0 | D32: DISJUNTOR DE ENTRADA | O32: Disjuntor C.A. | P32: 3007.546 | Q32: =P32*0.746 -> 2243.6293 | S32: =IF(O32="","",IF(O32="NA","",IF(O32="Mini disjuntor + DR",0.92,IF(O32="Mini disjuntor",0.92,IF(O32="Disjuntor Motor",0.92,IF(O32="Disjuntor C.M.",0.92,IF(O32="Disjuntor C.A.",0.92,IFERROR(VLOOKUP('Lista de Cargas'!P32,Motores!$B$9:$T$48,19,FALSE),"Erro")))))))) -> 0.92 | T32: =IF(O32="","",IF(O32="NA","",IF(O32="Mini disjuntor + DR",100%,IF(O32="Mini disjuntor",100%,IF(O32="Disjuntor Motor",0.92,IF(O32="Disjuntor C.M.",100%,IF(O32="Disjuntor C.A.",100%,IFERROR(VLOOKUP('Lista de Cargas'!P32,Motores!$B$9:$T$48,16,FALSE)/100,"Erro")))))))) -> 1 | U32: Trifásico | V32: 440 | W32: =IFERROR(IF(U32=$U$344,(P32*746)/(SQRT(3)*S32*T32*V32),(P32*746)/(S32*T32*V32)),0) -> 3200 | X32: =IFERROR(Q32/S32,0) -> 2438.7275 | Y32: =IFERROR(IF(O32=$O$344,6*W32,IF(O32=$O$345,6*W32,IF(O32=$O$346,3*W32,IF(O32=$O$347,1.5*W32,W32)))),0) -> 3200 | AB32: 20 | AG32: =SUM(AB32:AF32) -> 20 | AH32: 21 | AI32: 240mm² - 0,6/1kV - PT - EPR - 90ºC - Cobre | AJ32: =$AG32*AH32*(1+$BJ$1) -> 420 | AK32: 0 | AL32: NA | AN32: 4 | AO32: 240mm² - 0,6/1kV - VD - EPR - 90ºC - Cobre | AP32: =$AG32*AN32*(1+$BJ$1) -> 80 | AQ32: NA | AS32: 1
A33: SE-03 | B33: QGBT-4 | C33: PRM-201 | D33: PRÉ-MASHER | O33: Disjuntor C.M. | P33: 141.16669 | Q33: =P33*0.746 -> 105.31035 | S33: =IF(O33="","",IF(O33="NA","",IF(O33="Mini disjuntor + DR",0.92,IF(O33="Mini disjuntor",0.92,IF(O33="Disjuntor Motor",0.92,IF(O33="Disjuntor C.M.",0.92,IF(O33="Disjuntor C.A.",0.92,IFERROR(VLOOKUP('Lista de Cargas'!P33,Motores!$B$9:$T$48,19,FALSE),"Erro")))))))) -> 0.92 | T33: =IF(O33="","",IF(O33="NA","",IF(O33="Mini disjuntor + DR",100%,IF(O33="Mini disjuntor",100%,IF(O33="Disjuntor Motor",0.92,IF(O33="Disjuntor C.M.",100%,IF(O33="Disjuntor C.A.",100%,IFERROR(VLOOKUP('Lista de Cargas'!P33,Motores!$B$9:$T$48,16,FALSE)/100,"Erro")))))))) -> 1 | U33: Trifásico | V33: 440 | W33: =IFERROR(IF(U33=$U$344,(P33*746)/(SQRT(3)*S33*T33*V33),(P33*746)/(S33*T33*V33)),0) -> 150.2 | X33: =IFERROR(Q33/S33,0) -> 114.46777 | Y33: =IFERROR(IF(O33=$O$344,6*W33,IF(O33=$O$345,6*W33,IF(O33=$O$346,3*W33,IF(O33=$O$347,1.5*W33,W33)))),0) -> 150.2 | AB33: 20 | AG33: =SUM(AB33:AF33) -> 20 | AH33: 3 | AI33: 35mm² - 0,6/1kV - PT - EPR - 90ºC - Cobre | AJ33: =$AG33*AH33*(1+$BJ$1) -> 60 | AK33: 0 | AL33: NA | AN33: 1 | AO33: 25mm² - 0,6/1kV - VD - EPR - 90ºC - Cobre | AP33: =$AG33*AN33*(1+$BJ$1) -> 20 | AQ33: NA | AS33: 1
A34: SE-03 | B34: QGBT-4 | C34: PRT001-13 | D34: CCM 3.1 - ÁREA 200 | O34: Disjuntor C.M. | P34: 273.02879 | Q34: =P34*0.746 -> 203.67948 | S34: =IF(O34="","",IF(O34="NA","",IF(O34="Mini disjuntor + DR",0.92,IF(O34="Mini disjuntor",0.92,IF(O34="Disjuntor Motor",0.92,IF(O34="Disjuntor C.M.",0.92,IF(O34="Disjuntor C.A.",0.92,IFERROR(VLOOKUP('Lista de Cargas'!P34,Motores!$B$9:$T$48,19,FALSE),"Erro")))))))) -> 0.92 | T34: =IF(O34="","",IF(O34="NA","",IF(O34="Mini disjuntor + DR",100%,IF(O34="Mini disjuntor",100%,IF(O34="Disjuntor Motor",0.92,IF(O34="Disjuntor C.M.",100%,IF(O34="Disjuntor C.A.",100%,IFERROR(VLOOKUP('Lista de Cargas'!P34,Motores!$B$9:$T$48,16,FALSE)/100,"Erro")))))))) -> 1 | U34: Trifásico | V34: 440 | W34: =IFERROR(IF(U34=$U$344,(P34*746)/(SQRT(3)*S34*T34*V34),(P34*746)/(S34*T34*V34)),0) -> 290.5 | X34: =IFERROR(Q34/S34,0) -> 221.39073 | Y34: =IFERROR(IF(O34=$O$344,6*W34,IF(O34=$O$345,6*W34,IF(O34=$O$346,3*W34,IF(O34=$O$347,1.5*W34,W34)))),0) -> 290.5 | AB34: 20 | AG34: =SUM(AB34:AF34) -> 20 | AH34: 3 | AI34: 95mm² - 0,6/1kV - PT - EPR - 90ºC - Cobre | AJ34: =$AG34*AH34*(1+$BJ$1) -> 60 | AK34: 0 | AL34: NA | AN34: 1 | AO34: 50mm² - 0,6/1kV - VD - EPR - 90ºC - Cobre | AP34: =$AG34*AN34*(1+$BJ$1) -> 20 | AQ34: NA | AS34: 1
A35: SE-03 | B35: QGBT-4 | C35: PRT001-14 | D35: CCM 3.2 - ÁREA 300 | O35: Disjuntor C.M. | P35: 1748.2301 | Q35: =P35*0.746 -> 1304.1797 | S35: =IF(O35="","",IF(O35="NA","",IF(O35="Mini disjuntor + DR",0.92,IF(O35="Mini disjuntor",0.92,IF(O35="Disjuntor Motor",0.92,IF(O35="Disjuntor C.M.",0.92,IF(O35="Disjuntor C.A.",0.92,IFERROR(VLOOKUP('Lista de Cargas'!P35,Motores!$B$9:$T$48,19,FALSE),"Erro")))))))) -> 0.92 | T35: =IF(O35="","",IF(O35="NA","",IF(O35="Mini disjuntor + DR",100%,IF(O35="Mini disjuntor",100%,IF(O35="Disjuntor Motor",0.92,IF(O35="Disjuntor C.M.",100%,IF(O35="Disjuntor C.A.",100%,IFERROR(VLOOKUP('Lista de Cargas'!P35,Motores!$B$9:$T$48,16,FALSE)/100,"Erro")))))))) -> 1 | U35: Trifásico | V35: 440 | W35: =IFERROR(IF(U35=$U$344,(P35*746)/(SQRT(3)*S35*T35*V35),(P35*746)/(S35*T35*V35)),0) -> 1860.1 | X35: =IFERROR(Q35/S35,0) -> 1417.5866 | Y35: =IFERROR(IF(O35=$O$344,6*W35,IF(O35=$O$345,6*W35,IF(O35=$O$346,3*W35,IF(O35=$O$347,1.5*W35,W35)))),0) -> 1860.1 | AB35: 20 | AG35: =SUM(AB35:AF35) -> 20 | AH35: 12 | AI35: 240mm² - 0,6/1kV - PT - EPR - 90ºC - Cobre | AJ35: =$AG35*AH35*(1+$BJ$1) -> 240 | AK35: 0 | AL35: NA | AN35: 2 | AO35: 240mm² - 0,6/1kV - VD - EPR - 90ºC - Cobre | AP35: =$AG35*AN35*(1+$BJ$1) -> 40 | AQ35: NA | AS35: 1
A36: SE-03 | B36: QGBT-4 | C36: PRT001-15 | D36: CCM 3.3 - ÁREA 700 | O36: Disjuntor C.M. | P36: 127.16281 | Q36: =P36*0.746 -> 94.863453 | S36: =IF(O36="","",IF(O36="NA","",IF(O36="Mini disjuntor + DR",0.92,IF(O36="Mini disjuntor",0.92,IF(O36="Disjuntor Motor",0.92,IF(O36="Disjuntor C.M.",0.92,IF(O36="Disjuntor C.A.",0.92,IFERROR(VLOOKUP('Lista de Cargas'!P36,Motores!$B$9:$T$48,19,FALSE),"Erro")))))))) -> 0.92 | T36: =IF(O36="","",IF(O36="NA","",IF(O36="Mini disjuntor + DR",100%,IF(O36="Mini disjuntor",100%,IF(O36="Disjuntor Motor",0.92,IF(O36="Disjuntor C.M.",100%,IF(O36="Disjuntor C.A.",100%,IFERROR(VLOOKUP('Lista de Cargas'!P36,Motores!$B$9:$T$48,16,FALSE)/100,"Erro")))))))) -> 1 | U36: Trifásico | V36: 440 | W36: =IFERROR(IF(U36=$U$344,(P36*746)/(SQRT(3)*S36*T36*V36),(P36*746)/(S36*T36*V36)),0) -> 135.3 | X36: =IFERROR(Q36/S36,0) -> 103.11245 | Y36: =IFERROR(IF(O36=$O$344,6*W36,IF(O36=$O$345,6*W36,IF(O36=$O$346,3*W36,IF(O36=$O$347,1.5*W36,W36)))),0) -> 135.3 | AB36: 20 | AG36: =SUM(AB36:AF36) -> 20 | AH36: 1 | AI36: PP 4 x 25mm² - 0,6/1kV - EPR - 90ºC - Cobre | AJ36: =$AG36*AH36*(1+$BJ$1) -> 20 | AK36: 0 | AL36: NA | AN36: 0 | AO36: NA | AP36: =$AG36*AN36*(1+$BJ$1) -> 0 | AQ36: NA | AS36: 1
A37: SE-03 | B37: QGBT-4 | C37: PRO-3001, 3002, 3003 | D37: PONTE ROLANTE | O37: Disjuntor C.M. | P37: 34.304822 | Q37: =P37*0.746 -> 25.591397 | S37: =IF(O37="","",IF(O37="NA","",IF(O37="Mini disjuntor + DR",0.92,IF(O37="Mini disjuntor",0.92,IF(O37="Disjuntor Motor",0.92,IF(O37="Disjuntor C.M.",0.92,IF(O37="Disjuntor C.A.",0.92,IFERROR(VLOOKUP('Lista de Cargas'!P37,Motores!$B$9:$T$48,19,FALSE),"Erro")))))))) -> 0.92 | T37: =IF(O37="","",IF(O37="NA","",IF(O37="Mini disjuntor + DR",100%,IF(O37="Mini disjuntor",100%,IF(O37="Disjuntor Motor",0.92,IF(O37="Disjuntor C.M.",100%,IF(O37="Disjuntor C.A.",100%,IFERROR(VLOOKUP('Lista de Cargas'!P37,Motores!$B$9:$T$48,16,FALSE)/100,"Erro")))))))) -> 1 | U37: Trifásico | V37: 440 | W37: =IFERROR(IF(U37=$U$344,(P37*746)/(SQRT(3)*S37*T37*V37),(P37*746)/(S37*T37*V37)),0) -> 36.5 | X37: =IFERROR(Q37/S37,0) -> 27.816736 | Y37: =IFERROR(IF(O37=$O$344,6*W37,IF(O37=$O$345,6*W37,IF(O37=$O$346,3*W37,IF(O37=$O$347,1.5*W37,W37)))),0) -> 36.5 | AB37: 100 | AG37: =SUM(AB37:AF37) -> 100 | AH37: 1 | AI37: PP 4 x 10mm² - 0,6/1kV - EPR - 90ºC - Cobre | AJ37: =$AG37*AH37*(1+$BJ$1) -> 100 | AK37: 0 | AL37: NA | AN37: 0 | AO37: NA | AP37: =$AG37*AN37*(1+$BJ$1) -> 0 | AQ37: NA | AS37: 1
... A47: SE-03 | B47: QGBT-5 | C47: PRT001-08 | D47: BANCO DE CAPACITORES QGBT-5 - TRANSFORMADOR N°5 | O47: Disjuntor C.M. | P47: 925.94823 | Q47: =P47*0.746 -> 690.75738 | S47: =IF(O47="","",IF(O47="NA","",IF(O47="Mini disjuntor + DR",0.92,IF(O47="Mini disjuntor",0.92,IF(O47="Disjuntor Motor",0.92,IF(O47="Disjuntor C.M.",0.92,IF(O47="Disjuntor C.A.",0.92,IFERROR(VLOOKUP('Lista de Cargas'!P47,Motores!$B$9:$T$48,19,FALSE),"Erro")))))))) -> 0.92 | T47: =IF(O47="","",IF(O47="NA","",IF(O47="Mini disjuntor + DR",100%,IF(O47="Mini disjuntor",100%,IF(O47="Disjuntor Motor",0.92,IF(O47="Disjuntor C.M.",100%,IF(O47="Disjuntor C.A.",100%,IFERROR(VLOOKUP('Lista de Cargas'!P47,Motores!$B$9:$T$48,16,FALSE)/100,"Erro")))))))) -> 1 | U47: Trifásico | V47: 440 | W47: =IFERROR(IF(U47=$U$344,(P47*746)/(SQRT(3)*S47*T47*V47),(P47*746)/(S47*T47*V47)),0) -> 985.2 | X47: =IFERROR(Q47/S47,0) -> 750.82324 | Y47: =IFERROR(IF(O47=$O$344,6*W47,IF(O47=$O$345,6*W47,IF(O47=$O$346,3*W47,IF(O47=$O$347,1.5*W47,W47)))),0) -> 985.2 | AB47: 20 | AG47: =SUM(AB47:AF47) -> 20 | AH47: 6 | AI47: 240mm² - 0,6/1kV - PT - EPR - 90ºC - Cobre | AJ47: =$AG47*AH47*(1+$BJ$1) -> 120 | AK47: 0 | AL47: NA | AN47: 1 | AO47: 240mm² - 0,6/1kV - VD - EPR - 90ºC - Cobre | AP47: =$AG47*AN47*(1+$BJ$1) -> 20 | AQ47: NA | AS47: 1
A48: 100 | B48: Moagem | C48: ECA-101 | D48: 084692 - ELEVADOR DE CANECA 16 POL 20 HP 22.500 MM ACO CARBONO | O48: Soft | P48: 20 | Q48: =P48*0.746 -> 14.92 | S48: =IF(O48="","",IF(O48="NA","",IF(O48="Mini disjuntor + DR",0.92,IF(O48="Mini disjuntor",0.92,IF(O48="Disjuntor Motor",0.92,IF(O48="Disjuntor C.M.",0.92,IF(O48="Disjuntor C.A.",0.92,IFERROR(VLOOKUP('Lista de Cargas'!P48,Motores!$B$9:$T$48,19,FALSE),"Erro")))))))) -> 0.81 | T48: =IF(O48="","",IF(O48="NA","",IF(O48="Mini disjuntor + DR",100%,IF(O48="Mini disjuntor",100%,IF(O48="Disjuntor Motor",0.92,IF(O48="Disjuntor C.M.",100%,IF(O48="Disjuntor C.A.",100%,IFERROR(VLOOKUP('Lista de Cargas'!P48,Motores!$B$9:$T$48,16,FALSE)/100,"Erro")))))))) -> 0.924 | U48: Trifásico | V48: 440 | W48: =IFERROR(IF(U48=$U$344,(P48*746)/(SQRT(3)*S48*T48*V48),(P48*746)/(S48*T48*V48)),0) -> 26.157638 | X48: =IFERROR(Q48/S48,0) -> 18.419753 | Y48: =IFERROR(IF(O48=$O$344,6*W48,IF(O48=$O$345,6*W48,IF(O48=$O$346,3*W48,IF(O48=$O$347,1.5*W48,W48)))),0) -> 78.472915 | AB48: 90 | AG48: =SUM(AB48:AF48) -> 90 | AH48: 1 | AI48: PP 4 x 6mm² - 0,6/1kV - EPR - 90ºC - Cobre | AJ48: =$AG48*AH48*(1+$BJ$1) -> 90 | AK48: 0 | AL48: NA | AM48: =$AG48*AK48*(1+$BJ$1) -> 0 | AN48: 0 | AO48: NA | AP48: =$AG48*AN48*(1+$BJ$1) -> 0 | AQ48: 132M/L | AR48: =IFERROR(VLOOKUP(AQ48,$O$368:$P$412,2,1),"NA") -> 1" | AS48: 1 | BF48: =IFERROR(IF(F48=$O$358,0,IF(S48>$BH$1,0,IF(O48=$O$347,0,SQRT((X48^2)-(Q48^2))-(SQRT(((Q48/$BH$1)^2)-(Q48^2)))))),0) -> 4.4460001
A49: 100 | B49: Moagem | C49: FCL-101 | D49: 036740 - FEED CLEANER 2.000MM C/ ACIONAMENTO POR REDUTOR | O49: Soft | P49: 15 | Q49: =P49*0.746 -> 11.19 | S49: =IF(O49="","",IF(O49="NA","",IF(O49="Mini disjuntor + DR",0.92,IF(O49="Mini disjuntor",0.92,IF(O49="Disjuntor Motor",0.92,IF(O49="Disjuntor C.M.",0.92,IF(O49="Disjuntor C.A.",0.92,IFERROR(VLOOKUP('Lista de Cargas'!P49,Motores!$B$9:$T$48,19,FALSE),"Erro")))))))) -> 0.85 | T49: =IF(O49="","",IF(O49="NA","",IF(O49="Mini disjuntor + DR",100%,IF(O49="Mini disjuntor",100%,IF(O49="Disjuntor Motor",0.92,IF(O49="Disjuntor C.M.",100%,IF(O49="Disjuntor C.A.",100%,IFERROR(VLOOKUP('Lista de Cargas'!P49,Motores!$B$9:$T$48,16,FALSE)/100,"Erro")))))))) -> 0.917 | U49: Trifásico | V49: 440 | W49: =IFERROR(IF(U49=$U$344,(P49*746)/(SQRT(3)*S49*T49*V49),(P49*746)/(S49*T49*V49)),0) -> 18.837728 | X49: =IFERROR(Q49/S49,0) -> 13.164706 | Y49: =IFERROR(IF(O49=$O$344,6*W49,IF(O49=$O$345,6*W49,IF(O49=$O$346,3*W49,IF(O49=$O$347,1.5*W49,W49)))),0) -> 56.513184 | AB49: 90 | AG49: =SUM(AB49:AF49) -> 90 | AH49: 1 | AI49: PP 4 x 4mm² - 0,6/1kV - EPR - 90ºC - Cobre | AJ49: =$AG49*AH49*(1+$BJ$1) -> 90 | AK49: 0 | AL49: NA | AM49: =$AG49*AK49*(1+$BJ$1) -> 0 | AN49: 0 | AO49: NA | AP49: =$AG49*AN49*(1+$BJ$1) -> 0 | AQ49: 100L | AR49: =IFERROR(VLOOKUP(AQ49,$O$368:$P$412,2,1),"NA") -> 3/4" | AS49: 1 | BF49: =IFERROR(IF(F49=$O$358,0,IF(S49>$BH$1,0,IF(O49=$O$347,0,SQRT((X49^2)-(Q49^2))-(SQRT(((Q49/$BH$1)^2)-(Q49^2)))))),0) -> 2.1680191
A50: 100 | B50: Moagem | C50: RDL-101 | D50: 084693 - TRANSPORTADOR REDLER 400 X 400 MM 5 HP 10.300 MM ACO CARBONO | O50: Soft | P50: 5 | Q50: =P50*0.746 -> 3.73 | S50: =IF(O50="","",IF(O50="NA","",IF(O50="Mini disjuntor + DR",0.92,IF(O50="Mini disjuntor",0.92,IF(O50="Disjuntor Motor",0.92,IF(O50="Disjuntor C.M.",0.92,IF(O50="Disjuntor C.A.",0.92,IFERROR(VLOOKUP('Lista de Cargas'!P50,Motores!$B$9:$T$48,19,FALSE),"Erro")))))))) -> 0.8 | T50: =IF(O50="","",IF(O50="NA","",IF(O50="Mini disjuntor + DR",100%,IF(O50="Mini disjuntor",100%,IF(O50="Disjuntor Motor",0.92,IF(O50="Disjuntor C.M.",100%,IF(O50="Disjuntor C.A.",100%,IFERROR(VLOOKUP('Lista de Cargas'!P50,Motores!$B$9:$T$48,16,FALSE)/100,"Erro")))))))) -> 0.88 | U50: Trifásico | V50: 440 | W50: =IFERROR(IF(U50=$U$344,(P50*746)/(SQRT(3)*S50*T50*V50),(P50*746)/(S50*T50*V50)),0) -> 6.9522098 | X50: =IFERROR(Q50/S50,0) -> 4.6625 | Y50: =IFERROR(IF(O50=$O$344,6*W50,IF(O50=$O$345,6*W50,IF(O50=$O$346,3*W50,IF(O50=$O$347,1.5*W50,W50)))),0) -> 20.856629 | AB50: 90 | AG50: =SUM(AB50:AF50) -> 90 | AH50: 1 | AI50: PP 4 x 2,5mm² - 0,6/1kV - EPR - 90ºC - Cobre | AJ50: =$AG50*AH50*(1+$BJ$1) -> 90 | AK50: 0 | AL50: NA | AM50: =$AG50*AK50*(1+$BJ$1) -> 0 | AN50: 0 | AO50: NA | AP50: =$AG50*AN50*(1+$BJ$1) -> 0 | AQ50: 100L | AR50: =IFERROR(VLOOKUP(AQ50,$O$368:$P$412,2,1),"NA") -> 3/4" | AS50: 1 | BF50: =IFERROR(IF(F50=$O$358,0,IF(S50>$BH$1,0,IF(O50=$O$347,0,SQRT((X50^2)-(Q50^2))-(SQRT(((Q50/$BH$1)^2)-(Q50^2)))))),0) -> 1.2085267
A51: 100 | B51: Moagem | C51: ALI-101 | D51: MOI - ALIMENTADOR | N51: CCM Moinhos atual | O51: Inversor | P51: 1.5 | Q51: =P51*0.746 -> 1.119 | S51: =IF(O51="","",IF(O51="NA","",IF(O51="Mini disjuntor + DR",0.92,IF(O51="Mini disjuntor",0.92,IF(O51="Disjuntor Motor",0.92,IF(O51="Disjuntor C.M.",0.92,IF(O51="Disjuntor C.A.",0.92,IFERROR(VLOOKUP('Lista de Cargas'!P51,Motores!$B$9:$T$48,19,FALSE),"Erro")))))))) -> 0.79 | T51: =IF(O51="","",IF(O51="NA","",IF(O51="Mini disjuntor + DR",100%,IF(O51="Mini disjuntor",100%,IF(O51="Disjuntor Motor",0.92,IF(O51="Disjuntor C.M.",100%,IF(O51="Disjuntor C.A.",100%,IFERROR(VLOOKUP('Lista de Cargas'!P51,Motores!$B$9:$T$48,16,FALSE)/100,"Erro")))))))) -> 0.816 | U51: Trifásico | V51: 440 | W51: =IFERROR(IF(U51=$U$344,(P51*746)/(SQRT(3)*S51*T51*V51),(P51*746)/(S51*T51*V51)),0) -> 2.2777158 | X51: =IFERROR(Q51/S51,0) -> 1.4164557 | Y51: =IFERROR(IF(O51=$O$344,6*W51,IF(O51=$O$345,6*W51,IF(O51=$O$346,3*W51,IF(O51=$O$347,1.5*W51,W51)))),0) -> 3.4165737 | AB51: 90 | AG51: =SUM(AB51:AF51) -> 90 | AH51: 1 | AI51: PP 4 x 2,5mm² - 0,6/1kV - EPR - 90ºC - Cobre | AJ51: =$AG51*AH51*(1+$BJ$1) -> 90 | AK51: 0 | AL51: NA | AM51: =$AG51*AK51*(1+$BJ$1) -> 0 | AN51: 0 | AO51: NA | AP51: =$AG51*AN51*(1+$BJ$1) -> 0 | AQ51: 100L | AR51: =IFERROR(VLOOKUP(AQ51,$O$368:$P$412,2,1),"NA") -> 3/4" | AS51: 1 | BF51: =IFERROR(IF(F51=$O$358,0,IF(S51>$BH$1,0,IF(O51=$O$347,0,SQRT((X51^2)-(Q51^2))-(SQRT(((Q51/$BH$1)^2)-(Q51^2)))))),0) -> 0
A52: 100 | B52: Moagem | C52: MOP-101 | D52: MOI - MOTOR PRINCIPAL | N52: CCM Moinhos atual | O52: Inversor | P52: 300 | Q52: =P52*0.746 -> 223.8 | S52: =IF(O52="","",IF(O52="NA","",IF(O52="Mini disjuntor + DR",0.92,IF(O52="Mini disjuntor",0.92,IF(O52="Disjuntor Motor",0.92,IF(O52="Disjuntor C.M.",0.92,IF(O52="Disjuntor C.A.",0.92,IFERROR(VLOOKUP('Lista de Cargas'!P52,Motores!$B$9:$T$48,19,FALSE),"Erro")))))))) -> 0.86 | T52: =IF(O52="","",IF(O52="NA","",IF(O52="Mini disjuntor + DR",100%,IF(O52="Mini disjuntor",100%,IF(O52="Disjuntor Motor",0.92,IF(O52="Disjuntor C.M.",100%,IF(O52="Disjuntor C.A.",100%,IFERROR(VLOOKUP('Lista de Cargas'!P52,Motores!$B$9:$T$48,16,FALSE)/100,"Erro")))))))) -> 0.959 | U52: Trifásico | V52: 440 | W52: =IFERROR(IF(U52=$U$344,(P52*746)/(SQRT(3)*S52*T52*V52),(P52*746)/(S52*T52*V52)),0) -> 356.06536 | X52: =IFERROR(Q52/S52,0) -> 260.23256 | Y52: =IFERROR(IF(O52=$O$344,6*W52,IF(O52=$O$345,6*W52,IF(O52=$O$346,3*W52,IF(O52=$O$347,1.5*W52,W52)))),0) -> 534.09803 | AB52: 90 | AG52: =SUM(AB52:AF52) -> 90 | AH52: 3 | AI52: 120mm² - 0,6/1kV - PT - EPR - 90ºC - Cobre | AJ52: =$AG52*AH52*(1+$BJ$1) -> 270 | AK52: 0 | AL52: NA | AM52: =$AG52*AK52*(1+$BJ$1) -> 0 | AN52: 1 | AO52: 70mm² - 0,6/1kV - VD - EPR - 90ºC - Cobre | AP52: =$AG52*AN52*(1+$BJ$1) -> 90 | AQ52: 315S/M | AR52: =IFERROR(VLOOKUP(AQ52,$O$368:$P$412,2,1),"NA") -> 2 x 3" | AS52: 1 | BF52: =IFERROR(IF(F52=$O$358,0,IF(S52>$BH$1,0,IF(O52=$O$347,0,SQRT((X52^2)-(Q52^2))-(SQRT(((Q52/$BH$1)^2)-(Q52^2)))))),0) -> 0
A53: 100 | B53: Moagem | C53: EXA-101 | D53: MOI - EXAUSTOR | N53: CCM Moinhos atual | O53: Soft | P53: 30 | Q53: =P53*0.746 -> 22.38 | S53: =IF(O53="","",IF(O53="NA","",IF(O53="Mini disjuntor + DR",0.92,IF(O53="Mini disjuntor",0.92,IF(O53="Disjuntor Motor",0.92,IF(O53="Disjuntor C.M.",0.92,IF(O53="Disjuntor C.A.",0.92,IFERROR(VLOOKUP('Lista de Cargas'!P53,Motores!$B$9:$T$48,19,FALSE),"Erro")))))))) -> 0.84 | T53: =IF(O53="","",IF(O53="NA","",IF(O53="Mini disjuntor + DR",100%,IF(O53="Mini disjuntor",100%,IF(O53="Disjuntor Motor",0.92,IF(O53="Disjuntor C.M.",100%,IF(O53="Disjuntor C.A.",100%,IFERROR(VLOOKUP('Lista de Cargas'!P53,Motores!$B$9:$T$48,16,FALSE)/100,"Erro")))))))) -> 0.93 | U53: Trifásico | V53: 440 | W53: =IFERROR(IF(U53=$U$344,(P53*746)/(SQRT(3)*S53*T53*V53),(P53*746)/(S53*T53*V53)),0) -> 37.591058 | X53: =IFERROR(Q53/S53,0) -> 26.642857 | Y53: =IFERROR(IF(O53=$O$344,6*W53,IF(O53=$O$345,6*W53,IF(O53=$O$346,3*W53,IF(O53=$O$347,1.5*W53,W53)))),0) -> 112.77317 | AB53: 90 | AG53: =SUM(AB53:AF53) -> 90 | AH53: 1 | AI53: PP 4 x 10mm² - 0,6/1kV - EPR - 90ºC - Cobre | AJ53: =$AG53*AH53*(1+$BJ$1) -> 90 | AK53: 0 | AL53: NA | AM53: =$AG53*AK53*(1+$BJ$1) -> 0 | AN53: 0 | AO53: NA | AP53: =$AG53*AN53*(1+$BJ$1) -> 0 | AQ53: 132M | AR53: =IFERROR(VLOOKUP(AQ53,$O$368:$P$412,2,1),"NA") -> 1" | AS53: 1 | BF53: =IFERROR(IF(F53=$O$358,0,IF(S53>$BH$1,0,IF(O53=$O$347,0,SQRT((X53^2)-(Q53^2))-(SQRT(((Q53/$BH$1)^2)-(Q53^2)))))),0) -> 4.9222118
A54: 100 | B54: Moagem | C54: ROS-101 | D54: MOI - ROSCA | N54: CCM Moinhos atual | O54: Direta | P54: 2 | Q54: =P54*0.746 -> 1.492 | S54: =IF(O54="","",IF(O54="NA","",IF(O54="Mini disjuntor + DR",0.92,IF(O54="Mini disjuntor",0.92,IF(O54="Disjuntor Motor",0.92,IF(O54="Disjuntor C.M.",0.92,IF(O54="Disjuntor C.A.",0.92,IFERROR(VLOOKUP('Lista de Cargas'!P54,Motores!$B$9:$T$48,19,FALSE),"Erro")))))))) -> 0.78 | T54: =IF(O54="","",IF(O54="NA","",IF(O54="Mini disjuntor + DR",100%,IF(O54="Mini disjuntor",100%,IF(O54="Disjuntor Motor",0.92,IF(O54="Disjuntor C.M.",100%,IF(O54="Disjuntor C.A.",100%,IFERROR(VLOOKUP('Lista de Cargas'!P54,Motores!$B$9:$T$48,16,FALSE)/100,"Erro")))))))) -> 0.842 | U54: Trifásico | V54: 440 | W54: =IFERROR(IF(U54=$U$344,(P54*746)/(SQRT(3)*S54*T54*V54),(P54*746)/(S54*T54*V54)),0) -> 2.9809097 | X54: =IFERROR(Q54/S54,0) -> 1.9128205 | Y54: =IFERROR(IF(O54=$O$344,6*W54,IF(O54=$O$345,6*W54,IF(O54=$O$346,3*W54,IF(O54=$O$347,1.5*W54,W54)))),0) -> 17.885458 | AB54: 90 | AG54: =SUM(AB54:AF54) -> 90 | AH54: 1 | AI54: PP 4 x 2,5mm² - 0,6/1kV - EPR - 90ºC - Cobre | AJ54: =$AG54*AH54*(1+$BJ$1) -> 90 | AK54: 0 | AL54: NA | AM54: =$AG54*AK54*(1+$BJ$1) -> 0 | AN54: 0 | AO54: NA | AP54: =$AG54*AN54*(1+$BJ$1) -> 0 | AQ54: 100L | AR54: =IFERROR(VLOOKUP(AQ54,$O$368:$P$412,2,1),"NA") -> 3/4" | AS54: 1 | BF54: =IFERROR(IF(F54=$O$358,0,IF(S54>$BH$1,0,IF(O54=$O$347,0,SQRT((X54^2)-(Q54^2))-(SQRT(((Q54/$BH$1)^2)-(Q54^2)))))),0) -> 0.56141455
A55: 100 | B55: Moagem | C55: FCL-102 | D55: 036740 - FEED CLEANER 2.000MM C/ ACIONAMENTO POR REDUTOR | O55: Soft | P55: 15 | Q55: =P55*0.746 -> 11.19 | S55: =IF(O55="","",IF(O55="NA","",IF(O55="Mini disjuntor + DR",0.92,IF(O55="Mini disjuntor",0.92,IF(O55="Disjuntor Motor",0.92,IF(O55="Disjuntor C.M.",0.92,IF(O55="Disjuntor C.A.",0.92,IFERROR(VLOOKUP('Lista de Cargas'!P55,Motores!$B$9:$T$48,19,FALSE),"Erro")))))))) -> 0.85 | T55: =IF(O55="","",IF(O55="NA","",IF(O55="Mini disjuntor + DR",100%,IF(O55="Mini disjuntor",100%,IF(O55="Disjuntor Motor",0.92,IF(O55="Disjuntor C.M.",100%,IF(O55="Disjuntor C.A.",100%,IFERROR(VLOOKUP('Lista de Cargas'!P55,Motores!$B$9:$T$48,16,FALSE)/100,"Erro")))))))) -> 0.917 | U55: Trifásico | V55: 440 | W55: =IFERROR(IF(U55=$U$344,(P55*746)/(SQRT(3)*S55*T55*V55),(P55*746)/(S55*T55*V55)),0) -> 18.837728 | X55: =IFERROR(Q55/S55,0) -> 13.164706 | Y55: =IFERROR(IF(O55=$O$344,6*W55,IF(O55=$O$345,6*W55,IF(O55=$O$346,3*W55,IF(O55=$O$347,1.5*W55,W55)))),0) -> 56.513184 | AB55: 90 | AG55: =SUM(AB55:AF55) -> 90 | AH55: 1 | AI55: PP 4 x 4mm² - 0,6/1kV - EPR - 90ºC - Cobre | AJ55: =$AG55*AH55*(1+$BJ$1) -> 90 | AK55: 0 | AL55: NA | AM55: =$AG55*AK55*(1+$BJ$1) -> 0 | AN55: 0 | AO55: NA | AP55: =$AG55*AN55*(1+$BJ$1) -> 0 | AQ55: 100L | AR55: =IFERROR(VLOOKUP(AQ55,$O$368:$P$412,2,1),"NA") -> 3/4" | AS55: 1 | BF55: =IFERROR(IF(F55=$O$358,0,IF(S55>$BH$1,0,IF(O55=$O$347,0,SQRT((X55^2)-(Q55^2))-(SQRT(((Q55/$BH$1)^2)-(Q55^2)))))),0) -> 2.1680191
A56: 100 | B56: Moagem | C56: ALI-102 | D56: MOI - ALIMENTADOR | N56: CCM Moinhos atual | O56: Inversor | P56: 1.5 | Q56: =P56*0.746 -> 1.119 | S56: =IF(O56="","",IF(O56="NA","",IF(O56="Mini disjuntor + DR",0.92,IF(O56="Mini disjuntor",0.92,IF(O56="Disjuntor Motor",0.92,IF(O56="Disjuntor C.M.",0.92,IF(O56="Disjuntor C.A.",0.92,IFERROR(VLOOKUP('Lista de Cargas'!P56,Motores!$B$9:$T$48,19,FALSE),"Erro")))))))) -> 0.79 | T56: =IF(O56="","",IF(O56="NA","",IF(O56="Mini disjuntor + DR",100%,IF(O56="Mini disjuntor",100%,IF(O56="Disjuntor Motor",0.92,IF(O56="Disjuntor C.M.",100%,IF(O56="Disjuntor C.A.",100%,IFERROR(VLOOKUP('Lista de Cargas'!P56,Motores!$B$9:$T$48,16,FALSE)/100,"Erro")))))))) -> 0.816 | U56: Trifásico | V56: 440 | W56: =IFERROR(IF(U56=$U$344,(P56*746)/(SQRT(3)*S56*T56*V56),(P56*746)/(S56*T56*V56)),0) -> 2.2777158 | X56: =IFERROR(Q56/S56,0) -> 1.4164557 | Y56: =IFERROR(IF(O56=$O$344,6*W56,IF(O56=$O$345,6*W56,IF(O56=$O$346,3*W56,IF(O56=$O$347,1.5*W56,W56)))),0) -> 3.4165737 | AB56: 90 | AG56: =SUM(AB56:AF56) -> 90 | AH56: 1 | AI56: PP 4 x 2,5mm² - 0,6/1kV - EPR - 90ºC - Cobre | AJ56: =$AG56*AH56*(1+$BJ$1) -> 90 | AK56: 0 | AL56: NA | AM56: =$AG56*AK56*(1+$BJ$1) -> 0 | AN56: 0 | AO56: NA | AP56: =$AG56*AN56*(1+$BJ$1) -> 0 | AQ56: 100L | AR56: =IFERROR(VLOOKUP(AQ56,$O$368:$P$412,2,1),"NA") -> 3/4" | AS56: 1 | BF56: =IFERROR(IF(F56=$O$358,0,IF(S56>$BH$1,0,IF(O56=$O$347,0,SQRT((X56^2)-(Q56^2))-(SQRT(((Q56/$BH$1)^2)-(Q56^2)))))),0) -> 0
A57: 100 | B57: Moagem | C57: MOP-102 | D57: MOI - MOTOR PRINCIPAL | N57: CCM Moinhos atual | O57: Inversor | P57: 300 | Q57: =P57*0.746 -> 223.8 | S57: =IF(O57="","",IF(O57="NA","",IF(O57="Mini disjuntor + DR",0.92,IF(O57="Mini disjuntor",0.92,IF(O57="Disjuntor Motor",0.92,IF(O57="Disjuntor C.M.",0.92,IF(O57="Disjuntor C.A.",0.92,IFERROR(VLOOKUP('Lista de Cargas'!P57,Motores!$B$9:$T$48,19,FALSE),"Erro")))))))) -> 0.86 | T57: =IF(O57="","",IF(O57="NA","",IF(O57="Mini disjuntor + DR",100%,IF(O57="Mini disjuntor",100%,IF(O57="Disjuntor Motor",0.92,IF(O57="Disjuntor C.M.",100%,IF(O57="Disjuntor C.A.",100%,IFERROR(VLOOKUP('Lista de Cargas'!P57,Motores!$B$9:$T$48,16,FALSE)/100,"Erro")))))))) -> 0.959 | U57: Trifásico | V57: 440 | W57: =IFERROR(IF(U57=$U$344,(P57*746)/(SQRT(3)*S57*T57*V57),(P57*746)/(S57*T57*V57)),0) -> 356.06536 | X57: =IFERROR(Q57/S57,0) -> 260.23256 | Y57: =IFERROR(IF(O57=$O$344,6*W57,IF(O57=$O$345,6*W57,IF(O57=$O$346,3*W57,IF(O57=$O$347,1.5*W57,W57)))),0) -> 534.09803 | AB57: 90 | AG57: =SUM(AB57:AF57) -> 90 | AH57: 3 | AI57: 150mm² - 0,6/1kV - PT - EPR - 90ºC - Cobre | AJ57: =$AG57*AH57*(1+$BJ$1) -> 270 | AK57: 0 | AL57: NA | AM57: =$AG57*AK57*(1+$BJ$1) -> 0 | AN57: 1 | AO57: 95mm² - 0,6/1kV - VD - EPR - 90ºC - Cobre | AP57: =$AG57*AN57*(1+$BJ$1) -> 90 | AQ57: 315S/M | AR57: =IFERROR(VLOOKUP(AQ57,$O$368:$P$412,2,1),"NA") -> 2 x 3" | AS57: 1 | BF57: =IFERROR(IF(F57=$O$358,0,IF(S57>$BH$1,0,IF(O57=$O$347,0,SQRT((X57^2)-(Q57^2))-(SQRT(((Q57/$BH$1)^2)-(Q57^2)))))),0) -> 0
A58: 100 | B58: Moagem | C58: EXA-102 | D58: MOI - EXAUSTOR | N58: CCM Moinhos atual | O58: Soft | P58: 30 | Q58: =P58*0.746 -> 22.38 | S58: =IF(O58="","",IF(O58="NA","",IF(O58="Mini disjuntor + DR",0.92,IF(O58="Mini disjuntor",0.92,IF(O58="Disjuntor Motor",0.92,IF(O58="Disjuntor C.M.",0.92,IF(O58="Disjuntor C.A.",0.92,IFERROR(VLOOKUP('Lista de Cargas'!P58,Motores!$B$9:$T$48,19,FALSE),"Erro")))))))) -> 0.84 | T58: =IF(O58="","",IF(O58="NA","",IF(O58="Mini disjuntor + DR",100%,IF(O58="Mini disjuntor",100%,IF(O58="Disjuntor Motor",0.92,IF(O58="Disjuntor C.M.",100%,IF(O58="Disjuntor C.A.",100%,IFERROR(VLOOKUP('Lista de Cargas'!P58,Motores!$B$9:$T$48,16,FALSE)/100,"Erro")))))))) -> 0.93 | U58: Trifásico | V58: 440 | W58: =IFERROR(IF(U58=$U$344,(P58*746)/(SQRT(3)*S58*T58*V58),(P58*746)/(S58*T58*V58)),0) -> 37.591058 | X58: =IFERROR(Q58/S58,0) -> 26.642857 | Y58: =IFERROR(IF(O58=$O$344,6*W58,IF(O58=$O$345,6*W58,IF(O58=$O$346,3*W58,IF(O58=$O$347,1.5*W58,W58)))),0) -> 112.77317 | AB58: 90 | AG58: =SUM(AB58:AF58) -> 90 | AH58: 1 | AI58: PP 4 x 10mm² - 0,6/1kV - EPR - 90ºC - Cobre | AJ58: =$AG58*AH58*(1+$BJ$1) -> 90 | AK58: 0 | AL58: NA | AM58: =$AG58*AK58*(1+$BJ$1) -> 0 | AN58: 0 | AO58: NA | AP58: =$AG58*AN58*(1+$BJ$1) -> 0 | AQ58: 132M | AR58: =IFERROR(VLOOKUP(AQ58,$O$368:$P$412,2,1),"NA") -> 1" | AS58: 1 | BF58: =IFERROR(IF(F58=$O$358,0,IF(S58>$BH$1,0,IF(O58=$O$347,0,SQRT((X58^2)-(Q58^2))-(SQRT(((Q58/$BH$1)^2)-(Q58^2)))))),0) -> 4.9222118
A59: 100 | B59: Moagem | C59: ROS-102 | D59: MOI - ROSCA | N59: CCM Moinhos atual | O59: Direta | P59: 2 | Q59: =P59*0.746 -> 1.492 | S59: =IF(O59="","",IF(O59="NA","",IF(O59="Mini disjuntor + DR",0.92,IF(O59="Mini disjuntor",0.92,IF(O59="Disjuntor Motor",0.92,IF(O59="Disjuntor C.M.",0.92,IF(O59="Disjuntor C.A.",0.92,IFERROR(VLOOKUP('Lista de Cargas'!P59,Motores!$B$9:$T$48,19,FALSE),"Erro")))))))) -> 0.78 | T59: =IF(O59="","",IF(O59="NA","",IF(O59="Mini disjuntor + DR",100%,IF(O59="Mini disjuntor",100%,IF(O59="Disjuntor Motor",0.92,IF(O59="Disjuntor C.M.",100%,IF(O59="Disjuntor C.A.",100%,IFERROR(VLOOKUP('Lista de Cargas'!P59,Motores!$B$9:$T$48,16,FALSE)/100,"Erro")))))))) -> 0.842 | U59: Trifásico | V59: 440 | W59: =IFERROR(IF(U59=$U$344,(P59*746)/(SQRT(3)*S59*T59*V59),(P59*746)/(S59*T59*V59)),0) -> 2.9809097 | X59: =IFERROR(Q59/S59,0) -> 1.9128205 | Y59: =IFERROR(IF(O59=$O$344,6*W59,IF(O59=$O$345,6*W59,IF(O59=$O$346,3*W59,IF(O59=$O$347,1.5*W59,W59)))),0) -> 17.885458 | AB59: 90 | AG59: =SUM(AB59:AF59) -> 90 | AH59: 1 | AI59: PP 4 x 2,5mm² - 0,6/1kV - EPR - 90ºC - Cobre | AJ59: =$AG59*AH59*(1+$BJ$1) -> 90 | AK59: 0 | AL59: NA | AM59: =$AG59*AK59*(1+$BJ$1) -> 0 | AN59: 0 | AO59: NA | AP59: =$AG59*AN59*(1+$BJ$1) -> 0 | AQ59: 100L | AR59: =IFERROR(VLOOKUP(AQ59,$O$368:$P$412,2,1),"NA") -> 3/4" | AS59: 1 | BF59: =IFERROR(IF(F59=$O$358,0,IF(S59>$BH$1,0,IF(O59=$O$347,0,SQRT((X59^2)-(Q59^2))-(SQRT(((Q59/$BH$1)^2)-(Q59^2)))))),0) -> 0.56141455
A60: 100 | B60: Moagem | C60: FCL-103 | D60: 036740 - FEED CLEANER 2.000MM C/ ACIONAMENTO POR REDUTOR | O60: Soft | P60: 15 | Q60: =P60*0.746 -> 11.19 | S60: =IF(O60="","",IF(O60="NA","",IF(O60="Mini disjuntor + DR",0.92,IF(O60="Mini disjuntor",0.92,IF(O60="Disjuntor Motor",0.92,IF(O60="Disjuntor C.M.",0.92,IF(O60="Disjuntor C.A.",0.92,IFERROR(VLOOKUP('Lista de Cargas'!P60,Motores!$B$9:$T$48,19,FALSE),"Erro")))))))) -> 0.85 | T60: =IF(O60="","",IF(O60="NA","",IF(O60="Mini disjuntor + DR",100%,IF(O60="Mini disjuntor",100%,IF(O60="Disjuntor Motor",0.92,IF(O60="Disjuntor C.M.",100%,IF(O60="Disjuntor C.A.",100%,IFERROR(VLOOKUP('Lista de Cargas'!P60,Motores!$B$9:$T$48,16,FALSE)/100,"Erro")))))))) -> 0.917 | U60: Trifásico | V60: 440 | W60: =IFERROR(IF(U60=$U$344,(P60*746)/(SQRT(3)*S60*T60*V60),(P60*746)/(S60*T60*V60)),0) -> 18.837728 | X60: =IFERROR(Q60/S60,0) -> 13.164706 | Y60: =IFERROR(IF(O60=$O$344,6*W60,IF(O60=$O$345,6*W60,IF(O60=$O$346,3*W60,IF(O60=$O$347,1.5*W60,W60)))),0) -> 56.513184 | AB60: 90 | AG60: =SUM(AB60:AF60) -> 90 | AH60: 1 | AI60: PP 4 x 4mm² - 0,6/1kV - EPR - 90ºC - Cobre | AJ60: =$AG60*AH60*(1+$BJ$1) -> 90 | AK60: 0 | AL60: NA | AM60: =$AG60*AK60*(1+$BJ$1) -> 0 | AN60: 0 | AO60: NA | AP60: =$AG60*AN60*(1+$BJ$1) -> 0 | AQ60: 100L | AR60: =IFERROR(VLOOKUP(AQ60,$O$368:$P$412,2,1),"NA") -> 3/4" | AS60: 1 | BF60: =IFERROR(IF(F60=$O$358,0,IF(S60>$BH$1,0,IF(O60=$O$347,0,SQRT((X60^2)-(Q60^2))-(SQRT(((Q60/$BH$1)^2)-(Q60^2)))))),0) -> 2.1680191
A61: 100 | B61: Moagem | C61: RDL-102 | D61: 084695 - TRANSPORTADOR REDLER 400 X 400 MM 6 HP 16.700 MM ACO CARBONO | O61: Inversor | P61: 5 | Q61: =P61*0.746 -> 3.73 | S61: =IF(O61="","",IF(O61="NA","",IF(O61="Mini disjuntor + DR",0.92,IF(O61="Mini disjuntor",0.92,IF(O61="Disjuntor Motor",0.92,IF(O61="Disjuntor C.M.",0.92,IF(O61="Disjuntor C.A.",0.92,IFERROR(VLOOKUP('Lista de Cargas'!P61,Motores!$B$9:$T$48,19,FALSE),"Erro")))))))) -> 0.8 | T61: =IF(O61="","",IF(O61="NA","",IF(O61="Mini disjuntor + DR",100%,IF(O61="Mini disjuntor",100%,IF(O61="Disjuntor Motor",0.92,IF(O61="Disjuntor C.M.",100%,IF(O61="Disjuntor C.A.",100%,IFERROR(VLOOKUP('Lista de Cargas'!P61,Motores!$B$9:$T$48,16,FALSE)/100,"Erro")))))))) -> 0.88 | U61: Trifásico | V61: 440 | W61: =IFERROR(IF(U61=$U$344,(P61*746)/(SQRT(3)*S61*T61*V61),(P61*746)/(S61*T61*V61)),0) -> 6.9522098 | X61: =IFERROR(Q61/S61,0) -> 4.6625 | Y61: =IFERROR(IF(O61=$O$344,6*W61,IF(O61=$O$345,6*W61,IF(O61=$O$346,3*W61,IF(O61=$O$347,1.5*W61,W61)))),0) -> 10.428315 | AB61: 90 | AG61: =SUM(AB61:AF61) -> 90 | AH61: 1 | AI61: PP 4 x 2,5mm² - 0,6/1kV - EPR - 90ºC - Cobre | AJ61: =$AG61*AH61*(1+$BJ$1) -> 90 | AK61: 0 | AL61: NA | AM61: =$AG61*AK61*(1+$BJ$1) -> 0 | AN61: 0 | AO61: NA | AP61: =$AG61*AN61*(1+$BJ$1) -> 0 | AQ61: 100L | AR61: =IFERROR(VLOOKUP(AQ61,$O$368:$P$412,2,1),"NA") -> 3/4" | AS61: 1 | BF61: =IFERROR(IF(F61=$O$358,0,IF(S61>$BH$1,0,IF(O61=$O$347,0,SQRT((X61^2)-(Q61^2))-(SQRT(((Q61/$BH$1)^2)-(Q61^2)))))),0) -> 0
A62: 100 | B62: Moagem | C62: ECA-103 | D62: 084696 - ELEVADOR DE CANECA 16 POL 12.5 HP 21.000 MM ACO CARBONO | O62: Direta | P62: 20 | Q62: =P62*0.746 -> 14.92 | S62: =IF(O62="","",IF(O62="NA","",IF(O62="Mini disjuntor + DR",0.92,IF(O62="Mini disjuntor",0.92,IF(O62="Disjuntor Motor",0.92,IF(O62="Disjuntor C.M.",0.92,IF(O62="Disjuntor C.A.",0.92,IFERROR(VLOOKUP('Lista de Cargas'!P62,Motores!$B$9:$T$48,19,FALSE),"Erro")))))))) -> 0.81 | T62: =IF(O62="","",IF(O62="NA","",IF(O62="Mini disjuntor + DR",100%,IF(O62="Mini disjuntor",100%,IF(O62="Disjuntor Motor",0.92,IF(O62="Disjuntor C.M.",100%,IF(O62="Disjuntor C.A.",100%,IFERROR(VLOOKUP('Lista de Cargas'!P62,Motores!$B$9:$T$48,16,FALSE)/100,"Erro")))))))) -> 0.924 | U62: Trifásico | V62: 440 | W62: =IFERROR(IF(U62=$U$344,(P62*746)/(SQRT(3)*S62*T62*V62),(P62*746)/(S62*T62*V62)),0) -> 26.157638 | X62: =IFERROR(Q62/S62,0) -> 18.419753 | Y62: =IFERROR(IF(O62=$O$344,6*W62,IF(O62=$O$345,6*W62,IF(O62=$O$346,3*W62,IF(O62=$O$347,1.5*W62,W62)))),0) -> 156.94583 | AB62: 90 | AG62: =SUM(AB62:AF62) -> 90 | AH62: 1 | AI62: PP 4 x 10mm² - 0,6/1kV - EPR - 90ºC - Cobre | AJ62: =$AG62*AH62*(1+$BJ$1) -> 90 | AK62: 0 | AL62: NA | AM62: =$AG62*AK62*(1+$BJ$1) -> 0 | AN62: 0 | AO62: NA | AP62: =$AG62*AN62*(1+$BJ$1) -> 0 | AQ62: 132M | AR62: =IFERROR(VLOOKUP(AQ62,$O$368:$P$412,2,1),"NA") -> 1" | AS62: 1 | BF62: =IFERROR(IF(F62=$O$358,0,IF(S62>$BH$1,0,IF(O62=$O$347,0,SQRT((X62^2)-(Q62^2))-(SQRT(((Q62/$BH$1)^2)-(Q62^2)))))),0) -> 4.4460001
A63: 100 | B63: Moagem | C63: TRC-101 | D63: TRANSPORTADOR TIPO CALHA PASSO NORMAL 9" X 6.700 mm | O63: Direta | P63: 1.5 | Q63: =P63*0.746 -> 1.119 | S63: =IF(O63="","",IF(O63="NA","",IF(O63="Mini disjuntor + DR",0.92,IF(O63="Mini disjuntor",0.92,IF(O63="Disjuntor Motor",0.92,IF(O63="Disjuntor C.M.",0.92,IF(O63="Disjuntor C.A.",0.92,IFERROR(VLOOKUP('Lista de Cargas'!P63,Motores!$B$9:$T$48,19,FALSE),"Erro")))))))) -> 0.79 | T63: =IF(O63="","",IF(O63="NA","",IF(O63="Mini disjuntor + DR",100%,IF(O63="Mini disjuntor",100%,IF(O63="Disjuntor Motor",0.92,IF(O63="Disjuntor C.M.",100%,IF(O63="Disjuntor C.A.",100%,IFERROR(VLOOKUP('Lista de Cargas'!P63,Motores!$B$9:$T$48,16,FALSE)/100,"Erro")))))))) -> 0.816 | U63: Trifásico | V63: 440 | W63: =IFERROR(IF(U63=$U$344,(P63*746)/(SQRT(3)*S63*T63*V63),(P63*746)/(S63*T63*V63)),0) -> 2.2777158 | X63: =IFERROR(Q63/S63,0) -> 1.4164557 | Y63: =IFERROR(IF(O63=$O$344,6*W63,IF(O63=$O$345,6*W63,IF(O63=$O$346,3*W63,IF(O63=$O$347,1.5*W63,W63)))),0) -> 13.666295 | AB63: 90 | AG63: =SUM(AB63:AF63) -> 90 | AH63: 1 | AI63: PP 4 x 2,5mm² - 0,6/1kV - EPR - 90ºC - Cobre | AJ63: =$AG63*AH63*(1+$BJ$1) -> 90 | AK63: 0 | AL63: NA | AM63: =$AG63*AK63*(1+$BJ$1) -> 0 | AN63: 0 | AO63: NA | AP63: =$AG63*AN63*(1+$BJ$1) -> 0 | AQ63: 100L | AR63: =IFERROR(VLOOKUP(AQ63,$O$368:$P$412,2,1),"NA") -> 3/4" | AS63: 1 | BF63: =IFERROR(IF(F63=$O$358,0,IF(S63>$BH$1,0,IF(O63=$O$347,0,SQRT((X63^2)-(Q63^2))-(SQRT(((Q63/$BH$1)^2)-(Q63^2)))))),0) -> 0.39174668
A64: 100 | B64: Moagem | C64: TRC-102 | D64: TRANSPORTADOR TIPO CALHA PASSO NORMAL 9" X 3.600 mm | O64: Direta | P64: 1.5 | Q64: =P64*0.746 -> 1.119 | S64: =IF(O64="","",IF(O64="NA","",IF(O64="Mini disjuntor + DR",0.92,IF(O64="Mini disjuntor",0.92,IF(O64="Disjuntor Motor",0.92,IF(O64="Disjuntor C.M.",0.92,IF(O64="Disjuntor C.A.",0.92,IFERROR(VLOOKUP('Lista de Cargas'!P64,Motores!$B$9:$T$48,19,FALSE),"Erro")))))))) -> 0.79 | T64: =IF(O64="","",IF(O64="NA","",IF(O64="Mini disjuntor + DR",100%,IF(O64="Mini disjuntor",100%,IF(O64="Disjuntor Motor",0.92,IF(O64="Disjuntor C.M.",100%,IF(O64="Disjuntor C.A.",100%,IFERROR(VLOOKUP('Lista de Cargas'!P64,Motores!$B$9:$T$48,16,FALSE)/100,"Erro")))))))) -> 0.816 | U64: Trifásico | V64: 440 | W64: =IFERROR(IF(U64=$U$344,(P64*746)/(SQRT(3)*S64*T64*V64),(P64*746)/(S64*T64*V64)),0) -> 2.2777158 | X64: =IFERROR(Q64/S64,0) -> 1.4164557 | Y64: =IFERROR(IF(O64=$O$344,6*W64,IF(O64=$O$345,6*W64,IF(O64=$O$346,3*W64,IF(O64=$O$347,1.5*W64,W64)))),0) -> 13.666295 | AB64: 90 | AG64: =SUM(AB64:AF64) -> 90 | AH64: 1 | AI64: PP 4 x 2,5mm² - 0,6/1kV - EPR - 90ºC - Cobre | AJ64: =$AG64*AH64*(1+$BJ$1) -> 90 | AK64: 0 | AL64: NA | AM64: =$AG64*AK64*(1+$BJ$1) -> 0 | AN64: 0 | AO64: NA | AP64: =$AG64*AN64*(1+$BJ$1) -> 0 | AQ64: 100L | AR64: =IFERROR(VLOOKUP(AQ64,$O$368:$P$412,2,1),"NA") -> 3/4" | AS64: 1 | BF64: =IFERROR(IF(F64=$O$358,0,IF(S64>$BH$1,0,IF(O64=$O$347,0,SQRT((X64^2)-(Q64^2))-(SQRT(((Q64/$BH$1)^2)-(Q64^2)))))),0) -> 0.39174668
A65: 100 | B65: Moagem | C65: ECA-102 | D65: ELEVADOR DE CANECAS 10" X 14.500 mm (ALT. UTIL) | O65: Direta | P65: 3 | Q65: =P65*0.746 -> 2.238 | S65: =IF(O65="","",IF(O65="NA","",IF(O65="Mini disjuntor + DR",0.92,IF(O65="Mini disjuntor",0.92,IF(O65="Disjuntor Motor",0.92,IF(O65="Disjuntor C.M.",0.92,IF(O65="Disjuntor C.A.",0.92,IFERROR(VLOOKUP('Lista de Cargas'!P65,Motores!$B$9:$T$48,19,FALSE),"Erro")))))))) -> 0.83 | T65: =IF(O65="","",IF(O65="NA","",IF(O65="Mini disjuntor + DR",100%,IF(O65="Mini disjuntor",100%,IF(O65="Disjuntor Motor",0.92,IF(O65="Disjuntor C.M.",100%,IF(O65="Disjuntor C.A.",100%,IFERROR(VLOOKUP('Lista de Cargas'!P65,Motores!$B$9:$T$48,16,FALSE)/100,"Erro")))))))) -> 0.851 | U65: Trifásico | V65: 440 | W65: =IFERROR(IF(U65=$U$344,(P65*746)/(SQRT(3)*S65*T65*V65),(P65*746)/(S65*T65*V65)),0) -> 4.1575657 | X65: =IFERROR(Q65/S65,0) -> 2.6963855 | Y65: =IFERROR(IF(O65=$O$344,6*W65,IF(O65=$O$345,6*W65,IF(O65=$O$346,3*W65,IF(O65=$O$347,1.5*W65,W65)))),0) -> 24.945394 | AB65: 90 | AG65: =SUM(AB65:AF65) -> 90 | AH65: 1 | AI65: PP 4 x 2,5mm² - 0,6/1kV - EPR - 90ºC - Cobre | AJ65: =$AG65*AH65*(1+$BJ$1) -> 90 | AK65: 0 | AL65: NA | AM65: =$AG65*AK65*(1+$BJ$1) -> 0 | AN65: 0 | AO65: NA | AP65: =$AG65*AN65*(1+$BJ$1) -> 0 | AQ65: 100L | AR65: =IFERROR(VLOOKUP(AQ65,$O$368:$P$412,2,1),"NA") -> 3/4" | AS65: 1 | BF65: =IFERROR(IF(F65=$O$358,0,IF(S65>$BH$1,0,IF(O65=$O$347,0,SQRT((X65^2)-(Q65^2))-(SQRT(((Q65/$BH$1)^2)-(Q65^2)))))),0) -> 0.55056113
A66: 100 | B66: Moagem | C66: VRT-103 | D66: 083325 - VALVULA ROTATIVA RETA 400 x 400 MM ACO CARBONO | O66: Inversor | P66: 1.5 | Q66: =P66*0.746 -> 1.119 | S66: =IF(O66="","",IF(O66="NA","",IF(O66="Mini disjuntor + DR",0.92,IF(O66="Mini disjuntor",0.92,IF(O66="Disjuntor Motor",0.92,IF(O66="Disjuntor C.M.",0.92,IF(O66="Disjuntor C.A.",0.92,IFERROR(VLOOKUP('Lista de Cargas'!P66,Motores!$B$9:$T$48,19,FALSE),"Erro")))))))) -> 0.79 | T66: =IF(O66="","",IF(O66="NA","",IF(O66="Mini disjuntor + DR",100%,IF(O66="Mini disjuntor",100%,IF(O66="Disjuntor Motor",0.92,IF(O66="Disjuntor C.M.",100%,IF(O66="Disjuntor C.A.",100%,IFERROR(VLOOKUP('Lista de Cargas'!P66,Motores!$B$9:$T$48,16,FALSE)/100,"Erro")))))))) -> 0.816 | U66: Trifásico | V66: 440 | W66: =IFERROR(IF(U66=$U$344,(P66*746)/(SQRT(3)*S66*T66*V66),(P66*746)/(S66*T66*V66)),0) -> 2.2777158 | X66: =IFERROR(Q66/S66,0) -> 1.4164557 | Y66: =IFERROR(IF(O66=$O$344,6*W66,IF(O66=$O$345,6*W66,IF(O66=$O$346,3*W66,IF(O66=$O$347,1.5*W66,W66)))),0) -> 3.4165737 | AB66: 90 | AG66: =SUM(AB66:AF66) -> 90 | AH66: 1 | AI66: PP 4 x 2,5mm² - 0,6/1kV - EPR - 90ºC - Cobre | AJ66: =$AG66*AH66*(1+$BJ$1) -> 90 | AK66: 0 | AL66: NA | AM66: =$AG66*AK66*(1+$BJ$1) -> 0 | AN66: 0 | AO66: NA | AP66: =$AG66*AN66*(1+$BJ$1) -> 0 | AQ66: 100L | AR66: =IFERROR(VLOOKUP(AQ66,$O$368:$P$412,2,1),"NA") -> 3/4" | AS66: 1 | BF66: =IFERROR(IF(F66=$O$358,0,IF(S66>$BH$1,0,IF(O66=$O$347,0,SQRT((X66^2)-(Q66^2))-(SQRT(((Q66/$BH$1)^2)-(Q66^2)))))),0) -> 0
A67: 100 | B67: Moagem | C67: ALI-103 | D67: MOI - ALIMENTADOR | N67: CCM Moinhos Futuro | O67: Inversor | P67: 1.5 | Q67: =P67*0.746 -> 1.119 | S67: =IF(O67="","",IF(O67="NA","",IF(O67="Mini disjuntor + DR",0.92,IF(O67="Mini disjuntor",0.92,IF(O67="Disjuntor Motor",0.92,IF(O67="Disjuntor C.M.",0.92,IF(O67="Disjuntor C.A.",0.92,IFERROR(VLOOKUP('Lista de Cargas'!P67,Motores!$B$9:$T$48,19,FALSE),"Erro")))))))) -> 0.79 | T67: =IF(O67="","",IF(O67="NA","",IF(O67="Mini disjuntor + DR",100%,IF(O67="Mini disjuntor",100%,IF(O67="Disjuntor Motor",0.92,IF(O67="Disjuntor C.M.",100%,IF(O67="Disjuntor C.A.",100%,IFERROR(VLOOKUP('Lista de Cargas'!P67,Motores!$B$9:$T$48,16,FALSE)/100,"Erro")))))))) -> 0.816 | U67: Trifásico | V67: 440 | W67: =IFERROR(IF(U67=$U$344,(P67*746)/(SQRT(3)*S67*T67*V67),(P67*746)/(S67*T67*V67)),0) -> 2.2777158 | X67: =IFERROR(Q67/S67,0) -> 1.4164557 | Y67: =IFERROR(IF(O67=$O$344,6*W67,IF(O67=$O$345,6*W67,IF(O67=$O$346,3*W67,IF(O67=$O$347,1.5*W67,W67)))),0) -> 3.4165737 | AB67: 90 | AG67: =SUM(AB67:AF67) -> 90 | AH67: 1 | AI67: PP 4 x 2,5mm² - 0,6/1kV - EPR - 90ºC - Cobre | AJ67: =$AG67*AH67*(1+$BJ$1) -> 90 | AK67: 0 | AL67: NA | AM67: =$AG67*AK67*(1+$BJ$1) -> 0 | AN67: 0 | AO67: NA | AP67: =$AG67*AN67*(1+$BJ$1) -> 0 | AQ67: 100L | AR67: =IFERROR(VLOOKUP(AQ67,$O$368:$P$412,2,1),"NA") -> 3/4" | AS67: 1 | BF67: =IFERROR(IF(F67=$O$358,0,IF(S67>$BH$1,0,IF(O67=$O$347,0,SQRT((X67^2)-(Q67^2))-(SQRT(((Q67/$BH$1)^2)-(Q67^2)))))),0) -> 0
A68: 100 | B68: Moagem | C68: MOP-103 | D68: MOI - MOTOR PRINCIPAL | N68: CCM Moinhos Futuro | O68: Inversor | P68: 300 | Q68: =P68*0.746 -> 223.8 | S68: =IF(O68="","",IF(O68="NA","",IF(O68="Mini disjuntor + DR",0.92,IF(O68="Mini disjuntor",0.92,IF(O68="Disjuntor Motor",0.92,IF(O68="Disjuntor C.M.",0.92,IF(O68="Disjuntor C.A.",0.92,IFERROR(VLOOKUP('Lista de Cargas'!P68,Motores!$B$9:$T$48,19,FALSE),"Erro")))))))) -> 0.86 | T68: =IF(O68="","",IF(O68="NA","",IF(O68="Mini disjuntor + DR",100%,IF(O68="Mini disjuntor",100%,IF(O68="Disjuntor Motor",0.92,IF(O68="Disjuntor C.M.",100%,IF(O68="Disjuntor C.A.",100%,IFERROR(VLOOKUP('Lista de Cargas'!P68,Motores!$B$9:$T$48,16,FALSE)/100,"Erro")))))))) -> 0.959 | U68: Trifásico | V68: 440 | W68: =IFERROR(IF(U68=$U$344,(P68*746)/(SQRT(3)*S68*T68*V68),(P68*746)/(S68*T68*V68)),0) -> 356.06536 | X68: =IFERROR(Q68/S68,0) -> 260.23256 | Y68: =IFERROR(IF(O68=$O$344,6*W68,IF(O68=$O$345,6*W68,IF(O68=$O$346,3*W68,IF(O68=$O$347,1.5*W68,W68)))),0) -> 534.09803 | AB68: 90 | AG68: =SUM(AB68:AF68) -> 90 | AH68: 3 | AI68: 150mm² - 0,6/1kV - PT - EPR - 90ºC - Cobre | AJ68: =$AG68*AH68*(1+$BJ$1) -> 270 | AK68: 0 | AL68: NA | AM68: =$AG68*AK68*(1+$BJ$1) -> 0 | AN68: 1 | AO68: 95mm² - 0,6/1kV - VD - EPR - 90ºC - Cobre | AP68: =$AG68*AN68*(1+$BJ$1) -> 90 | AQ68: 315S/M | AR68: =IFERROR(VLOOKUP(AQ68,$O$368:$P$412,2,1),"NA") -> 2 x 3" | AS68: 1 | BF68: =IFERROR(IF(F68=$O$358,0,IF(S68>$BH$1,0,IF(O68=$O$347,0,SQRT((X68^2)-(Q68^2))-(SQRT(((Q68/$BH$1)^2)-(Q68^2)))))),0) -> 0
A69: 100 | B69: Moagem | C69: EXA-103 | D69: MOI - EXAUSTOR | N69: CCM Moinhos Futuro | O69: Soft | P69: 30 | Q69: =P69*0.746 -> 22.38 | S69: =IF(O69="","",IF(O69="NA","",IF(O69="Mini disjuntor + DR",0.92,IF(O69="Mini disjuntor",0.92,IF(O69="Disjuntor Motor",0.92,IF(O69="Disjuntor C.M.",0.92,IF(O69="Disjuntor C.A.",0.92,IFERROR(VLOOKUP('Lista de Cargas'!P69,Motores!$B$9:$T$48,19,FALSE),"Erro")))))))) -> 0.84 | T69: =IF(O69="","",IF(O69="NA","",IF(O69="Mini disjuntor + DR",100%,IF(O69="Mini disjuntor",100%,IF(O69="Disjuntor Motor",0.92,IF(O69="Disjuntor C.M.",100%,IF(O69="Disjuntor C.A.",100%,IFERROR(VLOOKUP('Lista de Cargas'!P69,Motores!$B$9:$T$48,16,FALSE)/100,"Erro")))))))) -> 0.93 | U69: Trifásico | V69: 440 | W69: =IFERROR(IF(U69=$U$344,(P69*746)/(SQRT(3)*S69*T69*V69),(P69*746)/(S69*T69*V69)),0) -> 37.591058 | X69: =IFERROR(Q69/S69,0) -> 26.642857 | Y69: =IFERROR(IF(O69=$O$344,6*W69,IF(O69=$O$345,6*W69,IF(O69=$O$346,3*W69,IF(O69=$O$347,1.5*W69,W69)))),0) -> 112.77317 | AB69: 90 | AG69: =SUM(AB69:AF69) -> 90 | AH69: 1 | AI69: PP 4 x 10mm² - 0,6/1kV - EPR - 90ºC - Cobre | AJ69: =$AG69*AH69*(1+$BJ$1) -> 90 | AK69: 0 | AL69: NA | AM69: =$AG69*AK69*(1+$BJ$1) -> 0 | AN69: 0 | AO69: NA | AP69: =$AG69*AN69*(1+$BJ$1) -> 0 | AQ69: 132M | AR69: =IFERROR(VLOOKUP(AQ69,$O$368:$P$412,2,1),"NA") -> 1" | AS69: 1 | BF69: =IFERROR(IF(F69=$O$358,0,IF(S69>$BH$1,0,IF(O69=$O$347,0,SQRT((X69^2)-(Q69^2))-(SQRT(((Q69/$BH$1)^2)-(Q69^2)))))),0) -> 4.9222118
A70: 100 | B70: Moagem | C70: ROS-103 | D70: MOI - ROSCA | N70: CCM Moinhos Futuro | O70: Direta | P70: 2 | Q70: =P70*0.746 -> 1.492 | S70: =IF(O70="","",IF(O70="NA","",IF(O70="Mini disjuntor + DR",0.92,IF(O70="Mini disjuntor",0.92,IF(O70="Disjuntor Motor",0.92,IF(O70="Disjuntor C.M.",0.92,IF(O70="Disjuntor C.A.",0.92,IFERROR(VLOOKUP('Lista de Cargas'!P70,Motores!$B$9:$T$48,19,FALSE),"Erro")))))))) -> 0.78 | T70: =IF(O70="","",IF(O70="NA","",IF(O70="Mini disjuntor + DR",100%,IF(O70="Mini disjuntor",100%,IF(O70="Disjuntor Motor",0.92,IF(O70="Disjuntor C.M.",100%,IF(O70="Disjuntor C.A.",100%,IFERROR(VLOOKUP('Lista de Cargas'!P70,Motores!$B$9:$T$48,16,FALSE)/100,"Erro")))))))) -> 0.842 | U70: Trifásico | V70: 440 | W70: =IFERROR(IF(U70=$U$344,(P70*746)/(SQRT(3)*S70*T70*V70),(P70*746)/(S70*T70*V70)),0) -> 2.9809097 | X70: =IFERROR(Q70/S70,0) -> 1.9128205 | Y70: =IFERROR(IF(O70=$O$344,6*W70,IF(O70=$O$345,6*W70,IF(O70=$O$346,3*W70,IF(O70=$O$347,1.5*W70,W70)))),0) -> 17.885458 | AB70: 90 | AG70: =SUM(AB70:AF70) -> 90 | AH70: 1 | AI70: PP 4 x 2,5mm² - 0,6/1kV - EPR - 90ºC - Cobre | AJ70: =$AG70*AH70*(1+$BJ$1) -> 90 | AK70: 0 | AL70: NA | AM70: =$AG70*AK70*(1+$BJ$1) -> 0 | AN70: 0 | AO70: NA | AP70: =$AG70*AN70*(1+$BJ$1) -> 0 | AQ70: 100L | AR70: =IFERROR(VLOOKUP(AQ70,$O$368:$P$412,2,1),"NA") -> 3/4" | AS70: 1 | BF70: =IFERROR(IF(F70=$O$358,0,IF(S70>$BH$1,0,IF(O70=$O$347,0,SQRT((X70^2)-(Q70^2))-(SQRT(((Q70/$BH$1)^2)-(Q70^2)))))),0) -> 0.56141455
A71: 100 | B71: Moagem | C71: FCL-104 | D71: 036740 - FEED CLEANER 2.000MM C/ ACIONAMENTO POR REDUTOR | O71: Soft | P71: 15 | Q71: =P71*0.746 -> 11.19 | S71: =IF(O71="","",IF(O71="NA","",IF(O71="Mini disjuntor + DR",0.92,IF(O71="Mini disjuntor",0.92,IF(O71="Disjuntor Motor",0.92,IF(O71="Disjuntor C.M.",0.92,IF(O71="Disjuntor C.A.",0.92,IFERROR(VLOOKUP('Lista de Cargas'!P71,Motores!$B$9:$T$48,19,FALSE),"Erro")))))))) -> 0.85 | T71: =IF(O71="","",IF(O71="NA","",IF(O71="Mini disjuntor + DR",100%,IF(O71="Mini disjuntor",100%,IF(O71="Disjuntor Motor",0.92,IF(O71="Disjuntor C.M.",100%,IF(O71="Disjuntor C.A.",100%,IFERROR(VLOOKUP('Lista de Cargas'!P71,Motores!$B$9:$T$48,16,FALSE)/100,"Erro")))))))) -> 0.917 | U71: Trifásico | V71: 440 | W71: =IFERROR(IF(U71=$U$344,(P71*746)/(SQRT(3)*S71*T71*V71),(P71*746)/(S71*T71*V71)),0) -> 18.837728 | X71: =IFERROR(Q71/S71,0) -> 13.164706 | Y71: =IFERROR(IF(O71=$O$344,6*W71,IF(O71=$O$345,6*W71,IF(O71=$O$346,3*W71,IF(O71=$O$347,1.5*W71,W71)))),0) -> 56.513184 | AB71: 90 | AG71: =SUM(AB71:AF71) -> 90 | AH71: 1 | AI71: PP 4 x 4mm² - 0,6/1kV - EPR - 90ºC - Cobre | AJ71: =$AG71*AH71*(1+$BJ$1) -> 90 | AK71: 0 | AL71: NA | AM71: =$AG71*AK71*(1+$BJ$1) -> 0 | AN71: 0 | AO71: NA | AP71: =$AG71*AN71*(1+$BJ$1) -> 0 | AQ71: 100L | AR71: =IFERROR(VLOOKUP(AQ71,$O$368:$P$412,2,1),"NA") -> 3/4" | AS71: 1 | BF71: =IFERROR(IF(F71=$O$358,0,IF(S71>$BH$1,0,IF(O71=$O$347,0,SQRT((X71^2)-(Q71^2))-(SQRT(((Q71/$BH$1)^2)-(Q71^2)))))),0) -> 2.1680191
A72: 200 | B72: Preparo da pasta, hidrólise e resfriamento do mosto | C72: BCE - 2001 A | D72: MOTO-BOMBA - TANQUE DE PASTA | N72: Painel CCM-3.1 | O72: Inversor | P72: 40 | Q72: =P72*0.746 -> 29.84 | S72: =IF(O72="","",IF(O72="NA","",IF(O72="Mini disjuntor + DR",0.92,IF(O72="Mini disjuntor",0.92,IF(O72="Disjuntor Motor",0.92,IF(O72="Disjuntor C.M.",0.92,IF(O72="Disjuntor C.A.",0.92,IFERROR(VLOOKUP('Lista de Cargas'!P72,Motores!$B$9:$T$48,19,FALSE),"Erro")))))))) -> 0.85 | T72: =IF(O72="","",IF(O72="NA","",IF(O72="Mini disjuntor + DR",100%,IF(O72="Mini disjuntor",100%,IF(O72="Disjuntor Motor",0.92,IF(O72="Disjuntor C.M.",100%,IF(O72="Disjuntor C.A.",100%,IFERROR(VLOOKUP('Lista de Cargas'!P72,Motores!$B$9:$T$48,16,FALSE)/100,"Erro")))))))) -> 0.934 | U72: Trifásico | V72: 440 | W72: =IFERROR(IF(U72=$U$344,(P72*746)/(SQRT(3)*S72*T72*V72),(P72*746)/(S72*T72*V72)),0) -> 49.319619 | X72: =IFERROR(Q72/S72,0) -> 35.105882 | Y72: =IFERROR(IF(O72=$O$344,6*W72,IF(O72=$O$345,6*W72,IF(O72=$O$346,3*W72,IF(O72=$O$347,1.5*W72,W72)))),0) -> 73.979429 | AB72: 100 | AG72: =SUM(AB72:AF72) -> 100 | AH72: 1 | AI72: PP 4 x 16mm² - 0,6/1kV - EPR - 90ºC - Cobre | AJ72: =$AG72*AH72*(1+$BJ$1) -> 100 | AK72: 0 | AL72: NA | AM72: =$AG72*AK72*(1+$BJ$1) -> 0 | AN72: 0 | AO72: NA | AP72: =$AG72*AN72*(1+$BJ$1) -> 0 | AQ72: 180L | AR72: =IFERROR(VLOOKUP(AQ72,$O$368:$P$412,2,1),"NA") -> 1.1/2" | AS72: 1 | BF72: =IFERROR(IF(F72=$O$358,0,IF(S72>$BH$1,0,IF(O72=$O$347,0,SQRT((X72^2)-(Q72^2))-(SQRT(((Q72/$BH$1)^2)-(Q72^2)))))),0) -> 0
A73: 200 | B73: Preparo da pasta, hidrólise e resfriamento do mosto | C73: BCE - 2001 B | D73: MOTO-BOMBA - TANQUE DE PASTA | N73: Painel CCM-3.1 | O73: Inversor | P73: 40 | Q73: =P73*0.746 -> 29.84 | S73: =IF(O73="","",IF(O73="NA","",IF(O73="Mini disjuntor + DR",0.92,IF(O73="Mini disjuntor",0.92,IF(O73="Disjuntor Motor",0.92,IF(O73="Disjuntor C.M.",0.92,IF(O73="Disjuntor C.A.",0.92,IFERROR(VLOOKUP('Lista de Cargas'!P73,Motores!$B$9:$T$48,19,FALSE),"Erro")))))))) -> 0.85 | T73: =IF(O73="","",IF(O73="NA","",IF(O73="Mini disjuntor + DR",100%,IF(O73="Mini disjuntor",100%,IF(O73="Disjuntor Motor",0.92,IF(O73="Disjuntor C.M.",100%,IF(O73="Disjuntor C.A.",100%,IFERROR(VLOOKUP('Lista de Cargas'!P73,Motores!$B$9:$T$48,16,FALSE)/100,"Erro")))))))) -> 0.934 | U73: Trifásico | V73: 440 | W73: =IFERROR(IF(U73=$U$344,(P73*746)/(SQRT(3)*S73*T73*V73),(P73*746)/(S73*T73*V73)),0) -> 49.319619 | X73: =IFERROR(Q73/S73,0) -> 35.105882 | Y73: =IFERROR(IF(O73=$O$344,6*W73,IF(O73=$O$345,6*W73,IF(O73=$O$346,3*W73,IF(O73=$O$347,1.5*W73,W73)))),0) -> 73.979429 | AB73: 100 | AG73: =SUM(AB73:AF73) -> 100 | AH73: 1 | AI73: PP 4 x 16mm² - 0,6/1kV - EPR - 90ºC - Cobre | AJ73: =$AG73*AH73*(1+$BJ$1) -> 100 | AK73: 0 | AL73: NA | AM73: =$AG73*AK73*(1+$BJ$1) -> 0 | AN73: 0 | AO73: NA | AP73: =$AG73*AN73*(1+$BJ$1) -> 0 | AQ73: 180L | AR73: =IFERROR(VLOOKUP(AQ73,$O$368:$P$412,2,1),"NA") -> 1.1/2" | AS73: 1 | BF73: =IFERROR(IF(F73=$O$358,0,IF(S73>$BH$1,0,IF(O73=$O$347,0,SQRT((X73^2)-(Q73^2))-(SQRT(((Q73/$BH$1)^2)-(Q73^2)))))),0) -> 0
A74: 200 | B74: Preparo da pasta, hidrólise e resfriamento do mosto | C74: BCE - 2002 A | D74: MOTO-BOMBA DE MOSTO | N74: Painel CCM-3.1 | O74: Inversor | P74: 60 | Q74: =P74*0.746 -> 44.76 | S74: =IF(O74="","",IF(O74="NA","",IF(O74="Mini disjuntor + DR",0.92,IF(O74="Mini disjuntor",0.92,IF(O74="Disjuntor Motor",0.92,IF(O74="Disjuntor C.M.",0.92,IF(O74="Disjuntor C.A.",0.92,IFERROR(VLOOKUP('Lista de Cargas'!P74,Motores!$B$9:$T$48,19,FALSE),"Erro")))))))) -> 0.86 | T74: =IF(O74="","",IF(O74="NA","",IF(O74="Mini disjuntor + DR",100%,IF(O74="Mini disjuntor",100%,IF(O74="Disjuntor Motor",0.92,IF(O74="Disjuntor C.M.",100%,IF(O74="Disjuntor C.A.",100%,IFERROR(VLOOKUP('Lista de Cargas'!P74,Motores!$B$9:$T$48,16,FALSE)/100,"Erro")))))))) -> 0.941 | U74: Trifásico | V74: 440 | W74: =IFERROR(IF(U74=$U$344,(P74*746)/(SQRT(3)*S74*T74*V74),(P74*746)/(S74*T74*V74)),0) -> 72.575277 | X74: =IFERROR(Q74/S74,0) -> 52.046512 | Y74: =IFERROR(IF(O74=$O$344,6*W74,IF(O74=$O$345,6*W74,IF(O74=$O$346,3*W74,IF(O74=$O$347,1.5*W74,W74)))),0) -> 108.86291 | AB74: 100 | AG74: =SUM(AB74:AF74) -> 100 | AH74: 1 | AI74: PP 4 x 16mm² - 0,6/1kV - EPR - 90ºC - Cobre | AJ74: =$AG74*AH74*(1+$BJ$1) -> 100 | AK74: 0 | AL74: NA | AM74: =$AG74*AK74*(1+$BJ$1) -> 0 | AN74: 0 | AO74: NA | AP74: =$AG74*AN74*(1+$BJ$1) -> 0 | AQ74: 180L | AR74: =IFERROR(VLOOKUP(AQ74,$O$368:$P$412,2,1),"NA") -> 1.1/2" | AS74: 1 | BF74: =IFERROR(IF(F74=$O$358,0,IF(S74>$BH$1,0,IF(O74=$O$347,0,SQRT((X74^2)-(Q74^2))-(SQRT(((Q74/$BH$1)^2)-(Q74^2)))))),0) -> 0
A75: 200 | B75: Preparo da pasta, hidrólise e resfriamento do mosto | C75: BCE - 2002 B | D75: MOTO-BOMBA DE MOSTO | N75: Painel CCM-3.1 | O75: Inversor | P75: 60 | Q75: =P75*0.746 -> 44.76 | S75: =IF(O75="","",IF(O75="NA","",IF(O75="Mini disjuntor + DR",0.92,IF(O75="Mini disjuntor",0.92,IF(O75="Disjuntor Motor",0.92,IF(O75="Disjuntor C.M.",0.92,IF(O75="Disjuntor C.A.",0.92,IFERROR(VLOOKUP('Lista de Cargas'!P75,Motores!$B$9:$T$48,19,FALSE),"Erro")))))))) -> 0.86 | T75: =IF(O75="","",IF(O75="NA","",IF(O75="Mini disjuntor + DR",100%,IF(O75="Mini disjuntor",100%,IF(O75="Disjuntor Motor",0.92,IF(O75="Disjuntor C.M.",100%,IF(O75="Disjuntor C.A.",100%,IFERROR(VLOOKUP('Lista de Cargas'!P75,Motores!$B$9:$T$48,16,FALSE)/100,"Erro")))))))) -> 0.941 | U75: Trifásico | V75: 440 | W75: =IFERROR(IF(U75=$U$344,(P75*746)/(SQRT(3)*S75*T75*V75),(P75*746)/(S75*T75*V75)),0) -> 72.575277 | X75: =IFERROR(Q75/S75,0) -> 52.046512 | Y75: =IFERROR(IF(O75=$O$344,6*W75,IF(O75=$O$345,6*W75,IF(O75=$O$346,3*W75,IF(O75=$O$347,1.5*W75,W75)))),0) -> 108.86291 | AB75: 100 | AG75: =SUM(AB75:AF75) -> 100 | AH75: 1 | AI75: PP 4 x 16mm² - 0,6/1kV - EPR - 90ºC - Cobre | AJ75: =$AG75*AH75*(1+$BJ$1) -> 100 | AK75: 0 | AL75: NA | AM75: =$AG75*AK75*(1+$BJ$1) -> 0 | AN75: 0 | AO75: NA | AP75: =$AG75*AN75*(1+$BJ$1) -> 0 | AQ75: 180L | AR75: =IFERROR(VLOOKUP(AQ75,$O$368:$P$412,2,1),"NA") -> 1.1/2" | AS75: 1 | BF75: =IFERROR(IF(F75=$O$358,0,IF(S75>$BH$1,0,IF(O75=$O$347,0,SQRT((X75^2)-(Q75^2))-(SQRT(((Q75/$BH$1)^2)-(Q75^2)))))),0) -> 0
A76: 200 | B76: Preparo da pasta, hidrólise e resfriamento do mosto | C76: BCE - 2003 | D76: MOTO-BOMBA - CIP TANQUE DE HIDRÓLISE | N76: Painel CCM-3.1 | O76: Direta | P76: 10 | Q76: =P76*0.746 -> 7.46 | S76: =IF(O76="","",IF(O76="NA","",IF(O76="Mini disjuntor + DR",0.92,IF(O76="Mini disjuntor",0.92,IF(O76="Disjuntor Motor",0.92,IF(O76="Disjuntor C.M.",0.92,IF(O76="Disjuntor C.A.",0.92,IFERROR(VLOOKUP('Lista de Cargas'!P76,Motores!$B$9:$T$48,19,FALSE),"Erro")))))))) -> 0.84 | T76: =IF(O76="","",IF(O76="NA","",IF(O76="Mini disjuntor + DR",100%,IF(O76="Mini disjuntor",100%,IF(O76="Disjuntor Motor",0.92,IF(O76="Disjuntor C.M.",100%,IF(O76="Disjuntor C.A.",100%,IFERROR(VLOOKUP('Lista de Cargas'!P76,Motores!$B$9:$T$48,16,FALSE)/100,"Erro")))))))) -> 0.91 | U76: Trifásico | V76: 440 | W76: =IFERROR(IF(U76=$U$344,(P76*746)/(SQRT(3)*S76*T76*V76),(P76*746)/(S76*T76*V76)),0) -> 12.805745 | X76: =IFERROR(Q76/S76,0) -> 8.8809524 | Y76: =IFERROR(IF(O76=$O$344,6*W76,IF(O76=$O$345,6*W76,IF(O76=$O$346,3*W76,IF(O76=$O$347,1.5*W76,W76)))),0) -> 76.834469 | AB76: 100 | AG76: =SUM(AB76:AF76) -> 100 | AH76: 1 | AI76: PP 4 x 6mm² - 0,6/1kV - EPR - 90ºC - Cobre | AJ76: =$AG76*AH76*(1+$BJ$1) -> 100 | AK76: 0 | AL76: NA | AM76: =$AG76*AK76*(1+$BJ$1) -> 0 | AN76: 0 | AO76: NA | AP76: =$AG76*AN76*(1+$BJ$1) -> 0 | AQ76: 132M/L | AR76: =IFERROR(VLOOKUP(AQ76,$O$368:$P$412,2,1),"NA") -> 1" | AS76: 1 | BF76: =IFERROR(IF(F76=$O$358,0,IF(S76>$BH$1,0,IF(O76=$O$347,0,SQRT((X76^2)-(Q76^2))-(SQRT(((Q76/$BH$1)^2)-(Q76^2)))))),0) -> 1.6407373
A77: 200 | B77: Preparo da pasta, hidrólise e resfriamento do mosto | C77: PRM-2001 | D77: PRÉ-MASHER | O77: Inversor | P77: 125 | Q77: =P77*0.746 -> 93.25 | S77: =IF(O77="","",IF(O77="NA","",IF(O77="Mini disjuntor + DR",0.92,IF(O77="Mini disjuntor",0.92,IF(O77="Disjuntor Motor",0.92,IF(O77="Disjuntor C.M.",0.92,IF(O77="Disjuntor C.A.",0.92,IFERROR(VLOOKUP('Lista de Cargas'!P77,Motores!$B$9:$T$48,19,FALSE),"Erro")))))))) -> 0.85 | T77: =IF(O77="","",IF(O77="NA","",IF(O77="Mini disjuntor + DR",100%,IF(O77="Mini disjuntor",100%,IF(O77="Disjuntor Motor",0.92,IF(O77="Disjuntor C.M.",100%,IF(O77="Disjuntor C.A.",100%,IFERROR(VLOOKUP('Lista de Cargas'!P77,Motores!$B$9:$T$48,16,FALSE)/100,"Erro")))))))) -> 0.949 | U77: Trifásico | V77: 440 | W77: =IFERROR(IF(U77=$U$344,(P77*746)/(SQRT(3)*S77*T77*V77),(P77*746)/(S77*T77*V77)),0) -> 151.68771 | X77: =IFERROR(Q77/S77,0) -> 109.70588 | Y77: =IFERROR(IF(O77=$O$344,6*W77,IF(O77=$O$345,6*W77,IF(O77=$O$346,3*W77,IF(O77=$O$347,1.5*W77,W77)))),0) -> 227.53157 | AB77: 100 | AG77: =SUM(AB77:AF77) -> 100 | AH77: 3 | AI77: 50mm² - 0,6/1kV - PT - EPR - 90ºC - Cobre | AJ77: =$AG77*AH77*(1+$BJ$1) -> 300 | AK77: 0 | AL77: NA | AM77: =$AG77*AK77*(1+$BJ$1) -> 0 | AN77: 1 | AO77: 25mm² - 0,6/1kV - VD - EPR - 90ºC - Cobre | AP77: =$AG77*AN77*(1+$BJ$1) -> 100 | AQ77: 200L | AR77: =IFERROR(VLOOKUP(AQ77,$O$368:$P$412,2,1),"NA") -> 2" | AS77: 1 | BF77: =IFERROR(IF(F77=$O$358,0,IF(S77>$BH$1,0,IF(O77=$O$347,0,SQRT((X77^2)-(Q77^2))-(SQRT(((Q77/$BH$1)^2)-(Q77^2)))))),0) -> 0
A78: 200 | B78: Preparo da pasta, hidrólise e resfriamento do mosto | C78: FCV-2007 | D78: VÁLVULA ROTATIVA | N78: Painel CCM-3.1 | O78: Inversor | P78: 3 | Q78: =P78*0.746 -> 2.238 | S78: =IF(O78="","",IF(O78="NA","",IF(O78="Mini disjuntor + DR",0.92,IF(O78="Mini disjuntor",0.92,IF(O78="Disjuntor Motor",0.92,IF(O78="Disjuntor C.M.",0.92,IF(O78="Disjuntor C.A.",0.92,IFERROR(VLOOKUP('Lista de Cargas'!P78,Motores!$B$9:$T$48,19,FALSE),"Erro")))))))) -> 0.83 | T78: =IF(O78="","",IF(O78="NA","",IF(O78="Mini disjuntor + DR",100%,IF(O78="Mini disjuntor",100%,IF(O78="Disjuntor Motor",0.92,IF(O78="Disjuntor C.M.",100%,IF(O78="Disjuntor C.A.",100%,IFERROR(VLOOKUP('Lista de Cargas'!P78,Motores!$B$9:$T$48,16,FALSE)/100,"Erro")))))))) -> 0.851 | U78: Trifásico | V78: 440 | W78: =IFERROR(IF(U78=$U$344,(P78*746)/(SQRT(3)*S78*T78*V78),(P78*746)/(S78*T78*V78)),0) -> 4.1575657 | X78: =IFERROR(Q78/S78,0) -> 2.6963855 | Y78: =IFERROR(IF(O78=$O$344,6*W78,IF(O78=$O$345,6*W78,IF(O78=$O$346,3*W78,IF(O78=$O$347,1.5*W78,W78)))),0) -> 6.2363486 | AB78: 100 | AG78: =SUM(AB78:AF78) -> 100 | AH78: 1 | AI78: PP 4 x 2,5mm² - 0,6/1kV - EPR - 90ºC - Cobre | AJ78: =$AG78*AH78*(1+$BJ$1) -> 100 | AK78: 0 | AL78: NA | AM78: =$AG78*AK78*(1+$BJ$1) -> 0 | AN78: 0 | AO78: NA | AP78: =$AG78*AN78*(1+$BJ$1) -> 0 | AQ78: 100L | AR78: =IFERROR(VLOOKUP(AQ78,$O$368:$P$412,2,1),"NA") -> 3/4" | AS78: 1 | BF78: =IFERROR(IF(F78=$O$358,0,IF(S78>$BH$1,0,IF(O78=$O$347,0,SQRT((X78^2)-(Q78^2))-(SQRT(((Q78/$BH$1)^2)-(Q78^2)))))),0) -> 0
A79: 200 | B79: Preparo da pasta, hidrólise e resfriamento do mosto | C79: AGT-2001 | D79: AGITADOR TANQUE DE PASTA | N79: Painel CCM-3.1 | O79: Inversor | P79: 30 | Q79: =P79*0.746 -> 22.38 | S79: =IF(O79="","",IF(O79="NA","",IF(O79="Mini disjuntor + DR",0.92,IF(O79="Mini disjuntor",0.92,IF(O79="Disjuntor Motor",0.92,IF(O79="Disjuntor C.M.",0.92,IF(O79="Disjuntor C.A.",0.92,IFERROR(VLOOKUP('Lista de Cargas'!P79,Motores!$B$9:$T$48,19,FALSE),"Erro")))))))) -> 0.84 | T79: =IF(O79="","",IF(O79="NA","",IF(O79="Mini disjuntor + DR",100%,IF(O79="Mini disjuntor",100%,IF(O79="Disjuntor Motor",0.92,IF(O79="Disjuntor C.M.",100%,IF(O79="Disjuntor C.A.",100%,IFERROR(VLOOKUP('Lista de Cargas'!P79,Motores!$B$9:$T$48,16,FALSE)/100,"Erro")))))))) -> 0.93 | U79: Trifásico | V79: 440 | W79: =IFERROR(IF(U79=$U$344,(P79*746)/(SQRT(3)*S79*T79*V79),(P79*746)/(S79*T79*V79)),0) -> 37.591058 | X79: =IFERROR(Q79/S79,0) -> 26.642857 | Y79: =IFERROR(IF(O79=$O$344,6*W79,IF(O79=$O$345,6*W79,IF(O79=$O$346,3*W79,IF(O79=$O$347,1.5*W79,W79)))),0) -> 56.386586 | AB79: 100 | AG79: =SUM(AB79:AF79) -> 100 | AH79: 1 | AI79: PP 4 x 10mm² - 0,6/1kV - EPR - 90ºC - Cobre | AJ79: =$AG79*AH79*(1+$BJ$1) -> 100 | AK79: 0 | AL79: NA | AM79: =$AG79*AK79*(1+$BJ$1) -> 0 | AN79: 0 | AO79: NA | AP79: =$AG79*AN79*(1+$BJ$1) -> 0 | AQ79: 132M | AR79: =IFERROR(VLOOKUP(AQ79,$O$368:$P$412,2,1),"NA") -> 1" | AS79: 1 | BF79: =IFERROR(IF(F79=$O$358,0,IF(S79>$BH$1,0,IF(O79=$O$347,0,SQRT((X79^2)-(Q79^2))-(SQRT(((Q79/$BH$1)^2)-(Q79^2)))))),0) -> 0
A80: 200 | B80: Preparo da pasta, hidrólise e resfriamento do mosto | C80: AGT-2002 | D80: AGITADOR TANQUE DE HIDRÓLISE | N80: Painel CCM-3.1 | O80: Inversor | P80: 30 | Q80: =P80*0.746 -> 22.38 | S80: =IF(O80="","",IF(O80="NA","",IF(O80="Mini disjuntor + DR",0.92,IF(O80="Mini disjuntor",0.92,IF(O80="Disjuntor Motor",0.92,IF(O80="Disjuntor C.M.",0.92,IF(O80="Disjuntor C.A.",0.92,IFERROR(VLOOKUP('Lista de Cargas'!P80,Motores!$B$9:$T$48,19,FALSE),"Erro")))))))) -> 0.84 | T80: =IF(O80="","",IF(O80="NA","",IF(O80="Mini disjuntor + DR",100%,IF(O80="Mini disjuntor",100%,IF(O80="Disjuntor Motor",0.92,IF(O80="Disjuntor C.M.",100%,IF(O80="Disjuntor C.A.",100%,IFERROR(VLOOKUP('Lista de Cargas'!P80,Motores!$B$9:$T$48,16,FALSE)/100,"Erro")))))))) -> 0.93 | U80: Trifásico | V80: 440 | W80: =IFERROR(IF(U80=$U$344,(P80*746)/(SQRT(3)*S80*T80*V80),(P80*746)/(S80*T80*V80)),0) -> 37.591058 | X80: =IFERROR(Q80/S80,0) -> 26.642857 | Y80: =IFERROR(IF(O80=$O$344,6*W80,IF(O80=$O$345,6*W80,IF(O80=$O$346,3*W80,IF(O80=$O$347,1.5*W80,W80)))),0) -> 56.386586 | AB80: 100 | AG80: =SUM(AB80:AF80) -> 100 | AH80: 1 | AI80: PP 4 x 10mm² - 0,6/1kV - EPR - 90ºC - Cobre | AJ80: =$AG80*AH80*(1+$BJ$1) -> 100 | AK80: 0 | AL80: NA | AM80: =$AG80*AK80*(1+$BJ$1) -> 0 | AN80: 0 | AO80: NA | AP80: =$AG80*AN80*(1+$BJ$1) -> 0 | AQ80: 132M | AR80: =IFERROR(VLOOKUP(AQ80,$O$368:$P$412,2,1),"NA") -> 1" | AS80: 1 | BF80: =IFERROR(IF(F80=$O$358,0,IF(S80>$BH$1,0,IF(O80=$O$347,0,SQRT((X80^2)-(Q80^2))-(SQRT(((Q80/$BH$1)^2)-(Q80^2)))))),0) -> 0
A81: 200 | B81: Preparo da pasta, hidrólise e resfriamento do mosto | C81: AGT-2003 | D81: AGITADOR TANQUE DE HIDRÓLISE | N81: Painel CCM-3.1 | O81: Inversor | P81: 30 | Q81: =P81*0.746 -> 22.38 | S81: =IF(O81="","",IF(O81="NA","",IF(O81="Mini disjuntor + DR",0.92,IF(O81="Mini disjuntor",0.92,IF(O81="Disjuntor Motor",0.92,IF(O81="Disjuntor C.M.",0.92,IF(O81="Disjuntor C.A.",0.92,IFERROR(VLOOKUP('Lista de Cargas'!P81,Motores!$B$9:$T$48,19,FALSE),"Erro")))))))) -> 0.84 | T81: =IF(O81="","",IF(O81="NA","",IF(O81="Mini disjuntor + DR",100%,IF(O81="Mini disjuntor",100%,IF(O81="Disjuntor Motor",0.92,IF(O81="Disjuntor C.M.",100%,IF(O81="Disjuntor C.A.",100%,IFERROR(VLOOKUP('Lista de Cargas'!P81,Motores!$B$9:$T$48,16,FALSE)/100,"Erro")))))))) -> 0.93 | U81: Trifásico | V81: 440 | W81: =IFERROR(IF(U81=$U$344,(P81*746)/(SQRT(3)*S81*T81*V81),(P81*746)/(S81*T81*V81)),0) -> 37.591058 | X81: =IFERROR(Q81/S81,0) -> 26.642857 | Y81: =IFERROR(IF(O81=$O$344,6*W81,IF(O81=$O$345,6*W81,IF(O81=$O$346,3*W81,IF(O81=$O$347,1.5*W81,W81)))),0) -> 56.386586 | AB81: 100 | AG81: =SUM(AB81:AF81) -> 100 | AH81: 1 | AI81: PP 4 x 10mm² - 0,6/1kV - EPR - 90ºC - Cobre | AJ81: =$AG81*AH81*(1+$BJ$1) -> 100 | AK81: 0 | AL81: NA | AM81: =$AG81*AK81*(1+$BJ$1) -> 0 | AN81: 0 | AO81: NA | AP81: =$AG81*AN81*(1+$BJ$1) -> 0 | AQ81: 132M | AR81: =IFERROR(VLOOKUP(AQ81,$O$368:$P$412,2,1),"NA") -> 1" | AS81: 1 | BF81: =IFERROR(IF(F81=$O$358,0,IF(S81>$BH$1,0,IF(O81=$O$347,0,SQRT((X81^2)-(Q81^2))-(SQRT(((Q81/$BH$1)^2)-(Q81^2)))))),0) -> 0
A82: 200 | B82: Preparo da pasta, hidrólise e resfriamento do mosto | C82: AGT-2004 | D82: AGITADOR TANQUE DE HIDRÓLISE | N82: Painel CCM-3.1 | O82: Inversor | P82: 30 | Q82: =P82*0.746 -> 22.38 | S82: =IF(O82="","",IF(O82="NA","",IF(O82="Mini disjuntor + DR",0.92,IF(O82="Mini disjuntor",0.92,IF(O82="Disjuntor Motor",0.92,IF(O82="Disjuntor C.M.",0.92,IF(O82="Disjuntor C.A.",0.92,IFERROR(VLOOKUP('Lista de Cargas'!P82,Motores!$B$9:$T$48,19,FALSE),"Erro")))))))) -> 0.84 | T82: =IF(O82="","",IF(O82="NA","",IF(O82="Mini disjuntor + DR",100%,IF(O82="Mini disjuntor",100%,IF(O82="Disjuntor Motor",0.92,IF(O82="Disjuntor C.M.",100%,IF(O82="Disjuntor C.A.",100%,IFERROR(VLOOKUP('Lista de Cargas'!P82,Motores!$B$9:$T$48,16,FALSE)/100,"Erro")))))))) -> 0.93 | U82: Trifásico | V82: 440 | W82: =IFERROR(IF(U82=$U$344,(P82*746)/(SQRT(3)*S82*T82*V82),(P82*746)/(S82*T82*V82)),0) -> 37.591058 | X82: =IFERROR(Q82/S82,0) -> 26.642857 | Y82: =IFERROR(IF(O82=$O$344,6*W82,IF(O82=$O$345,6*W82,IF(O82=$O$346,3*W82,IF(O82=$O$347,1.5*W82,W82)))),0) -> 56.386586 | AB82: 100 | AG82: =SUM(AB82:AF82) -> 100 | AH82: 1 | AI82: PP 4 x 10mm² - 0,6/1kV - EPR - 90ºC - Cobre | AJ82: =$AG82*AH82*(1+$BJ$1) -> 100 | AK82: 0 | AL82: NA | AM82: =$AG82*AK82*(1+$BJ$1) -> 0 | AN82: 0 | AO82: NA | AP82: =$AG82*AN82*(1+$BJ$1) -> 0 | AQ82: 132M | AR82: =IFERROR(VLOOKUP(AQ82,$O$368:$P$412,2,1),"NA") -> 1" | AS82: 1 | BF82: =IFERROR(IF(F82=$O$358,0,IF(S82>$BH$1,0,IF(O82=$O$347,0,SQRT((X82^2)-(Q82^2))-(SQRT(((Q82/$BH$1)^2)-(Q82^2)))))),0) -> 0
A83: 200 | B83: Preparo da pasta, hidrólise e resfriamento do mosto | C83: CLT-2001 | D83: CABEÇOTE DE LIMPEZA - TANQUE DE PASTA | N83: Painel CCM-3.1 | O83: Direta | P83: 0.03 | Q83: =P83*0.746 -> 0.02238 | S83: 0.84 | T83: 0.93 | U83: Mono/Bi/Vcc | V83: 220 | W83: =IFERROR(IF(U83=$U$344,(P83*746)/(SQRT(3)*S83*T83*V83),(P83*746)/(S83*T83*V83)),0) -> 0.13021924 | X83: =IFERROR(Q83/S83,0) -> 0.026642857 | Y83: =IFERROR(IF(O83=$O$344,6*W83,IF(O83=$O$345,6*W83,IF(O83=$O$346,3*W83,IF(O83=$O$347,1.5*W83,W83)))),0) -> 0.78131546 | AB83: 100 | AG83: =SUM(AB83:AF83) -> 100 | AH83: 1 | AI83: PP 3 x 2,5mm² - 0,6/1kV - EPR - 90ºC - Cobre | AJ83: =$AG83*AH83*(1+$BJ$1) -> 100 | AK83: 0 | AL83: NA | AM83: =$AG83*AK83*(1+$BJ$1) -> 0 | AN83: 0 | AO83: NA | AP83: =$AG83*AN83*(1+$BJ$1) -> 0 | AQ83: 100L | AR83: =IFERROR(VLOOKUP(AQ83,$O$368:$P$412,2,1),"NA") -> 3/4" | AS83: 1 | BF83: =IFERROR(IF(F83=$O$358,0,IF(S83>$BH$1,0,IF(O83=$O$347,0,SQRT((X83^2)-(Q83^2))-(SQRT(((Q83/$BH$1)^2)-(Q83^2)))))),0) -> 0.0049222118
A84: 200 | B84: Preparo da pasta, hidrólise e resfriamento do mosto | C84: CLT-2002 | D84: CABEÇOTE DE LIMPEZA - TANQUE DE PASTA | N84: Painel CCM-3.1 | O84: Direta | P84: 0.03 | Q84: =P84*0.746 -> 0.02238 | S84: 0.84 | T84: 0.93 | U84: Mono/Bi/Vcc | V84: 220 | W84: =IFERROR(IF(U84=$U$344,(P84*746)/(SQRT(3)*S84*T84*V84),(P84*746)/(S84*T84*V84)),0) -> 0.13021924 | X84: =IFERROR(Q84/S84,0) -> 0.026642857 | Y84: =IFERROR(IF(O84=$O$344,6*W84,IF(O84=$O$345,6*W84,IF(O84=$O$346,3*W84,IF(O84=$O$347,1.5*W84,W84)))),0) -> 0.78131546 | AB84: 100 | AG84: =SUM(AB84:AF84) -> 100 | AH84: 1 | AI84: PP 3 x 2,5mm² - 0,6/1kV - EPR - 90ºC - Cobre | AJ84: =$AG84*AH84*(1+$BJ$1) -> 100 | AK84: 0 | AL84: NA | AM84: =$AG84*AK84*(1+$BJ$1) -> 0 | AN84: 0 | AO84: NA | AP84: =$AG84*AN84*(1+$BJ$1) -> 0 | AQ84: 100L | AR84: =IFERROR(VLOOKUP(AQ84,$O$368:$P$412,2,1),"NA") -> 3/4" | AS84: 1 | BF84: =IFERROR(IF(F84=$O$358,0,IF(S84>$BH$1,0,IF(O84=$O$347,0,SQRT((X84^2)-(Q84^2))-(SQRT(((Q84/$BH$1)^2)-(Q84^2)))))),0) -> 0.0049222118
A85: 200 | B85: Preparo da pasta, hidrólise e resfriamento do mosto | C85: CLT-2003 | D85: CABEÇOTE DE LIMPEZA - TANQUE DE HIDRÓLISE TNQ-2002 | N85: Painel CCM-3.1 | O85: Direta | P85: 0.03 | Q85: =P85*0.746 -> 0.02238 | S85: 0.84 | T85: 0.93 | U85: Mono/Bi/Vcc | V85: 220 | W85: =IFERROR(IF(U85=$U$344,(P85*746)/(SQRT(3)*S85*T85*V85),(P85*746)/(S85*T85*V85)),0) -> 0.13021924 | X85: =IFERROR(Q85/S85,0) -> 0.026642857 | Y85: =IFERROR(IF(O85=$O$344,6*W85,IF(O85=$O$345,6*W85,IF(O85=$O$346,3*W85,IF(O85=$O$347,1.5*W85,W85)))),0) -> 0.78131546 | AB85: 100 | AG85: =SUM(AB85:AF85) -> 100 | AH85: 1 | AI85: PP 3 x 2,5mm² - 0,6/1kV - EPR - 90ºC - Cobre | AJ85: =$AG85*AH85*(1+$BJ$1) -> 100 | AK85: 0 | AL85: NA | AM85: =$AG85*AK85*(1+$BJ$1) -> 0 | AN85: 0 | AO85: NA | AP85: =$AG85*AN85*(1+$BJ$1) -> 0 | AQ85: 100L | AR85: =IFERROR(VLOOKUP(AQ85,$O$368:$P$412,2,1),"NA") -> 3/4" | AS85: 1 | BF85: =IFERROR(IF(F85=$O$358,0,IF(S85>$BH$1,0,IF(O85=$O$347,0,SQRT((X85^2)-(Q85^2))-(SQRT(((Q85/$BH$1)^2)-(Q85^2)))))),0) -> 0.0049222118
A86: 200 | B86: Preparo da pasta, hidrólise e resfriamento do mosto | C86: CLT-2004 | D86: CABEÇOTE DE LIMPEZA - TANQUE DE HIDRÓLISE TNQ-2002 | N86: Painel CCM-3.1 | O86: Direta | P86: 0.03 | Q86: =P86*0.746 -> 0.02238 | S86: 0.84 | T86: 0.93 | U86: Mono/Bi/Vcc | V86: 220 | W86: =IFERROR(IF(U86=$U$344,(P86*746)/(SQRT(3)*S86*T86*V86),(P86*746)/(S86*T86*V86)),0) -> 0.13021924 | X86: =IFERROR(Q86/S86,0) -> 0.026642857 | Y86: =IFERROR(IF(O86=$O$344,6*W86,IF(O86=$O$345,6*W86,IF(O86=$O$346,3*W86,IF(O86=$O$347,1.5*W86,W86)))),0) -> 0.78131546 | AB86: 100 | AG86: =SUM(AB86:AF86) -> 100 | AH86: 1 | AI86: PP 3 x 2,5mm² - 0,6/1kV - EPR - 90ºC - Cobre | AJ86: =$AG86*AH86*(1+$BJ$1) -> 100 | AK86: 0 | AL86: NA | AM86: =$AG86*AK86*(1+$BJ$1) -> 0 | AN86: 0 | AO86: NA | AP86: =$AG86*AN86*(1+$BJ$1) -> 0 | AQ86: 100L | AR86: =IFERROR(VLOOKUP(AQ86,$O$368:$P$412,2,1),"NA") -> 3/4" | AS86: 1 | BF86: =IFERROR(IF(F86=$O$358,0,IF(S86>$BH$1,0,IF(O86=$O$347,0,SQRT((X86^2)-(Q86^2))-(SQRT(((Q86/$BH$1)^2)-(Q86^2)))))),0) -> 0.0049222118
A87: 200 | B87: Preparo da pasta, hidrólise e resfriamento do mosto | C87: CLT-2005 | D87: CABEÇOTE DE LIMPEZA - TANQUE DE HIDRÓLISE TNQ-2003 | N87: Painel CCM-3.1 | O87: Direta | P87: 0.03 | Q87: =P87*0.746 -> 0.02238 | S87: 0.84 | T87: 0.93 | U87: Mono/Bi/Vcc | V87: 220 | W87: =IFERROR(IF(U87=$U$344,(P87*746)/(SQRT(3)*S87*T87*V87),(P87*746)/(S87*T87*V87)),0) -> 0.13021924 | X87: =IFERROR(Q87/S87,0) -> 0.026642857 | Y87: =IFERROR(IF(O87=$O$344,6*W87,IF(O87=$O$345,6*W87,IF(O87=$O$346,3*W87,IF(O87=$O$347,1.5*W87,W87)))),0) -> 0.78131546 | AB87: 100 | AG87: =SUM(AB87:AF87) -> 100 | AH87: 1 | AI87: PP 3 x 2,5mm² - 0,6/1kV - EPR - 90ºC - Cobre | AJ87: =$AG87*AH87*(1+$BJ$1) -> 100 | AK87: 0 | AL87: NA | AM87: =$AG87*AK87*(1+$BJ$1) -> 0 | AN87: 0 | AO87: NA | AP87: =$AG87*AN87*(1+$BJ$1) -> 0 | AQ87: 100L | AR87: =IFERROR(VLOOKUP(AQ87,$O$368:$P$412,2,1),"NA") -> 3/4" | AS87: 1 | BF87: =IFERROR(IF(F87=$O$358,0,IF(S87>$BH$1,0,IF(O87=$O$347,0,SQRT((X87^2)-(Q87^2))-(SQRT(((Q87/$BH$1)^2)-(Q87^2)))))),0) -> 0.0049222118
A88: 200 | B88: Preparo da pasta, hidrólise e resfriamento do mosto | C88: CLT-2006 | D88: CABEÇOTE DE LIMPEZA - TANQUE DE HIDRÓLISE TNQ-2003 | N88: Painel CCM-3.1 | O88: Direta | P88: 0.03 | Q88: =P88*0.746 -> 0.02238 | S88: 0.84 | T88: 0.93 | U88: Mono/Bi/Vcc | V88: 220 | W88: =IFERROR(IF(U88=$U$344,(P88*746)/(SQRT(3)*S88*T88*V88),(P88*746)/(S88*T88*V88)),0) -> 0.13021924 | X88: =IFERROR(Q88/S88,0) -> 0.026642857 | Y88: =IFERROR(IF(O88=$O$344,6*W88,IF(O88=$O$345,6*W88,IF(O88=$O$346,3*W88,IF(O88=$O$347,1.5*W88,W88)))),0) -> 0.78131546 | AB88: 100 | AG88: =SUM(AB88:AF88) -> 100 | AH88: 1 | AI88: PP 3 x 2,5mm² - 0,6/1kV - EPR - 90ºC - Cobre | AJ88: =$AG88*AH88*(1+$BJ$1) -> 100 | AK88: 0 | AL88: NA | AM88: =$AG88*AK88*(1+$BJ$1) -> 0 | AN88: 0 | AO88: NA | AP88: =$AG88*AN88*(1+$BJ$1) -> 0 | AQ88: 100L | AR88: =IFERROR(VLOOKUP(AQ88,$O$368:$P$412,2,1),"NA") -> 3/4" | AS88: 1 | BF88: =IFERROR(IF(F88=$O$358,0,IF(S88>$BH$1,0,IF(O88=$O$347,0,SQRT((X88^2)-(Q88^2))-(SQRT(((Q88/$BH$1)^2)-(Q88^2)))))),0) -> 0.0049222118
A89: 200 | B89: Preparo da pasta, hidrólise e resfriamento do mosto | C89: CLT-2007 | D89: CABEÇOTE DE LIMPEZA - TANQUE DE HIDRÓLISE TNQ-2004 | N89: Painel CCM-3.1 | O89: Direta | P89: 0.03 | Q89: =P89*0.746 -> 0.02238 | S89: 0.84 | T89: 0.93 | U89: Mono/Bi/Vcc | V89: 220 | W89: =IFERROR(IF(U89=$U$344,(P89*746)/(SQRT(3)*S89*T89*V89),(P89*746)/(S89*T89*V89)),0) -> 0.13021924 | X89: =IFERROR(Q89/S89,0) -> 0.026642857 | Y89: =IFERROR(IF(O89=$O$344,6*W89,IF(O89=$O$345,6*W89,IF(O89=$O$346,3*W89,IF(O89=$O$347,1.5*W89,W89)))),0) -> 0.78131546 | AB89: 100 | AG89: =SUM(AB89:AF89) -> 100 | AH89: 1 | AI89: PP 3 x 2,5mm² - 0,6/1kV - EPR - 90ºC - Cobre | AJ89: =$AG89*AH89*(1+$BJ$1) -> 100 | AK89: 0 | AL89: NA | AM89: =$AG89*AK89*(1+$BJ$1) -> 0 | AN89: 0 | AO89: NA | AP89: =$AG89*AN89*(1+$BJ$1) -> 0 | AQ89: 100L | AR89: =IFERROR(VLOOKUP(AQ89,$O$368:$P$412,2,1),"NA") -> 3/4" | AS89: 1 | BF89: =IFERROR(IF(F89=$O$358,0,IF(S89>$BH$1,0,IF(O89=$O$347,0,SQRT((X89^2)-(Q89^2))-(SQRT(((Q89/$BH$1)^2)-(Q89^2)))))),0) -> 0.0049222118
A90: 200 | B90: Preparo da pasta, hidrólise e resfriamento do mosto | C90: CLT-2008 | D90: CABEÇOTE DE LIMPEZA - TANQUE DE HIDRÓLISE TNQ-2004 | N90: Painel CCM-3.1 | O90: Direta | P90: 0.03 | Q90: =P90*0.746 -> 0.02238 | S90: 0.84 | T90: 0.93 | U90: Mono/Bi/Vcc | V90: 220 | W90: =IFERROR(IF(U90=$U$344,(P90*746)/(SQRT(3)*S90*T90*V90),(P90*746)/(S90*T90*V90)),0) -> 0.13021924 | X90: =IFERROR(Q90/S90,0) -> 0.026642857 | Y90: =IFERROR(IF(O90=$O$344,6*W90,IF(O90=$O$345,6*W90,IF(O90=$O$346,3*W90,IF(O90=$O$347,1.5*W90,W90)))),0) -> 0.78131546 | AB90: 100 | AG90: =SUM(AB90:AF90) -> 100 | AH90: 1 | AI90: PP 3 x 2,5mm² - 0,6/1kV - EPR - 90ºC - Cobre | AJ90: =$AG90*AH90*(1+$BJ$1) -> 100 | AK90: 0 | AL90: NA | AM90: =$AG90*AK90*(1+$BJ$1) -> 0 | AN90: 0 | AO90: NA | AP90: =$AG90*AN90*(1+$BJ$1) -> 0 | AQ90: 100L | AR90: =IFERROR(VLOOKUP(AQ90,$O$368:$P$412,2,1),"NA") -> 3/4" | AS90: 1 | BF90: =IFERROR(IF(F90=$O$358,0,IF(S90>$BH$1,0,IF(O90=$O$347,0,SQRT((X90^2)-(Q90^2))-(SQRT(((Q90/$BH$1)^2)-(Q90^2)))))),0) -> 0.0049222118
A91: 300 | B91: Fermentação, separação do levedo e pré-fermentação | C91: BCE - 3001 | D91: MOTO-BOMBA - RECIRCULAÇÃO DE VINHO - FERMENTADORES | N91: Painel CCM-3.2 | O91: Inversor | P91: 175 | Q91: =P91*0.746 -> 130.55 | S91: =IF(O91="","",IF(O91="NA","",IF(O91="Mini disjuntor + DR",0.92,IF(O91="Mini disjuntor",0.92,IF(O91="Disjuntor Motor",0.92,IF(O91="Disjuntor C.M.",0.92,IF(O91="Disjuntor C.A.",0.92,IFERROR(VLOOKUP('Lista de Cargas'!P91,Motores!$B$9:$T$48,19,FALSE),"Erro")))))))) -> 0.85 | T91: =IF(O91="","",IF(O91="NA","",IF(O91="Mini disjuntor + DR",100%,IF(O91="Mini disjuntor",100%,IF(O91="Disjuntor Motor",0.92,IF(O91="Disjuntor C.M.",100%,IF(O91="Disjuntor C.A.",100%,IFERROR(VLOOKUP('Lista de Cargas'!P91,Motores!$B$9:$T$48,16,FALSE)/100,"Erro")))))))) -> 0.953 | U91: Trifásico | V91: 440 | W91: =IFERROR(IF(U91=$U$344,(P91*746)/(SQRT(3)*S91*T91*V91),(P91*746)/(S91*T91*V91)),0) -> 211.47145 | X91: =IFERROR(Q91/S91,0) -> 153.58824 | Y91: =IFERROR(IF(O91=$O$344,6*W91,IF(O91=$O$345,6*W91,IF(O91=$O$346,3*W91,IF(O91=$O$347,1.5*W91,W91)))),0) -> 317.20718 | AB91: 90 | AG91: =SUM(AB91:AF91) -> 90 | AH91: 3 | AI91: 70mm² - 0,6/1kV - PT - EPR - 90ºC - Cobre | AJ91: =$AG91*AH91*(1+$BJ$1) -> 270 | AK91: 0 | AL91: NA | AM91: =$AG91*AK91*(1+$BJ$1) -> 0 | AN91: 1 | AO91: 35mm² - 0,6/1kV - VD - EPR - 90ºC - Cobre | AP91: =$AG91*AN91*(1+$BJ$1) -> 90 | AQ91: 200M | AR91: =IFERROR(VLOOKUP(AQ91,$O$368:$P$412,2,1),"NA") -> 2" | AS91: 1 | BF91: =IFERROR(IF(F91=$O$358,0,IF(S91>$BH$1,0,IF(O91=$O$347,0,SQRT((X91^2)-(Q91^2))-(SQRT(((Q91/$BH$1)^2)-(Q91^2)))))),0) -> 0
A92: 300 | B92: Fermentação, separação do levedo e pré-fermentação | C92: BCE - 3002 | D92: MOTO-BOMBA - RECIRCULAÇÃO DE VINHO - FERMENTADORES | N92: Painel CCM-3.2 | O92: Inversor | P92: 175 | Q92: =P92*0.746 -> 130.55 | S92: =IF(O92="","",IF(O92="NA","",IF(O92="Mini disjuntor + DR",0.92,IF(O92="Mini disjuntor",0.92,IF(O92="Disjuntor Motor",0.92,IF(O92="Disjuntor C.M.",0.92,IF(O92="Disjuntor C.A.",0.92,IFERROR(VLOOKUP('Lista de Cargas'!P92,Motores!$B$9:$T$48,19,FALSE),"Erro")))))))) -> 0.85 | T92: =IF(O92="","",IF(O92="NA","",IF(O92="Mini disjuntor + DR",100%,IF(O92="Mini disjuntor",100%,IF(O92="Disjuntor Motor",0.92,IF(O92="Disjuntor C.M.",100%,IF(O92="Disjuntor C.A.",100%,IFERROR(VLOOKUP('Lista de Cargas'!P92,Motores!$B$9:$T$48,16,FALSE)/100,"Erro")))))))) -> 0.953 | U92: Trifásico | V92: 440 | W92: =IFERROR(IF(U92=$U$344,(P92*746)/(SQRT(3)*S92*T92*V92),(P92*746)/(S92*T92*V92)),0) -> 211.47145 | X92: =IFERROR(Q92/S92,0) -> 153.58824 | Y92: =IFERROR(IF(O92=$O$344,6*W92,IF(O92=$O$345,6*W92,IF(O92=$O$346,3*W92,IF(O92=$O$347,1.5*W92,W92)))),0) -> 317.20718 | AB92: 90 | AG92: =SUM(AB92:AF92) -> 90 | AH92: 3 | AI92: 70mm² - 0,6/1kV - PT - EPR - 90ºC - Cobre | AJ92: =$AG92*AH92*(1+$BJ$1) -> 270 | AK92: 0 | AL92: NA | AM92: =$AG92*AK92*(1+$BJ$1) -> 0 | AN92: 1 | AO92: 35mm² - 0,6/1kV - VD - EPR - 90ºC - Cobre | AP92: =$AG92*AN92*(1+$BJ$1) -> 90 | AQ92: 200M | AR92: =IFERROR(VLOOKUP(AQ92,$O$368:$P$412,2,1),"NA") -> 2" | AS92: 1 | BF92: =IFERROR(IF(F92=$O$358,0,IF(S92>$BH$1,0,IF(O92=$O$347,0,SQRT((X92^2)-(Q92^2))-(SQRT(((Q92/$BH$1)^2)-(Q92^2)))))),0) -> 0
A93: 300 | B93: Fermentação, separação do levedo e pré-fermentação | C93: BCE - 3003 | D93: MOTO-BOMBA - RECIRCULAÇÃO DE VINHO - FERMENTADORES | N93: Painel CCM-3.2 | O93: Inversor | P93: 175 | Q93: =P93*0.746 -> 130.55 | S93: =IF(O93="","",IF(O93="NA","",IF(O93="Mini disjuntor + DR",0.92,IF(O93="Mini disjuntor",0.92,IF(O93="Disjuntor Motor",0.92,IF(O93="Disjuntor C.M.",0.92,IF(O93="Disjuntor C.A.",0.92,IFERROR(VLOOKUP('Lista de Cargas'!P93,Motores!$B$9:$T$48,19,FALSE),"Erro")))))))) -> 0.85 | T93: =IF(O93="","",IF(O93="NA","",IF(O93="Mini disjuntor + DR",100%,IF(O93="Mini disjuntor",100%,IF(O93="Disjuntor Motor",0.92,IF(O93="Disjuntor C.M.",100%,IF(O93="Disjuntor C.A.",100%,IFERROR(VLOOKUP('Lista de Cargas'!P93,Motores!$B$9:$T$48,16,FALSE)/100,"Erro")))))))) -> 0.953 | U93: Trifásico | V93: 440 | W93: =IFERROR(IF(U93=$U$344,(P93*746)/(SQRT(3)*S93*T93*V93),(P93*746)/(S93*T93*V93)),0) -> 211.47145 | X93: =IFERROR(Q93/S93,0) -> 153.58824 | Y93: =IFERROR(IF(O93=$O$344,6*W93,IF(O93=$O$345,6*W93,IF(O93=$O$346,3*W93,IF(O93=$O$347,1.5*W93,W93)))),0) -> 317.20718 | AB93: 90 | AG93: =SUM(AB93:AF93) -> 90 | AH93: 3 | AI93: 70mm² - 0,6/1kV - PT - EPR - 90ºC - Cobre | AJ93: =$AG93*AH93*(1+$BJ$1) -> 270 | AK93: 0 | AL93: NA | AM93: =$AG93*AK93*(1+$BJ$1) -> 0 | AN93: 1 | AO93: 35mm² - 0,6/1kV - VD - EPR - 90ºC - Cobre | AP93: =$AG93*AN93*(1+$BJ$1) -> 90 | AQ93: 200M | AR93: =IFERROR(VLOOKUP(AQ93,$O$368:$P$412,2,1),"NA") -> 2" | AS93: 1 | BF93: =IFERROR(IF(F93=$O$358,0,IF(S93>$BH$1,0,IF(O93=$O$347,0,SQRT((X93^2)-(Q93^2))-(SQRT(((Q93/$BH$1)^2)-(Q93^2)))))),0) -> 0
A94: 300 | B94: Fermentação, separação do levedo e pré-fermentação | C94: BCE - 3004 | D94: MOTO-BOMBA - RECIRCULAÇÃO DE VINHO - FERMENTADORES | N94: Painel CCM-3.2 | O94: Inversor | P94: 175 | Q94: =P94*0.746 -> 130.55 | S94: =IF(O94="","",IF(O94="NA","",IF(O94="Mini disjuntor + DR",0.92,IF(O94="Mini disjuntor",0.92,IF(O94="Disjuntor Motor",0.92,IF(O94="Disjuntor C.M.",0.92,IF(O94="Disjuntor C.A.",0.92,IFERROR(VLOOKUP('Lista de Cargas'!P94,Motores!$B$9:$T$48,19,FALSE),"Erro")))))))) -> 0.85 | T94: =IF(O94="","",IF(O94="NA","",IF(O94="Mini disjuntor + DR",100%,IF(O94="Mini disjuntor",100%,IF(O94="Disjuntor Motor",0.92,IF(O94="Disjuntor C.M.",100%,IF(O94="Disjuntor C.A.",100%,IFERROR(VLOOKUP('Lista de Cargas'!P94,Motores!$B$9:$T$48,16,FALSE)/100,"Erro")))))))) -> 0.953 | U94: Trifásico | V94: 440 | W94: =IFERROR(IF(U94=$U$344,(P94*746)/(SQRT(3)*S94*T94*V94),(P94*746)/(S94*T94*V94)),0) -> 211.47145 | X94: =IFERROR(Q94/S94,0) -> 153.58824 | Y94: =IFERROR(IF(O94=$O$344,6*W94,IF(O94=$O$345,6*W94,IF(O94=$O$346,3*W94,IF(O94=$O$347,1.5*W94,W94)))),0) -> 317.20718 | AB94: 90 | AG94: =SUM(AB94:AF94) -> 90 | AH94: 3 | AI94: 70mm² - 0,6/1kV - PT - EPR - 90ºC - Cobre | AJ94: =$AG94*AH94*(1+$BJ$1) -> 270 | AK94: 0 | AL94: NA | AM94: =$AG94*AK94*(1+$BJ$1) -> 0 | AN94: 1 | AO94: 35mm² - 0,6/1kV - VD - EPR - 90ºC - Cobre | AP94: =$AG94*AN94*(1+$BJ$1) -> 90 | AQ94: 200M | AR94: =IFERROR(VLOOKUP(AQ94,$O$368:$P$412,2,1),"NA") -> 2" | AS94: 1 | BF94: =IFERROR(IF(F94=$O$358,0,IF(S94>$BH$1,0,IF(O94=$O$347,0,SQRT((X94^2)-(Q94^2))-(SQRT(((Q94/$BH$1)^2)-(Q94^2)))))),0) -> 0
A95: 300 | B95: Fermentação, separação do levedo e pré-fermentação | C95: BCE - 3005 | D95: MOTO-BOMBA - RECIRCULAÇÃO DE VINHO - FERMENTADORES | N95: Painel CCM-3.2 | O95: Inversor | P95: 175 | Q95: =P95*0.746 -> 130.55 | S95: =IF(O95="","",IF(O95="NA","",IF(O95="Mini disjuntor + DR",0.92,IF(O95="Mini disjuntor",0.92,IF(O95="Disjuntor Motor",0.92,IF(O95="Disjuntor C.M.",0.92,IF(O95="Disjuntor C.A.",0.92,IFERROR(VLOOKUP('Lista de Cargas'!P95,Motores!$B$9:$T$48,19,FALSE),"Erro")))))))) -> 0.85 | T95: =IF(O95="","",IF(O95="NA","",IF(O95="Mini disjuntor + DR",100%,IF(O95="Mini disjuntor",100%,IF(O95="Disjuntor Motor",0.92,IF(O95="Disjuntor C.M.",100%,IF(O95="Disjuntor C.A.",100%,IFERROR(VLOOKUP('Lista de Cargas'!P95,Motores!$B$9:$T$48,16,FALSE)/100,"Erro")))))))) -> 0.953 | U95: Trifásico | V95: 440 | W95: =IFERROR(IF(U95=$U$344,(P95*746)/(SQRT(3)*S95*T95*V95),(P95*746)/(S95*T95*V95)),0) -> 211.47145 | X95: =IFERROR(Q95/S95,0) -> 153.58824 | Y95: =IFERROR(IF(O95=$O$344,6*W95,IF(O95=$O$345,6*W95,IF(O95=$O$346,3*W95,IF(O95=$O$347,1.5*W95,W95)))),0) -> 317.20718 | AB95: 90 | AG95: =SUM(AB95:AF95) -> 90 | AH95: 3 | AI95: 70mm² - 0,6/1kV - PT - EPR - 90ºC - Cobre | AJ95: =$AG95*AH95*(1+$BJ$1) -> 270 | AK95: 0 | AL95: NA | AM95: =$AG95*AK95*(1+$BJ$1) -> 0 | AN95: 1 | AO95: 35mm² - 0,6/1kV - VD - EPR - 90ºC - Cobre | AP95: =$AG95*AN95*(1+$BJ$1) -> 90 | AQ95: 200M | AR95: =IFERROR(VLOOKUP(AQ95,$O$368:$P$412,2,1),"NA") -> 2" | AS95: 1 | BF95: =IFERROR(IF(F95=$O$358,0,IF(S95>$BH$1,0,IF(O95=$O$347,0,SQRT((X95^2)-(Q95^2))-(SQRT(((Q95/$BH$1)^2)-(Q95^2)))))),0) -> 0
A96: 300 | B96: Fermentação, separação do levedo e pré-fermentação | C96: BCE - 3006 | D96: MOTO-BOMBA - RECIRCULAÇÃO DE VINHO - FERMENTADORES | N96: Painel CCM-3.2 | O96: Inversor | P96: 175 | Q96: =P96*0.746 -> 130.55 | S96: =IF(O96="","",IF(O96="NA","",IF(O96="Mini disjuntor + DR",0.92,IF(O96="Mini disjuntor",0.92,IF(O96="Disjuntor Motor",0.92,IF(O96="Disjuntor C.M.",0.92,IF(O96="Disjuntor C.A.",0.92,IFERROR(VLOOKUP('Lista de Cargas'!P96,Motores!$B$9:$T$48,19,FALSE),"Erro")))))))) -> 0.85 | T96: =IF(O96="","",IF(O96="NA","",IF(O96="Mini disjuntor + DR",100%,IF(O96="Mini disjuntor",100%,IF(O96="Disjuntor Motor",0.92,IF(O96="Disjuntor C.M.",100%,IF(O96="Disjuntor C.A.",100%,IFERROR(VLOOKUP('Lista de Cargas'!P96,Motores!$B$9:$T$48,16,FALSE)/100,"Erro")))))))) -> 0.953 | U96: Trifásico | V96: 440 | W96: =IFERROR(IF(U96=$U$344,(P96*746)/(SQRT(3)*S96*T96*V96),(P96*746)/(S96*T96*V96)),0) -> 211.47145 | X96: =IFERROR(Q96/S96,0) -> 153.58824 | Y96: =IFERROR(IF(O96=$O$344,6*W96,IF(O96=$O$345,6*W96,IF(O96=$O$346,3*W96,IF(O96=$O$347,1.5*W96,W96)))),0) -> 317.20718 | AB96: 90 | AG96: =SUM(AB96:AF96) -> 90 | AH96: 3 | AI96: 70mm² - 0,6/1kV - PT - EPR - 90ºC - Cobre | AJ96: =$AG96*AH96*(1+$BJ$1) -> 270 | AK96: 0 | AL96: NA | AM96: =$AG96*AK96*(1+$BJ$1) -> 0 | AN96: 1 | AO96: 35mm² - 0,6/1kV - VD - EPR - 90ºC - Cobre | AP96: =$AG96*AN96*(1+$BJ$1) -> 90 | AQ96: 200M | AR96: =IFERROR(VLOOKUP(AQ96,$O$368:$P$412,2,1),"NA") -> 2" | AS96: 1 | BF96: =IFERROR(IF(F96=$O$358,0,IF(S96>$BH$1,0,IF(O96=$O$347,0,SQRT((X96^2)-(Q96^2))-(SQRT(((Q96/$BH$1)^2)-(Q96^2)))))),0) -> 0
A97: 300 | B97: Fermentação, separação do levedo e pré-fermentação | C97: BCE - 3007 | D97: MOTO-BOMBA - RECIRCULAÇÃO DE VINHO - FERMENTADORES | N97: Painel CCM-3.2 | O97: Inversor | P97: 175 | Q97: =P97*0.746 -> 130.55 | S97: =IF(O97="","",IF(O97="NA","",IF(O97="Mini disjuntor + DR",0.92,IF(O97="Mini disjuntor",0.92,IF(O97="Disjuntor Motor",0.92,IF(O97="Disjuntor C.M.",0.92,IF(O97="Disjuntor C.A.",0.92,IFERROR(VLOOKUP('Lista de Cargas'!P97,Motores!$B$9:$T$48,19,FALSE),"Erro")))))))) -> 0.85 | T97: =IF(O97="","",IF(O97="NA","",IF(O97="Mini disjuntor + DR",100%,IF(O97="Mini disjuntor",100%,IF(O97="Disjuntor Motor",0.92,IF(O97="Disjuntor C.M.",100%,IF(O97="Disjuntor C.A.",100%,IFERROR(VLOOKUP('Lista de Cargas'!P97,Motores!$B$9:$T$48,16,FALSE)/100,"Erro")))))))) -> 0.953 | U97: Trifásico | V97: 440 | W97: =IFERROR(IF(U97=$U$344,(P97*746)/(SQRT(3)*S97*T97*V97),(P97*746)/(S97*T97*V97)),0) -> 211.47145 | X97: =IFERROR(Q97/S97,0) -> 153.58824 | Y97: =IFERROR(IF(O97=$O$344,6*W97,IF(O97=$O$345,6*W97,IF(O97=$O$346,3*W97,IF(O97=$O$347,1.5*W97,W97)))),0) -> 317.20718 | AB97: 90 | AG97: =SUM(AB97:AF97) -> 90 | AH97: 3 | AI97: 70mm² - 0,6/1kV - PT - EPR - 90ºC - Cobre | AJ97: =$AG97*AH97*(1+$BJ$1) -> 270 | AK97: 0 | AL97: NA | AM97: =$AG97*AK97*(1+$BJ$1) -> 0 | AN97: 1 | AO97: 35mm² - 0,6/1kV - VD - EPR - 90ºC - Cobre | AP97: =$AG97*AN97*(1+$BJ$1) -> 90 | AQ97: 200M | AR97: =IFERROR(VLOOKUP(AQ97,$O$368:$P$412,2,1),"NA") -> 2" | AS97: 1 | BF97: =IFERROR(IF(F97=$O$358,0,IF(S97>$BH$1,0,IF(O97=$O$347,0,SQRT((X97^2)-(Q97^2))-(SQRT(((Q97/$BH$1)^2)-(Q97^2)))))),0) -> 0
A98: 300 | B98: Fermentação, separação do levedo e pré-fermentação | C98: BCE - 3008 | D98: MOTO-BOMBA - RECIRCULAÇÃO DE VINHO - FERMENTADORES | N98: Painel CCM-3.2 | O98: Inversor | P98: 175 | Q98: =P98*0.746 -> 130.55 | S98: =IF(O98="","",IF(O98="NA","",IF(O98="Mini disjuntor + DR",0.92,IF(O98="Mini disjuntor",0.92,IF(O98="Disjuntor Motor",0.92,IF(O98="Disjuntor C.M.",0.92,IF(O98="Disjuntor C.A.",0.92,IFERROR(VLOOKUP('Lista de Cargas'!P98,Motores!$B$9:$T$48,19,FALSE),"Erro")))))))) -> 0.85 | T98: =IF(O98="","",IF(O98="NA","",IF(O98="Mini disjuntor + DR",100%,IF(O98="Mini disjuntor",100%,IF(O98="Disjuntor Motor",0.92,IF(O98="Disjuntor C.M.",100%,IF(O98="Disjuntor C.A.",100%,IFERROR(VLOOKUP('Lista de Cargas'!P98,Motores!$B$9:$T$48,16,FALSE)/100,"Erro")))))))) -> 0.953 | U98: Trifásico | V98: 440 | W98: =IFERROR(IF(U98=$U$344,(P98*746)/(SQRT(3)*S98*T98*V98),(P98*746)/(S98*T98*V98)),0) -> 211.47145 | X98: =IFERROR(Q98/S98,0) -> 153.58824 | Y98: =IFERROR(IF(O98=$O$344,6*W98,IF(O98=$O$345,6*W98,IF(O98=$O$346,3*W98,IF(O98=$O$347,1.5*W98,W98)))),0) -> 317.20718 | AB98: 90 | AG98: =SUM(AB98:AF98) -> 90 | AH98: 3 | AI98: 70mm² - 0,6/1kV - PT - EPR - 90ºC - Cobre | AJ98: =$AG98*AH98*(1+$BJ$1) -> 270 | AK98: 0 | AL98: NA | AM98: =$AG98*AK98*(1+$BJ$1) -> 0 | AN98: 1 | AO98: 35mm² - 0,6/1kV - VD - EPR - 90ºC - Cobre | AP98: =$AG98*AN98*(1+$BJ$1) -> 90 | AQ98: 200M | AR98: =IFERROR(VLOOKUP(AQ98,$O$368:$P$412,2,1),"NA") -> 2" | AS98: 1 | BF98: =IFERROR(IF(F98=$O$358,0,IF(S98>$BH$1,0,IF(O98=$O$347,0,SQRT((X98^2)-(Q98^2))-(SQRT(((Q98/$BH$1)^2)-(Q98^2)))))),0) -> 0
A99: 300 | B99: Fermentação, separação do levedo e pré-fermentação | C99: BCE - 3009 | D99: MOTOBOMBA - RECIRCULAÇÃO DE LEVEDO | N99: Painel CCM-3.2 | O99: Soft | P99: 40 | Q99: =P99*0.746 -> 29.84 | S99: =IF(O99="","",IF(O99="NA","",IF(O99="Mini disjuntor + DR",0.92,IF(O99="Mini disjuntor",0.92,IF(O99="Disjuntor Motor",0.92,IF(O99="Disjuntor C.M.",0.92,IF(O99="Disjuntor C.A.",0.92,IFERROR(VLOOKUP('Lista de Cargas'!P99,Motores!$B$9:$T$48,19,FALSE),"Erro")))))))) -> 0.85 | T99: =IF(O99="","",IF(O99="NA","",IF(O99="Mini disjuntor + DR",100%,IF(O99="Mini disjuntor",100%,IF(O99="Disjuntor Motor",0.92,IF(O99="Disjuntor C.M.",100%,IF(O99="Disjuntor C.A.",100%,IFERROR(VLOOKUP('Lista de Cargas'!P99,Motores!$B$9:$T$48,16,FALSE)/100,"Erro")))))))) -> 0.934 | U99: Trifásico | V99: 440 | W99: =IFERROR(IF(U99=$U$344,(P99*746)/(SQRT(3)*S99*T99*V99),(P99*746)/(S99*T99*V99)),0) -> 49.319619 | X99: =IFERROR(Q99/S99,0) -> 35.105882 | Y99: =IFERROR(IF(O99=$O$344,6*W99,IF(O99=$O$345,6*W99,IF(O99=$O$346,3*W99,IF(O99=$O$347,1.5*W99,W99)))),0) -> 147.95886 | AB99: 90 | AG99: =SUM(AB99:AF99) -> 90 | AH99: 1 | AI99: PP 4 x 10mm² - 0,6/1kV - EPR - 90ºC - Cobre | AJ99: =$AG99*AH99*(1+$BJ$1) -> 90 | AK99: 0 | AL99: NA | AM99: =$AG99*AK99*(1+$BJ$1) -> 0 | AN99: 0 | AO99: NA | AP99: =$AG99*AN99*(1+$BJ$1) -> 0 | AQ99: 132M | AR99: =IFERROR(VLOOKUP(AQ99,$O$368:$P$412,2,1),"NA") -> 1" | AS99: 1 | BF99: =IFERROR(IF(F99=$O$358,0,IF(S99>$BH$1,0,IF(O99=$O$347,0,SQRT((X99^2)-(Q99^2))-(SQRT(((Q99/$BH$1)^2)-(Q99^2)))))),0) -> 5.7813843
A100: 300 | B100: Fermentação, separação do levedo e pré-fermentação | C100: BCE - 3010 | D100: MOTOBOMBA - RECIRCULAÇÃO DE LEVEDO | N100: Painel CCM-3.2 | O100: Soft | P100: 40 | Q100: =P100*0.746 -> 29.84 | S100: =IF(O100="","",IF(O100="NA","",IF(O100="Mini disjuntor + DR",0.92,IF(O100="Mini disjuntor",0.92,IF(O100="Disjuntor Motor",0.92,IF(O100="Disjuntor C.M.",0.92,IF(O100="Disjuntor C.A.",0.92,IFERROR(VLOOKUP('Lista de Cargas'!P100,Motores!$B$9:$T$48,19,FALSE),"Erro")))))))) -> 0.85 | T100: =IF(O100="","",IF(O100="NA","",IF(O100="Mini disjuntor + DR",100%,IF(O100="Mini disjuntor",100%,IF(O100="Disjuntor Motor",0.92,IF(O100="Disjuntor C.M.",100%,IF(O100="Disjuntor C.A.",100%,IFERROR(VLOOKUP('Lista de Cargas'!P100,Motores!$B$9:$T$48,16,FALSE)/100,"Erro")))))))) -> 0.934 | U100: Trifásico | V100: 440 | W100: =IFERROR(IF(U100=$U$344,(P100*746)/(SQRT(3)*S100*T100*V100),(P100*746)/(S100*T100*V100)),0) -> 49.319619 | X100: =IFERROR(Q100/S100,0) -> 35.105882 | Y100: =IFERROR(IF(O100=$O$344,6*W100,IF(O100=$O$345,6*W100,IF(O100=$O$346,3*W100,IF(O100=$O$347,1.5*W100,W100)))),0) -> 147.95886 | AB100: 90 | AG100: =SUM(AB100:AF100) -> 90 | AH100: 1 | AI100: PP 4 x 10mm² - 0,6/1kV - EPR - 90ºC - Cobre | AJ100: =$AG100*AH100*(1+$BJ$1) -> 90 | AK100: 0 | AL100: NA | AM100: =$AG100*AK100*(1+$BJ$1) -> 0 | AN100: 0 | AO100: NA | AP100: =$AG100*AN100*(1+$BJ$1) -> 0 | AQ100: 132M | AR100: =IFERROR(VLOOKUP(AQ100,$O$368:$P$412,2,1),"NA") -> 1" | AS100: 1 | BF100: =IFERROR(IF(F100=$O$358,0,IF(S100>$BH$1,0,IF(O100=$O$347,0,SQRT((X100^2)-(Q100^2))-(SQRT(((Q100/$BH$1)^2)-(Q100^2)))))),0) -> 5.7813843
A101: 300 | B101: Fermentação, separação do levedo e pré-fermentação | C101: BCE - 3011 | D101: MOTOBOMBA - RECIRCULAÇÃO DE LEVEDO | N101: Painel CCM-3.2 | O101: Soft | P101: 40 | Q101: =P101*0.746 -> 29.84 | S101: =IF(O101="","",IF(O101="NA","",IF(O101="Mini disjuntor + DR",0.92,IF(O101="Mini disjuntor",0.92,IF(O101="Disjuntor Motor",0.92,IF(O101="Disjuntor C.M.",0.92,IF(O101="Disjuntor C.A.",0.92,IFERROR(VLOOKUP('Lista de Cargas'!P101,Motores!$B$9:$T$48,19,FALSE),"Erro")))))))) -> 0.85 | T101: =IF(O101="","",IF(O101="NA","",IF(O101="Mini disjuntor + DR",100%,IF(O101="Mini disjuntor",100%,IF(O101="Disjuntor Motor",0.92,IF(O101="Disjuntor C.M.",100%,IF(O101="Disjuntor C.A.",100%,IFERROR(VLOOKUP('Lista de Cargas'!P101,Motores!$B$9:$T$48,16,FALSE)/100,"Erro")))))))) -> 0.934 | U101: Trifásico | V101: 440 | W101: =IFERROR(IF(U101=$U$344,(P101*746)/(SQRT(3)*S101*T101*V101),(P101*746)/(S101*T101*V101)),0) -> 49.319619 | X101: =IFERROR(Q101/S101,0) -> 35.105882 | Y101: =IFERROR(IF(O101=$O$344,6*W101,IF(O101=$O$345,6*W101,IF(O101=$O$346,3*W101,IF(O101=$O$347,1.5*W101,W101)))),0) -> 147.95886 | AB101: 90 | AG101: =SUM(AB101:AF101) -> 90 | AH101: 1 | AI101: PP 4 x 10mm² - 0,6/1kV - EPR - 90ºC - Cobre | AJ101: =$AG101*AH101*(1+$BJ$1) -> 90 | AK101: 0 | AL101: NA | AM101: =$AG101*AK101*(1+$BJ$1) -> 0 | AN101: 0 | AO101: NA | AP101: =$AG101*AN101*(1+$BJ$1) -> 0 | AQ101: 132M | AR101: =IFERROR(VLOOKUP(AQ101,$O$368:$P$412,2,1),"NA") -> 1" | AS101: 1 | BF101: =IFERROR(IF(F101=$O$358,0,IF(S101>$BH$1,0,IF(O101=$O$347,0,SQRT((X101^2)-(Q101^2))-(SQRT(((Q101/$BH$1)^2)-(Q101^2)))))),0) -> 5.7813843
A102: 300 | B102: Fermentação, separação do levedo e pré-fermentação | C102: BCE - 3012 A | D102: MOTO-BOMBA - PARA ENVIO DE VINHO BRUTO AO TANQUES DE VINHO BRUTO/ DECANTERS | N102: Painel CCM-4.1 | O102: Inversor | P102: 50 | Q102: =P102*0.746 -> 37.3 | S102: =IF(O102="","",IF(O102="NA","",IF(O102="Mini disjuntor + DR",0.92,IF(O102="Mini disjuntor",0.92,IF(O102="Disjuntor Motor",0.92,IF(O102="Disjuntor C.M.",0.92,IF(O102="Disjuntor C.A.",0.92,IFERROR(VLOOKUP('Lista de Cargas'!P102,Motores!$B$9:$T$48,19,FALSE),"Erro")))))))) -> 0.85 | T102: =IF(O102="","",IF(O102="NA","",IF(O102="Mini disjuntor + DR",100%,IF(O102="Mini disjuntor",100%,IF(O102="Disjuntor Motor",0.92,IF(O102="Disjuntor C.M.",100%,IF(O102="Disjuntor C.A.",100%,IFERROR(VLOOKUP('Lista de Cargas'!P102,Motores!$B$9:$T$48,16,FALSE)/100,"Erro")))))))) -> 0.936 | U102: Trifásico | V102: 440 | W102: =IFERROR(IF(U102=$U$344,(P102*746)/(SQRT(3)*S102*T102*V102),(P102*746)/(S102*T102*V102)),0) -> 61.517794 | X102: =IFERROR(Q102/S102,0) -> 43.882353 | Y102: =IFERROR(IF(O102=$O$344,6*W102,IF(O102=$O$345,6*W102,IF(O102=$O$346,3*W102,IF(O102=$O$347,1.5*W102,W102)))),0) -> 92.276691 | AB102: 110 | AG102: =SUM(AB102:AF102) -> 110 | AH102: 1 | AI102: PP 4 x 16mm² - 0,6/1kV - EPR - 90ºC - Cobre | AJ102: =$AG102*AH102*(1+$BJ$1) -> 110 | AK102: 0 | AL102: NA | AM102: =$AG102*AK102*(1+$BJ$1) -> 0 | AN102: 0 | AO102: NA | AP102: =$AG102*AN102*(1+$BJ$1) -> 0 | AQ102: 180L | AR102: =IFERROR(VLOOKUP(AQ102,$O$368:$P$412,2,1),"NA") -> 1.1/2" | AS102: 1 | BF102: =IFERROR(IF(F102=$O$358,0,IF(S102>$BH$1,0,IF(O102=$O$347,0,SQRT((X102^2)-(Q102^2))-(SQRT(((Q102/$BH$1)^2)-(Q102^2)))))),0) -> 0
... A125: 300 | B125: Fermentação, separação do levedo e pré-fermentação | C125: AGT-3013 | D125: AGITADOR TANQUE DE VINHO LEVEDURADO | N125: Painel CCM-4.1 | O125: Inversor | P125: 15 | Q125: =P125*0.746 -> 11.19 | S125: =IF(O125="","",IF(O125="NA","",IF(O125="Mini disjuntor + DR",0.92,IF(O125="Mini disjuntor",0.92,IF(O125="Disjuntor Motor",0.92,IF(O125="Disjuntor C.M.",0.92,IF(O125="Disjuntor C.A.",0.92,IFERROR(VLOOKUP('Lista de Cargas'!P125,Motores!$B$9:$T$48,19,FALSE),"Erro")))))))) -> 0.85 | T125: =IF(O125="","",IF(O125="NA","",IF(O125="Mini disjuntor + DR",100%,IF(O125="Mini disjuntor",100%,IF(O125="Disjuntor Motor",0.92,IF(O125="Disjuntor C.M.",100%,IF(O125="Disjuntor C.A.",100%,IFERROR(VLOOKUP('Lista de Cargas'!P125,Motores!$B$9:$T$48,16,FALSE)/100,"Erro")))))))) -> 0.917 | U125: Trifásico | V125: 440 | W125: =IFERROR(IF(U125=$U$344,(P125*746)/(SQRT(3)*S125*T125*V125),(P125*746)/(S125*T125*V125)),0) -> 18.837728 | X125: =IFERROR(Q125/S125,0) -> 13.164706 | Y125: =IFERROR(IF(O125=$O$344,6*W125,IF(O125=$O$345,6*W125,IF(O125=$O$346,3*W125,IF(O125=$O$347,1.5*W125,W125)))),0) -> 28.256592 | AB125: 120 | AG125: =SUM(AB125:AF125) -> 120 | AH125: 1 | AI125: PP 4 x 6mm² - 0,6/1kV - EPR - 90ºC - Cobre | AJ125: =$AG125*AH125*(1+$BJ$1) -> 120 | AK125: 0 | AL125: NA | AM125: =$AG125*AK125*(1+$BJ$1) -> 0 | AN125: 0 | AO125: NA | AP125: =$AG125*AN125*(1+$BJ$1) -> 0 | AQ125: 132M/L | AR125: =IFERROR(VLOOKUP(AQ125,$O$368:$P$412,2,1),"NA") -> 1" | AS125: 1 | BF125: =IFERROR(IF(F125=$O$358,0,IF(S125>$BH$1,0,IF(O125=$O$347,0,SQRT((X125^2)-(Q125^2))-(SQRT(((Q125/$BH$1)^2)-(Q125^2)))))),0) -> 0
A126: 300 | B126: Fermentação, separação do levedo e pré-fermentação | C126: CLT-3001 | D126: CABEÇOTE DE LIMPEZA - FERMENTADOR TNQ-3001 | N126: Painel CCM-4.1 | O126: Direta | P126: 0.03 | Q126: =P126*0.746 -> 0.02238 | S126: 0.84 | T126: 0.93 | U126: Mono/Bi/Vcc | V126: 220 | W126: =IFERROR(IF(U126=$U$344,(P126*746)/(SQRT(3)*S126*T126*V126),(P126*746)/(S126*T126*V126)),0) -> 0.13021924 | X126: =IFERROR(Q126/S126,0) -> 0.026642857 | Y126: =IFERROR(IF(O126=$O$344,6*W126,IF(O126=$O$345,6*W126,IF(O126=$O$346,3*W126,IF(O126=$O$347,1.5*W126,W126)))),0) -> 0.78131546 | AB126: 90 | AG126: =SUM(AB126:AF126) -> 90 | AH126: 1 | AI126: PP 3 x 2,5mm² - 0,6/1kV - EPR - 90ºC - Cobre | AJ126: =$AG126*AH126*(1+$BJ$1) -> 90 | AK126: 0 | AL126: NA | AM126: =$AG126*AK126*(1+$BJ$1) -> 0 | AN126: 0 | AO126: NA | AP126: =$AG126*AN126*(1+$BJ$1) -> 0 | AQ126: 100L | AR126: =IFERROR(VLOOKUP(AQ126,$O$368:$P$412,2,1),"NA") -> 3/4" | AS126: 1 | BF126: =IFERROR(IF(F126=$O$358,0,IF(S126>$BH$1,0,IF(O126=$O$347,0,SQRT((X126^2)-(Q126^2))-(SQRT(((Q126/$BH$1)^2)-(Q126^2)))))),0) -> 0.0049222118
A127: 300 | B127: Fermentação, separação do levedo e pré-fermentação | C127: CLT-3002 | D127: CABEÇOTE DE LIMPEZA - FERMENTADOR TNQ-3001 | N127: Painel CCM-4.1 | O127: Direta | P127: 0.03 | Q127: =P127*0.746 -> 0.02238 | S127: 0.84 | T127: 0.93 | U127: Mono/Bi/Vcc | V127: 220 | W127: =IFERROR(IF(U127=$U$344,(P127*746)/(SQRT(3)*S127*T127*V127),(P127*746)/(S127*T127*V127)),0) -> 0.13021924 | X127: =IFERROR(Q127/S127,0) -> 0.026642857 | Y127: =IFERROR(IF(O127=$O$344,6*W127,IF(O127=$O$345,6*W127,IF(O127=$O$346,3*W127,IF(O127=$O$347,1.5*W127,W127)))),0) -> 0.78131546 | AB127: 90 | AG127: =SUM(AB127:AF127) -> 90 | AH127: 1 | AI127: PP 3 x 2,5mm² - 0,6/1kV - EPR - 90ºC - Cobre | AJ127: =$AG127*AH127*(1+$BJ$1) -> 90 | AK127: 0 | AL127: NA | AM127: =$AG127*AK127*(1+$BJ$1) -> 0 | AN127: 0 | AO127: NA | AP127: =$AG127*AN127*(1+$BJ$1) -> 0 | AQ127: 100L | AR127: =IFERROR(VLOOKUP(AQ127,$O$368:$P$412,2,1),"NA") -> 3/4" | AS127: 1 | BF127: =IFERROR(IF(F127=$O$358,0,IF(S127>$BH$1,0,IF(O127=$O$347,0,SQRT((X127^2)-(Q127^2))-(SQRT(((Q127/$BH$1)^2)-(Q127^2)))))),0) -> 0.0049222118
A128: 300 | B128: Fermentação, separação do levedo e pré-fermentação | C128: CLT-3003 | D128: CABEÇOTE DE LIMPEZA - FERMENTADOR TNQ-3002 | N128: Painel CCM-4.1 | O128: Direta | P128: 0.03 | Q128: =P128*0.746 -> 0.02238 | S128: 0.84 | T128: 0.93 | U128: Mono/Bi/Vcc | V128: 220 | W128: =IFERROR(IF(U128=$U$344,(P128*746)/(SQRT(3)*S128*T128*V128),(P128*746)/(S128*T128*V128)),0) -> 0.13021924 | X128: =IFERROR(Q128/S128,0) -> 0.026642857 | Y128: =IFERROR(IF(O128=$O$344,6*W128,IF(O128=$O$345,6*W128,IF(O128=$O$346,3*W128,IF(O128=$O$347,1.5*W128,W128)))),0) -> 0.78131546 | AB128: 90 | AG128: =SUM(AB128:AF128) -> 90 | AH128: 1 | AI128: PP 3 x 2,5mm² - 0,6/1kV - EPR - 90ºC - Cobre | AJ128: =$AG128*AH128*(1+$BJ$1) -> 90 | AK128: 0 | AL128: NA | AM128: =$AG128*AK128*(1+$BJ$1) -> 0 | AN128: 0 | AO128: NA | AP128: =$AG128*AN128*(1+$BJ$1) -> 0 | AQ128: 100L | AR128: =IFERROR(VLOOKUP(AQ128,$O$368:$P$412,2,1),"NA") -> 3/4" | AS128: 1 | BF128: =IFERROR(IF(F128=$O$358,0,IF(S128>$BH$1,0,IF(O128=$O$347,0,SQRT((X128^2)-(Q128^2))-(SQRT(((Q128/$BH$1)^2)-(Q128^2)))))),0) -> 0.0049222118
A129: 300 | B129: Fermentação, separação do levedo e pré-fermentação | C129: CLT-3004 | D129: CABEÇOTE DE LIMPEZA - FERMENTADOR TNQ-3002 | N129: Painel CCM-4.1 | O129: Direta | P129: 0.03 | Q129: =P129*0.746 -> 0.02238 | S129: 0.84 | T129: 0.93 | U129: Mono/Bi/Vcc | V129: 220 | W129: =IFERROR(IF(U129=$U$344,(P129*746)/(SQRT(3)*S129*T129*V129),(P129*746)/(S129*T129*V129)),0) -> 0.13021924 | X129: =IFERROR(Q129/S129,0) -> 0.026642857 | Y129: =IFERROR(IF(O129=$O$344,6*W129,IF(O129=$O$345,6*W129,IF(O129=$O$346,3*W129,IF(O129=$O$347,1.5*W129,W129)))),0) -> 0.78131546 | AB129: 90 | AG129: =SUM(AB129:AF129) -> 90 | AH129: 1 | AI129: PP 3 x 2,5mm² - 0,6/1kV - EPR - 90ºC - Cobre | AJ129: =$AG129*AH129*(1+$BJ$1) -> 90 | AK129: 0 | AL129: NA | AM129: =$AG129*AK129*(1+$BJ$1) -> 0 | AN129: 0 | AO129: NA | AP129: =$AG129*AN129*(1+$BJ$1) -> 0 | AQ129: 100L | AR129: =IFERROR(VLOOKUP(AQ129,$O$368:$P$412,2,1),"NA") -> 3/4" | AS129: 1 | BF129: =IFERROR(IF(F129=$O$358,0,IF(S129>$BH$1,0,IF(O129=$O$347,0,SQRT((X129^2)-(Q129^2))-(SQRT(((Q129/$BH$1)^2)-(Q129^2)))))),0) -> 0.0049222118
A130: 300 | B130: Fermentação, separação do levedo e pré-fermentação | C130: CLT-3005 | D130: CABEÇOTE DE LIMPEZA - FERMENTADOR TNQ-3003 | N130: Painel CCM-4.1 | O130: Direta | P130: 0.03 | Q130: =P130*0.746 -> 0.02238 | S130: 0.84 | T130: 0.93 | U130: Mono/Bi/Vcc | V130: 220 | W130: =IFERROR(IF(U130=$U$344,(P130*746)/(SQRT(3)*S130*T130*V130),(P130*746)/(S130*T130*V130)),0) -> 0.13021924 | X130: =IFERROR(Q130/S130,0) -> 0.026642857 | Y130: =IFERROR(IF(O130=$O$344,6*W130,IF(O130=$O$345,6*W130,IF(O130=$O$346,3*W130,IF(O130=$O$347,1.5*W130,W130)))),0) -> 0.78131546 | AB130: 90 | AG130: =SUM(AB130:AF130) -> 90 | AH130: 1 | AI130: PP 3 x 2,5mm² - 0,6/1kV - EPR - 90ºC - Cobre | AJ130: =$AG130*AH130*(1+$BJ$1) -> 90 | AK130: 0 | AL130: NA | AM130: =$AG130*AK130*(1+$BJ$1) -> 0 | AN130: 0 | AO130: NA | AP130: =$AG130*AN130*(1+$BJ$1) -> 0 | AQ130: 100L | AR130: =IFERROR(VLOOKUP(AQ130,$O$368:$P$412,2,1),"NA") -> 3/4" | AS130: 1 | BF130: =IFERROR(IF(F130=$O$358,0,IF(S130>$BH$1,0,IF(O130=$O$347,0,SQRT((X130^2)-(Q130^2))-(SQRT(((Q130/$BH$1)^2)-(Q130^2)))))),0) -> 0.0049222118
A131: 300 | B131: Fermentação, separação do levedo e pré-fermentação | C131: CLT-3006 | D131: CABEÇOTE DE LIMPEZA - FERMENTADOR TNQ-3003 | N131: Painel CCM-4.1 | O131: Direta | P131: 0.03 | Q131: =P131*0.746 -> 0.02238 | S131: 0.84 | T131: 0.93 | U131: Mono/Bi/Vcc | V131: 220 | W131: =IFERROR(IF(U131=$U$344,(P131*746)/(SQRT(3)*S131*T131*V131),(P131*746)/(S131*T131*V131)),0) -> 0.13021924 | X131: =IFERROR(Q131/S131,0) -> 0.026642857 | Y131: =IFERROR(IF(O131=$O$344,6*W131,IF(O131=$O$345,6*W131,IF(O131=$O$346,3*W131,IF(O131=$O$347,1.5*W131,W131)))),0) -> 0.78131546 | AB131: 90 | AG131: =SUM(AB131:AF131) -> 90 | AH131: 1 | AI131: PP 3 x 2,5mm² - 0,6/1kV - EPR - 90ºC - Cobre | AJ131: =$AG131*AH131*(1+$BJ$1) -> 90 | AK131: 0 | AL131: NA | AM131: =$AG131*AK131*(1+$BJ$1) -> 0 | AN131: 0 | AO131: NA | AP131: =$AG131*AN131*(1+$BJ$1) -> 0 | AQ131: 100L | AR131: =IFERROR(VLOOKUP(AQ131,$O$368:$P$412,2,1),"NA") -> 3/4" | AS131: 1 | BF131: =IFERROR(IF(F131=$O$358,0,IF(S131>$BH$1,0,IF(O131=$O$347,0,SQRT((X131^2)-(Q131^2))-(SQRT(((Q131/$BH$1)^2)-(Q131^2)))))),0) -> 0.0049222118
...

Sheet Motores
A1: dep
I2: Tempo máximo | R2: 220 V
E3: Corrente | L3: Nível médio
B4: Potência | D4: Conjugado | E4: com Rotor | F4: Conjugado | G4: Conjugado | H4: Momento de | I4: com rotor | K4: Massa | L4: de pressão | M4: Fator de | R4: % de Carga | U4: Corrente
C5: Carcaça | D5: Nominal | E5: Bloqueado | F5: de Partida | G5: Máximo | H5: Inércia J | I5: bloqueado (s) | K5: (kg) | L5: sonora | M5: Serviço | N5: RPM | P5: Rendimento | S5: Fator de Potência | U5: Nominal
D6: (kgfm) | F6: Cp/Cn | G6: Cmáx/Cn | H6: (kgm2)
A7: kW | B7: HP | E7: Ip/In | I7: Quente | J7: Frio | L7: dB(A) | O7: 50 | P7: 75 | Q7: 100 | R7: 50 | S7: 75 | T7: 100 | U7: In (A)
B8: IV polos - 1800 rpm - 60 Hz
A9: 0.12 | B9: 0.16 | C9: 63 | D9: 0.068 | E9: 4.6 | F9: 2.5 | G9: 3.2 | H9: 0.0004 | I9: 37 | J9: 81 | K9: 6.2 | L9: 48 | M9: 1.15 | N9: 1715 | O9: 50 | P9: 57 | Q9: 61 | R9: 0.44 | S9: 0.55 | T9: 0.64 | U9: 0.805
A10: 0.18 | B10: 0.25 | C10: 63 | D10: 0.103 | E10: 4.7 | F10: 2.4 | G10: 2.9 | H10: 0.0006 | I10: 29 | J10: 64 | K10: 7.2 | L10: 48 | M10: 1.15 | N10: 1705 | O10: 57 | P10: 64 | Q10: 67 | R10: 0.47 | S10: 0.59 | T10: 0.68 | U10: 1.03
A11: 0.25 | B11: 0.33 | C11: 63 | D11: 0.143 | E11: 5 | F11: 2.55 | G11: 2.95 | H11: 0.0007 | I11: 26 | J11: 57 | K11: 8.2 | L11: 48 | M11: 1.15 | N11: 1705 | O11: 62 | P11: 68 | Q11: 70 | R11: 0.47 | S11: 0.6 | T11: 0.69 | U11: 1.35
A12: 0.37 | B12: 0.5 | C12: 71 | D12: 0.213 | E12: 5 | F12: 2.2 | G12: 2.3 | H12: 0.0007 | I12: 20 | J12: 44 | K12: 8 | L12: 47 | M12: 1.15 | N12: 1690 | O12: 63 | P12: 68 | Q12: 70 | R12: 0.45 | S12: 0.59 | T12: 0.69 | U12: 2
A13: 0.55 | B13: 0.75 | C13: 71 | D13: 0.317 | E13: 5.3 | F13: 2.5 | G13: 2.5 | H13: 0.0008 | I13: 14 | J13: 31 | K13: 11.5 | L13: 47 | M13: 1.15 | N13: 1690 | O13: 67 | P13: 71 | Q13: 72 | R13: 0.44 | S13: 0.56 | T13: 0.66 | U13: 2.95
A14: 0.75 | B14: 1 | C14: 80 | D14: 0.422 | E14: 6.6 | F14: 2.4 | G14: 2.8 | H14: 0.0032 | I14: 8 | J14: 18 | K14: 12.5 | L14: 48 | M14: 1.15 | N14: 1730 | O14: 75.5 | P14: 79 | Q14: 80.5 | R14: 0.57 | S14: 0.71 | T14: 0.81 | U14: 3.02
A15: 1.1 | B15: 1.5 | C15: 80 | D15: 0.625 | E15: 6.8 | F15: 3.15 | G15: 3 | H15: 0.0032 | I15: 11 | J15: 24 | K15: 14.5 | L15: 48 | M15: 1.15 | N15: 1715 | O15: 78 | P15: 81 | Q15: 81.6 | R15: 0.58 | S15: 0.71 | T15: 0.79 | U15: 4.48
A16: 1.5 | B16: 2 | C16: 90S | D16: 0.835 | E16: 7.1 | F16: 2.2 | G16: 3 | H16: 0.0049 | I16: 11 | J16: 24 | K16: 18.5 | L16: 51 | M16: 1.15 | N16: 1750 | O16: 81 | P16: 83.5 | Q16: 84.2 | R16: 0.57 | S16: 0.7 | T16: 0.78 | U16: 5.98
A17: 2.2 | B17: 3 | C17: 90L | D17: 1.24 | E17: 6.5 | F17: 1.95 | G17: 2.5 | H17: 0.0063 | I17: 10 | J17: 22 | K17: 23 | L17: 51 | M17: 1.15 | N17: 1735 | O17: 83.8 | P17: 84.8 | Q17: 85.1 | R17: 0.64 | S17: 0.76 | T17: 0.83 | U17: 8.18
A18: 3 | B18: 4 | C18: 100L | D18: 1.7 | E18: 6.4 | F18: 2.7 | G18: 2.9 | H18: 0.0105 | I18: 8 | J18: 18 | K18: 30 | L18: 54 | M18: 1.15 | N18: 1715 | O18: 85.6 | P18: 86.3 | Q18: 86.5 | R18: 0.63 | S18: 0.75 | T18: 0.82 | U18: 11.1
A19: 3.7 | B19: 5 | C19: 100L | D19: 2.08 | E19: 8 | F19: 3 | G19: 3.6 | H19: 0.0097 | I19: 11 | J19: 24 | K19: 34 | L19: 54 | M19: 1.15 | N19: 1735 | O19: 85 | P19: 87 | Q19: 88 | R19: 0.59 | S19: 0.72 | T19: 0.8 | U19: 13.7
A20: 4.5 | B20: 6 | C20: 112M | D20: 2.52 | E20: 6.2 | F20: 2.1 | G20: 2.75 | H20: 0.018 | I20: 18 | J20: 40 | K20: 42 | L20: 56 | M20: 1.15 | N20: 1740 | O20: 88 | P20: 88.5 | Q20: 88.5 | R20: 0.62 | S20: 0.74 | T20: 0.81 | U20: 16.6
A21: 5.5 | B21: 7.5 | C21: 112M | D21: 3.08 | E21: 6.3 | F21: 2.1 | G21: 2.7 | H21: 0.018 | I21: 16 | J21: 35 | K21: 44 | L21: 56 | M21: 1.15 | N21: 1740 | O21: 88.4 | P21: 89.1 | Q21: 90 | R21: 0.59 | S21: 0.72 | T21: 0.79 | U21: 20.2
A22: 7.5 | B22: 10 | C22: 132S | D22: 4.15 | E22: 7.9 | F22: 2 | G22: 3.2 | H22: 0.0489 | I22: 12 | J22: 26 | K22: 68 | L22: 58 | M22: 1.15 | N22: 1760 | O22: 90 | P22: 90.8 | Q22: 91 | R22: 0.66 | S22: 0.78 | T22: 0.84 | U22: 25.8
A23: 9.2 | B23: 12.5 | C23: 132M | D23: 5.09 | E23: 8 | F23: 2.05 | G23: 3.1 | H23: 0.0563 | I23: 10 | J23: 22 | K23: 75 | L23: 58 | M23: 1.15 | N23: 1760 | O23: 90 | P23: 90.8 | Q23: 91 | R23: 0.67 | S23: 0.79 | T23: 0.84 | U23: 31.4
A24: 11 | B24: 15 | C24: 132M/L | D24: 6.09 | E24: 8.2 | F24: 2.15 | G24: 3.2 | H24: 0.0638 | I24: 8 | J24: 18 | K24: 78 | L24: 58 | M24: 1.15 | N24: 1760 | O24: 90.5 | P24: 91.2 | Q24: 91.7 | R24: 0.67 | S24: 0.79 | T24: 0.85 | U24: 37.2
A25: 15 | B25: 20 | C25: 160M | D25: 8.23 | E25: 6.8 | F25: 2.7 | G25: 3 | H25: 0.1188 | I25: 11 | J25: 24 | K25: 120 | L25: 64 | M25: 1.15 | N25: 1775 | O25: 91 | P25: 92.4 | Q25: 92.4 | R25: 0.64 | S25: 0.75 | T25: 0.81 | U25: 52.6
A26: 18.5 | B26: 25 | C26: 160L | D26: 10.2 | E26: 6.8 | F26: 2.7 | G26: 3 | H26: 0.1397 | I26: 10 | J26: 22 | K26: 135 | L26: 64 | M26: 1.15 | N26: 1765 | O26: 92 | P26: 92.8 | Q26: 92.8 | R26: 0.64 | S26: 0.75 | T26: 0.81 | U26: 64.6
A27: 22 | B27: 30 | C27: 180M | D27: 12.1 | E27: 6.4 | F27: 2.3 | G27: 2.7 | H27: 0.1657 | I27: 19 | J27: 42 | K27: 168 | L27: 64 | M27: 1.15 | N27: 1765 | O27: 92.5 | P27: 92.8 | Q27: 93 | R27: 0.71 | S27: 0.81 | T27: 0.84 | U27: 74
... A48: 550 | B48: 750 | C48: 355A/B | D48: 299 | E48: 7.6 | F48: 2.7 | G48: 2.7 | H48: 14.6 | I48: 22 | J48: 48 | K48: 2246 | L48: 81 | M48: 1 | N48: 1790 | O48: 96.3 | P48: 96.6 | Q48: 96.7 | R48: 0.7 | S48: 0.8 | T48: 0.85 | U48: 1760

Sheet Cabos
J1: ELETROD,CONECTOR E SEAL TUBO | M1: TERMINAIS FASE | R1: TERMINAIS TERRA | W1: TERMINAIS TOTAL
A2: Rótulos de Linha | B2: Soma de Total Cabos Fase (m) | D2: Rótulos de Linha | E2: Soma de Total Cabos Neutro (m) | G2: Rótulos de Linha | H2: Soma de Total Cabos Terra (m) | J2: Rótulos de Linha | K2: Soma de QTDE | M2: Rótulos de Linha | N2: Soma de Nº Cabos Fase | O2: BITOLA | P2: TOTAL | R2: Rótulos de Linha | S2: Soma de Nº Cabos Terra PE/PEN | T2: BITOLA | U2: TOTAL | W2: Rótulos de Linha | X2: Soma de TOTAL
A3: (vazio) | B3: 0 | D3: (vazio) | E3: 0 | G3: (vazio) | H3: 0 | J3: 1" | K3: 68 | M3: 120mm² - 0,6/1kV - PT - EPR - 90ºC - Cobre | N3: 27 | O3: 120mm² | P3: =N3*2 -> 54 | R3: 120mm² - 0,6/1kV - VD - EPR - 90ºC - Cobre | S3: 8 | T3: 120mm² | U3: =$S$3*2 -> 16 | W3: 10mm² | X3: 304
A4: 240mm² - 0,6/1kV - PT - EPR - 90ºC - Cobre | B4: 3420 | D4: NA | E4: 0 | G4: 240mm² - 0,6/1kV - VD - EPR - 90ºC - Cobre | H4: 2980 | J4: 1.1/2" | K4: 41 | M4: 150mm² - 0,6/1kV - PT - EPR - 90ºC - Cobre | N4: 6 | O4: 150mm² | P4: =N4*2 -> 12 | R4: 150mm² - 0,6/1kV - VD - EPR - 90ºC - Cobre | S4: 6 | T4: 150mm² | U4: =$S$4*2 -> 12 | W4: 120mm² | X4: 70
A5: 185mm² - 0,6/1kV - PT - EPR - 90ºC - Cobre | B5: 300 | D5: Total Geral | E5: 0 | G5: 120mm² - 0,6/1kV - VD - EPR - 90ºC - Cobre | H5: 570 | J5: 2 x 3" | K5: 9 | M5: 185mm² - 0,6/1kV - PT - EPR - 90ºC - Cobre | N5: 15 | O5: 185mm² | P5: =N5*2 -> 30 | R5: 185mm² - 0,6/1kV - VD - EPR - 90ºC - Cobre | S5: 1 | T5: 185mm² | U5: =$S$5*2 -> 2 | W5: 150mm² | X5: 24
A6: 70mm² - 0,6/1kV - PT - EPR - 90ºC - Cobre | B6: 5520 | G6: 185mm² - 0,6/1kV - VD - EPR - 90ºC - Cobre | H6: 20 | J6: 2" | K6: 36 | M6: 240mm² - 0,6/1kV - PT - EPR - 90ºC - Cobre | N6: 171 | O6: 240mm² | P6: =N6*2 -> 342 | R6: 240mm² - 0,6/1kV - VD - EPR - 90ºC - Cobre | S6: 33 | T6: 240mm² | U6: =$S$6*2 -> 66 | W6: 16mm² | X6: 248
A7: PP 4 x 2,5mm² - 0,6/1kV - EPR - 90ºC - Cobre | B7: 8080 | G7: 150mm² - 0,6/1kV - VD - EPR - 90ºC - Cobre | H7: 120 | J7: 3/4" | K7: 128 | M7: 35mm² - 0,6/1kV - PT - EPR - 90ºC - Cobre | N7: 15 | O7: 35mm² | P7: =N7*2 -> 30 | R7: 25mm² - 0,6/1kV - VD - EPR - 90ºC - Cobre | S7: 12 | T7: 25mm² | U7: =$S$7*2 -> 24 | W7: 185mm² | X7: 32
A8: 95mm² - 0,6/1kV - PT - EPR - 90ºC - Cobre | B8: 120 | G8: 35mm² - 0,6/1kV - VD - EPR - 90ºC - Cobre | H8: 1840 | J8: NA | K8: 5 | M8: 50mm² - 0,6/1kV - PT - EPR - 90ºC - Cobre | N8: 21 | O8: 50mm² | P8: =N8*2 -> 42 | R8: 35mm² - 0,6/1kV - VD - EPR - 90ºC - Cobre | S8: 20 | T8: 35mm² | U8: =$S$8*2 -> 40 | W8: 2,5-4mm² | X8: 916
A9: PP 4 x 10mm² - 0,6/1kV - EPR - 90ºC - Cobre | B9: 4180 | G9: NA | H9: 0 | J9: (vazio) | K9: 46 | M9: 70 mm² - 15/25KV - EPR 105°C | N9: 27 | O9: 70mm² | P9: =N9*2 -> 54 | R9: 50mm² - 0,6/1kV - VD - EPR - 90ºC - Cobre | S9: 2 | T9: 50mm² | U9: =$S$9*2 -> 4 | W9: 240mm² | X9: 408
A10: 50mm² - 0,6/1kV - PT - EPR - 90ºC - Cobre | B10: 1860 | G10: 50mm² - 0,6/1kV - VD - EPR - 90ºC - Cobre | H10: 40 | J10: Total Geral | K10: 333 | M10: 70mm² - 0,6/1kV - PT - EPR - 90ºC - Cobre | N10: 60 | O10: 70mm² | P10: =N10*2 -> 120 | R10: 70mm² - 0,6/1kV - VD - EPR - 90ºC - Cobre | S10: 7 | T10: 70mm² | U10: =$S$10*2 -> 14 | W10: 25mm² | X10: 160
A11: 35mm² - 0,6/1kV - PT - EPR - 90ºC - Cobre | B11: 1500 | G11: 25mm² - 0,6/1kV - VD - EPR - 90ºC - Cobre | H11: 1120 | K11: =GETPIVOTDATA("QTDE",$J$2)-GETPIVOTDATA("QTDE",$J$2,"Caixa de ligação Motor",) -> 287 | M11: 95mm² - 0,6/1kV - PT - EPR - 90ºC - Cobre | N11: 6 | O11: 95mm² | P11: =N11*2 -> 12 | R11: 95mm² - 0,6/1kV - VD - EPR - 90ºC - Cobre | S11: 2 | T11: 95mm² | U11: =$S$11*2 -> 4 | W11: 35mm² | X11: 70
A12: PP 4 x 25mm² - 0,6/1kV - EPR - 90ºC - Cobre | B12: 1530 | G12: 70mm² - 0,6/1kV - VD - EPR - 90ºC - Cobre | H12: 930 | M12: PP 3 x 2,5mm² - 0,6/1kV - EPR - 90ºC - Cobre | N12: 34 | O12: 2,5-4mm² | P12: =N12*6 -> 204 | R12: NA | S12: 0 | W12: 50mm² | X12: 46
A13: 120mm² - 0,6/1kV - PT - EPR - 90ºC - Cobre | B13: 2910 | G13: 95mm² - 0,6/1kV - VD - EPR - 90ºC - Cobre | H13: 180 | M13: PP 4 x 10mm² - 0,6/1kV - EPR - 90ºC - Cobre | N13: 38 | O13: 10mm² | P13: =N13*8 -> 304 | R13: (vazio) | S13: 0 | W13: 6mm² | X13: 176
A14: PP 4 x 6mm² - 0,6/1kV - EPR - 90ºC - Cobre | B14: 2640 | G14: Total Geral | H14: 7800 | M14: PP 4 x 16mm² - 0,6/1kV - EPR - 90ºC - Cobre | N14: 31 | O14: 16mm² | P14: =N14*8 -> 248 | R14: Total Geral | S14: 91 | W14: 70mm² | X14: 188
A15: PP 4 x 4mm² - 0,6/1kV - EPR - 90ºC - Cobre | B15: 1210 | M15: PP 4 x 2,5mm² - 0,6/1kV - EPR - 90ºC - Cobre | N15: 77 | O15: 2,5-4mm² | P15: =N15*8 -> 616 | W15: 95mm² | X15: 16
A16: 150mm² - 0,6/1kV - PT - EPR - 90ºC - Cobre | B16: 540 | M16: PP 4 x 25mm² - 0,6/1kV - EPR - 90ºC - Cobre | N16: 17 | O16: 25mm² | P16: =N16*8 -> 136 | W16: Total Geral | X16: 2658
A17: PP 4 x 16mm² - 0,6/1kV - EPR - 90ºC - Cobre | B17: 3490 | M17: PP 4 x 4mm² - 0,6/1kV - EPR - 90ºC - Cobre | N17: 12 | O17: 2,5-4mm² | P17: =N17*8 -> 96
A18: PP 3 x 2,5mm² - 0,6/1kV - EPR - 90ºC - Cobre | B18: 3140 | M18: PP 4 x 6mm² - 0,6/1kV - EPR - 90ºC - Cobre | N18: 22 | O18: 6mm² | P18: =N18*8 -> 176
A19: 70 mm² - 15/25KV - EPR 105°C | B19: 5250 | M19: (vazio) | O19: =T3 -> 120mm² | P19: =U3 -> 16 | Q19: TERRA
A20: Total Geral | B20: 45690 | M20: Total Geral | N20: 579 | O20: =T4 -> 150mm² | P20: =U4 -> 12 | Q20: TERRA
O21: =T5 -> 185mm² | P21: =U5 -> 2 | Q21: TERRA
O22: =T6 -> 240mm² | P22: =U6 -> 66 | Q22: TERRA
O23: =T7 -> 25mm² | P23: =U7 -> 24 | Q23: TERRA
O24: =T8 -> 35mm² | P24: =U8 -> 40 | Q24: TERRA
O25: =T9 -> 50mm² | P25: =U9 -> 4 | Q25: TERRA
O26: =T10 -> 70mm² | P26: =U10 -> 14 | Q26: TERRA
O27: =T11 -> 95mm² | P27: =U11 -> 4 | Q27: TERRA
