Workbook
Name ASI_REDE: '[3]Calc Eng'!$H$27
Name Atendentes_Instr_Campo_QT: '[3]Calc Eng'!$B$53
Name Atendentes_Senior_QT: '[3]Calc Eng'!$B$51
Name Atendentes_Sistema_Processo_QT: '[3]Calc Eng'!$B$52
Name Atendentes_Total: '[3]Calc Eng'!$B$28
Name ATK_LOG: '[3]Resumo_Custos ATK '!$B$10
Name ATK_MOA: '[3]Resumo_Custos ATK '!$B$3
Name ATK_MOB: '[3]Resumo_Custos ATK '!$B$9
Name ATK_MOD: '[3]Resumo_Custos ATK '!$B$5
Name ATK_MOI: '[3]Resumo_Custos ATK '!$B$4
Name ATK_SSMA: '[3]Resumo_Custos ATK '!$B$8
Name ATK_ST: '[3]Resumo_Custos ATK '!$B$6
Name ATK_TURNOVER: '[3]Resumo_Custos ATK '!$B$7
Name C_ADM_Geral: 0.1
Name Cidade: '[3]Calc Eng'!$H$79
Name Conteiner_Aluguel_Mes: '[3]Calc Eng'!$B$44
Name CSLL: [3]Impostos_Taxas!$H$28
Name CTNER: '[3]Calc Eng'!$H$21
Name Custo_Impostos_Credito__Débito: [3]Retorno!$K$31
Name Custo_Total: [3]Retorno!$C$43
Name Diária_Casa_Custo_Atendente: '[3]Calc Eng'!$B$3
Name Diária_Casa_Geral: '[3]Calc Eng'!$B$4
Name Diária_Completa_Sem_Transporte: '[3]Calc Eng'!$B$42
Name Diárias_Hotel_Avulsas_Custo: '[3]Calc Eng'!$B$5
Name Diárias_Hotel_Negociada_Custo: '[3]Calc Eng'!$B$6
Name Dias_Campo: '[3]Calc Eng'!$B$33
Name Distância_Base_PLANTA: '[3]Calc Eng'!$B$38
Name Distância_STZ_BASE: '[3]Calc Eng'!$B$37
Name Domingo_H: '[3]Calc Eng'!$B$61
Name Duração_Comissionamento__Startup: '[3]Calc Eng'!$B$43
Name Duração_da_Obra_Efetiva_Em_Meses: '[3]Calc Eng'!$I$101
Name Duração_Obra_Mês: '[3]Calc Eng'!$B$32
Name EA_E_PA: '[3]Calc Eng'!$H$24
Name ED_SD: '[3]Calc Eng'!$H$26
Name Equipe_Numero: '[3]Calc Eng'!$B$34
Name Estado: '[3]Calc Eng'!$J$79
Name Fator_Venda: [3]Retorno!$C$34
Name Frete_KM: '[3]Calc Eng'!$B$18
Name HH_Extra_DIA: '[3]Calc Eng'!$B$63
Name HH_Total_Eng_Interna: '[3]Calc Eng'!$O$56
Name HH_Total_Startup: '[3]Calc Eng'!$M$61
Name Horas_Comissionamento_Startup: '[3]Calc Eng'!$B$48
Name Horas_extras: '[3]Calc Eng'!$L$90
Name Horas_Instr_Startup: '[3]Calc Eng'!$B$50
Name Horas_Normais_Mês: '[3]Calc Eng'!$B$62
Name Horas_Preposto: '[3]Calc Eng'!$L$52
Name Horas_Senior_Startup: '[3]Calc Eng'!$B$49
Name Horas_Sistema_Proj_Startup: '[3]Calc Eng'!$B$54
Name Horas_Trabalho_Média: '[3]Calc Eng'!$B$29
Name IHM: '[3]Calc Eng'!$H$31
Name IRPJ: [3]Impostos_Taxas!$H$27
Name JBs_Total: '[3]Calc Eng'!$B$25
Name KM: '[3]Calc Eng'!$B$8
Name KM_HH_D_REF: '[3]Calc Eng'!$B$9
Name LOG: '[3]Calc Eng'!$H$9
Name LOG_HH_Médio_Obra: '[3]Calc Eng'!$DA$128
Name Log_In_MOI_Custo_HH: '[3]Custos de HH_LOG'!$K$20
Name LOG_Mão_Obra_Indireta: '[3]Calc Eng'!$Q$44
Name lOG_MOB_COFINS_LP: [3]Impostos_Taxas!$K$25
Name lOG_MOB_ISSQN_LR_LP: [3]Impostos_Taxas!$H$26

Sheet Custo_MI_Device
H1: MI Total | I1: =Insumos_Device!O1+Custo_MI_Infra!L1 -> 248547.71
A2: ISA | B2: TIPO | C2: CUSTO UNITARIO | D2: QUANT | E2: CUSTO TOTAL | F2: =SUBTOTAL(9,E:E) -> 249760.61
A3: AIT | B3: AIT Hart - 2 Fios - Tanque | C3: =SUMIFS(Insumos_Device!K:K,Insumos_Device!B:B,A3,Insumos_Device!C:C,B3) -> 284.933 | E3: =Custo_MI_Device!$C3*Custo_MI_Device!$D3 -> 0
A4: AIT | B4: AIT Hart - 2 Fios - Tubul. | C4: =SUMIFS(Insumos_Device!K:K,Insumos_Device!B:B,A4,Insumos_Device!C:C,B4) -> 375.333 | E4: =Custo_MI_Device!$C4*Custo_MI_Device!$D4 -> 0
A5: AIT | B5: AIT Hart - 4 Fios - Tanque | C5: =SUMIFS(Insumos_Device!K:K,Insumos_Device!B:B,A5,Insumos_Device!C:C,B5) -> 284.933 | E5: =Custo_MI_Device!$C5*Custo_MI_Device!$D5 -> 0
A6: AIT | B6: AIT Hart - 4 Fios - Tubul. | C6: =SUMIFS(Insumos_Device!K:K,Insumos_Device!B:B,A6,Insumos_Device!C:C,B6) -> 770.3 | D6: 11 | E6: =Custo_MI_Device!$C6*Custo_MI_Device!$D6 -> 8473.3
A7: AIT | B7: AIT PA - 4 Fios - Tanque | C7: =SUMIFS(Insumos_Device!K:K,Insumos_Device!B:B,A7,Insumos_Device!C:C,B7) -> 521.433 | E7: =Custo_MI_Device!$C7*Custo_MI_Device!$D7 -> 0
A8: AIT | B8: AIT PA - 4 Fios - Tubul. | C8: =SUMIFS(Insumos_Device!K:K,Insumos_Device!B:B,A8,Insumos_Device!C:C,B8) -> 611.833 | E8: =Custo_MI_Device!$C8*Custo_MI_Device!$D8 -> 0
A9: XV | B9: Atuador Damper Hart | C9: =SUMIFS(Insumos_Device!K:K,Insumos_Device!B:B,A9,Insumos_Device!C:C,B9) -> 447.533 | E9: =Custo_MI_Device!$C9*Custo_MI_Device!$D9 -> 0
A10: XV | B10: Atuador Damper PA | C10: =SUMIFS(Insumos_Device!K:K,Insumos_Device!B:B,A10,Insumos_Device!C:C,B10) -> 475.033 | E10: =Custo_MI_Device!$C10*Custo_MI_Device!$D10 -> 0
A11: LSLL | B11: Chave Nivel - Caldeira | C11: =SUMIFS(Insumos_Device!K:K,Insumos_Device!B:B,A11,Insumos_Device!C:C,B11) -> 358.333 | E11: =Custo_MI_Device!$C11*Custo_MI_Device!$D11 -> 0
A12: FIT | B12: FIT Diferencial Água - Hart | C12: =SUMIFS(Insumos_Device!K:K,Insumos_Device!B:B,A12,Insumos_Device!C:C,B12) -> 1488.483 | E12: =Custo_MI_Device!$C12*Custo_MI_Device!$D12 -> 0
A13: FIT | B13: FIT Diferencial Água - PA | C13: =SUMIFS(Insumos_Device!K:K,Insumos_Device!B:B,A13,Insumos_Device!C:C,B13) -> 1515.983 | E13: =Custo_MI_Device!$C13*Custo_MI_Device!$D13 -> 0
A14: FIT | B14: FIT Diferencial Água Exd - Hart | C14: =SUMIFS(Insumos_Device!K:K,Insumos_Device!B:B,A14,Insumos_Device!C:C,B14) -> 1627.848 | E14: =Custo_MI_Device!$C14*Custo_MI_Device!$D14 -> 0
A15: FIT | B15: FIT Diferencial Água Exd - PA | C15: =SUMIFS(Insumos_Device!K:K,Insumos_Device!B:B,A15,Insumos_Device!C:C,B15) -> 1740.348 | E15: =Custo_MI_Device!$C15*Custo_MI_Device!$D15 -> 0
A16: FIT | B16: FIT Magnético Integral - Hart | C16: =SUMIFS(Insumos_Device!K:K,Insumos_Device!B:B,A16,Insumos_Device!C:C,B16) -> 129.083 | E16: =Custo_MI_Device!$C16*Custo_MI_Device!$D16 -> 0
A17: FIT | B17: FIT Magnético Integral - PA | C17: =SUMIFS(Insumos_Device!K:K,Insumos_Device!B:B,A17,Insumos_Device!C:C,B17) -> 241.583 | E17: =Custo_MI_Device!$C17*Custo_MI_Device!$D17 -> 0
A18: FIT | B18: FIT Magnético Integral Exd- Hart | C18: =SUMIFS(Insumos_Device!K:K,Insumos_Device!B:B,A18,Insumos_Device!C:C,B18) -> 376.448 | E18: =Custo_MI_Device!$C18*Custo_MI_Device!$D18 -> 0
A19: FIT | B19: FIT Magnético Integral Exd- PA | C19: =SUMIFS(Insumos_Device!K:K,Insumos_Device!B:B,A19,Insumos_Device!C:C,B19) -> 488.948 | E19: =Custo_MI_Device!$C19*Custo_MI_Device!$D19 -> 0
A20: FIT | B20: FIT Magnético Remoto - Hart | C20: =SUMIFS(Insumos_Device!K:K,Insumos_Device!B:B,A20,Insumos_Device!C:C,B20) -> 206.39 | D20: 41 | E20: =Custo_MI_Device!$C20*Custo_MI_Device!$D20 -> 8461.99
A21: FIT | B21: FIT Magnético Remoto - PA | C21: =SUMIFS(Insumos_Device!K:K,Insumos_Device!B:B,A21,Insumos_Device!C:C,B21) -> 365.583 | E21: =Custo_MI_Device!$C21*Custo_MI_Device!$D21 -> 0
A22: FIT | B22: FIT Magnético Remoto Exd- Hart | C22: =SUMIFS(Insumos_Device!K:K,Insumos_Device!B:B,A22,Insumos_Device!C:C,B22) -> 500.448 | E22: =Custo_MI_Device!$C22*Custo_MI_Device!$D22 -> 0
A23: FIT | B23: FIT Magnético Remoto Exd- PA | C23: =SUMIFS(Insumos_Device!K:K,Insumos_Device!B:B,A23,Insumos_Device!C:C,B23) -> 612.948 | E23: =Custo_MI_Device!$C23*Custo_MI_Device!$D23 -> 0
A24: FIT | B24: FIT Vapor F11 - Hart | C24: =SUMIFS(Insumos_Device!K:K,Insumos_Device!B:B,A24,Insumos_Device!C:C,B24) -> 2219.59 | D24: 3 | E24: =Custo_MI_Device!$C24*Custo_MI_Device!$D24 -> 6658.77
A25: FIT | B25: FIT Vapor F11 - PA | C25: =SUMIFS(Insumos_Device!K:K,Insumos_Device!B:B,A25,Insumos_Device!C:C,B25) -> 1361.783 | E25: =Custo_MI_Device!$C25*Custo_MI_Device!$D25 -> 0
A26: FIT | B26: FIT Vapor P22 - Hart | C26: =SUMIFS(Insumos_Device!K:K,Insumos_Device!B:B,A26,Insumos_Device!C:C,B26) -> 1334.283 | E26: =Custo_MI_Device!$C26*Custo_MI_Device!$D26 -> 0
A27: FIT | B27: FIT Vapor P22 - PA | C27: =SUMIFS(Insumos_Device!K:K,Insumos_Device!B:B,A27,Insumos_Device!C:C,B27) -> 1361.783 | E27: =Custo_MI_Device!$C27*Custo_MI_Device!$D27 -> 0
A28: GTW | B28: Gateway DP/AS-i | C28: =SUMIFS(Insumos_Device!K:K,Insumos_Device!B:B,A28,Insumos_Device!C:C,B28) -> 2158.313 | E28: =Custo_MI_Device!$C28*Custo_MI_Device!$D28 -> 0
A29: GTW | B29: Gateway DP/PA | C29: =SUMIFS(Insumos_Device!K:K,Insumos_Device!B:B,A29,Insumos_Device!C:C,B29) -> 2158.313 | E29: =Custo_MI_Device!$C29*Custo_MI_Device!$D29 -> 0
A30: JB | B30: Juncion Box - I/O Fisico | C30: =SUMIFS(Insumos_Device!K:K,Insumos_Device!B:B,A30,Insumos_Device!C:C,B30) -> 1349.138 | E30: =Custo_MI_Device!$C30*Custo_MI_Device!$D30 -> 0
A31: JB | B31: Juncion Box - PA | C31: =SUMIFS(Insumos_Device!K:K,Insumos_Device!B:B,A31,Insumos_Device!C:C,B31) -> 656.638 | E31: =Custo_MI_Device!$C31*Custo_MI_Device!$D31 -> 0
A32: LIT | B32: LIT Desaerador - Hart | C32: =SUMIFS(Insumos_Device!K:K,Insumos_Device!B:B,A32,Insumos_Device!C:C,B32) -> 1268.583 | E32: =Custo_MI_Device!$C32*Custo_MI_Device!$D32 -> 0
A33: LIT | B33: LIT Desaerador - PA | C33: =SUMIFS(Insumos_Device!K:K,Insumos_Device!B:B,A33,Insumos_Device!C:C,B33) -> 1296.083 | E33: =Custo_MI_Device!$C33*Custo_MI_Device!$D33 -> 0
A34: LIT | B34: LIT Diferencial - Hart | C34: =SUMIFS(Insumos_Device!K:K,Insumos_Device!B:B,A34,Insumos_Device!C:C,B34) -> 1647.283 | E34: =Custo_MI_Device!$C34*Custo_MI_Device!$D34 -> 0
A35: LIT | B35: LIT Diferencial - PA | C35: =SUMIFS(Insumos_Device!K:K,Insumos_Device!B:B,A35,Insumos_Device!C:C,B35) -> 1674.783 | E35: =Custo_MI_Device!$C35*Custo_MI_Device!$D35 -> 0
A36: LIT | B36: LIT Diferencial Exd - Hart | C36: =SUMIFS(Insumos_Device!K:K,Insumos_Device!B:B,A36,Insumos_Device!C:C,B36) -> 1871.648 | E36: =Custo_MI_Device!$C36*Custo_MI_Device!$D36 -> 0
... A41: LIT | B41: LIT Flang. Tq. Aberto - PA | C41: =SUMIFS(Insumos_Device!K:K,Insumos_Device!B:B,A41,Insumos_Device!C:C,B41) -> 244.883 | E41: =Custo_MI_Device!$C41*Custo_MI_Device!$D41 -> 0
A42: LIT | B42: LIT Flang. Tq. Fechado - Hart | C42: =SUMIFS(Insumos_Device!K:K,Insumos_Device!B:B,A42,Insumos_Device!C:C,B42) -> 2507.64 | D42: 41 | E42: =Custo_MI_Device!$C42*Custo_MI_Device!$D42 -> 102813.24
A43: LIT | B43: LIT Flang. Tq. Fechado - PA | C43: =SUMIFS(Insumos_Device!K:K,Insumos_Device!B:B,A43,Insumos_Device!C:C,B43) -> 1381.383 | E43: =Custo_MI_Device!$C43*Custo_MI_Device!$D43 -> 0
A44: LIT | B44: LIT Flang. Tq. Fechado Exd - Hart | C44: =SUMIFS(Insumos_Device!K:K,Insumos_Device!B:B,A44,Insumos_Device!C:C,B44) -> 1493.248 | E44: =Custo_MI_Device!$C44*Custo_MI_Device!$D44 -> 0
A45: LIT | B45: LIT Flang. Tq. Fechado Exd - PA | C45: =SUMIFS(Insumos_Device!K:K,Insumos_Device!B:B,A45,Insumos_Device!C:C,B45) -> 1605.748 | E45: =Custo_MI_Device!$C45*Custo_MI_Device!$D45 -> 0
A46: LIT | B46: LIT Manometrico - Exd - Hart | C46: =SUMIFS(Insumos_Device!K:K,Insumos_Device!B:B,A46,Insumos_Device!C:C,B46) -> 768.348 | E46: =Custo_MI_Device!$C46*Custo_MI_Device!$D46 -> 0
A47: LIT | B47: LIT Manometrico - Exd - PA | C47: =SUMIFS(Insumos_Device!K:K,Insumos_Device!B:B,A47,Insumos_Device!C:C,B47) -> 880.848 | E47: =Custo_MI_Device!$C47*Custo_MI_Device!$D47 -> 0
A48: LIT | B48: LIT Manometrico - Hart | C48: =SUMIFS(Insumos_Device!K:K,Insumos_Device!B:B,A48,Insumos_Device!C:C,B48) -> 480.983 | E48: =Custo_MI_Device!$C48*Custo_MI_Device!$D48 -> 0
A49: LIT | B49: LIT Manometrico - PA | C49: =SUMIFS(Insumos_Device!K:K,Insumos_Device!B:B,A49,Insumos_Device!C:C,B49) -> 508.483 | E49: =Custo_MI_Device!$C49*Custo_MI_Device!$D49 -> 0
A50: LIT | B50: LIT Tq. Descarg. Continua - Hart | C50: =SUMIFS(Insumos_Device!K:K,Insumos_Device!B:B,A50,Insumos_Device!C:C,B50) -> 1364.283 | E50: =Custo_MI_Device!$C50*Custo_MI_Device!$D50 -> 0
A51: LIT | B51: LIT Tq. Descarg. Continua - PA | C51: =SUMIFS(Insumos_Device!K:K,Insumos_Device!B:B,A51,Insumos_Device!C:C,B51) -> 1391.783 | E51: =Custo_MI_Device!$C51*Custo_MI_Device!$D51 -> 0
A52: LIT | B52: LIT Tubulão Caldeira - Hart | C52: =SUMIFS(Insumos_Device!K:K,Insumos_Device!B:B,A52,Insumos_Device!C:C,B52) -> 1368.583 | E52: =Custo_MI_Device!$C52*Custo_MI_Device!$D52 -> 0
A53: LIT | B53: LIT Tubulão Caldeira - PA | C53: =SUMIFS(Insumos_Device!K:K,Insumos_Device!B:B,A53,Insumos_Device!C:C,B53) -> 1396.083 | E53: =Custo_MI_Device!$C53*Custo_MI_Device!$D53 -> 0
A54: LIT | B54: LIT Ultrassonico - Hart | C54: =SUMIFS(Insumos_Device!K:K,Insumos_Device!B:B,A54,Insumos_Device!C:C,B54) -> 434.17 | E54: =Custo_MI_Device!$C54*Custo_MI_Device!$D54 -> 0
... A70: PIT | B70: PIT Manometrico - Exd - PA | C70: =SUMIFS(Insumos_Device!K:K,Insumos_Device!B:B,A70,Insumos_Device!C:C,B70) -> 1569.248 | E70: =Custo_MI_Device!$C70*Custo_MI_Device!$D70 -> 0
A71: PIT | B71: PIT Manometrico - Hart | C71: =SUMIFS(Insumos_Device!K:K,Insumos_Device!B:B,A71,Insumos_Device!C:C,B71) -> 2618.3 | D71: 9 | E71: =Custo_MI_Device!$C71*Custo_MI_Device!$D71 -> 23564.7
A72: PIT | B72: PIT Manometrico - PA | C72: =SUMIFS(Insumos_Device!K:K,Insumos_Device!B:B,A72,Insumos_Device!C:C,B72) -> 889.383 | E72: =Custo_MI_Device!$C72*Custo_MI_Device!$D72 -> 0
A73: PIT | B73: PIT Tri Clamp - Hart | C73: =SUMIFS(Insumos_Device!K:K,Insumos_Device!B:B,A73,Insumos_Device!C:C,B73) -> 129.083 | E73: =Custo_MI_Device!$C73*Custo_MI_Device!$D73 -> 0
A74: PIT | B74: PIT Tri Clamp - PA | C74: =SUMIFS(Insumos_Device!K:K,Insumos_Device!B:B,A74,Insumos_Device!C:C,B74) -> 241.583 | E74: =Custo_MI_Device!$C74*Custo_MI_Device!$D74 -> 0
A75: PIT | B75: PIT Tri Clamp Exd - Hart | C75: =SUMIFS(Insumos_Device!K:K,Insumos_Device!B:B,A75,Insumos_Device!C:C,B75) -> 376.448 | E75: =Custo_MI_Device!$C75*Custo_MI_Device!$D75 -> 0
A76: PIT | B76: PIT Tri Clamp Exd - PA | C76: =SUMIFS(Insumos_Device!K:K,Insumos_Device!B:B,A76,Insumos_Device!C:C,B76) -> 488.948 | E76: =Custo_MI_Device!$C76*Custo_MI_Device!$D76 -> 0
A77: PIT | B77: PIT Vapor Caldeira - Hart | C77: =SUMIFS(Insumos_Device!K:K,Insumos_Device!B:B,A77,Insumos_Device!C:C,B77) -> 842.883 | E77: =Custo_MI_Device!$C77*Custo_MI_Device!$D77 -> 0
A78: PIT | B78: PIT Vapor Caldeira - PA | C78: =SUMIFS(Insumos_Device!K:K,Insumos_Device!B:B,A78,Insumos_Device!C:C,B78) -> 870.383 | E78: =Custo_MI_Device!$C78*Custo_MI_Device!$D78 -> 0
A79: ST | B79: Status CCM | C79: =SUMIFS(Insumos_Device!K:K,Insumos_Device!B:B,A79,Insumos_Device!C:C,B79) -> 17 | E79: =Custo_MI_Device!$C79*Custo_MI_Device!$D79 -> 0
A80: MD | B80: Motores Discretos (2 ED 1 SD 1 EA 1 AS) | C80: =SUMIFS(Insumos_Device!K:K,Insumos_Device!B:B,A80,Insumos_Device!C:C,B80) -> 17 | E80: =Custo_MI_Device!$C80*Custo_MI_Device!$D80 -> 0
A81: CCM | B81: CCM em REDE DP | C81: =SUMIFS(Insumos_Device!K:K,Insumos_Device!B:B,A81,Insumos_Device!C:C,B81) -> 225 | E81: =Custo_MI_Device!$C81*Custo_MI_Device!$D81 -> 0
A82: ZS | B82: Sensores Discretos | C82: =SUMIFS(Insumos_Device!K:K,Insumos_Device!B:B,A82,Insumos_Device!C:C,B82) -> 206.39 | D82: =(19*3)+2 -> 59 | E82: =Custo_MI_Device!$C82*Custo_MI_Device!$D82 -> 12177.01
A83: ZS | B83: Sensores Discretos Exd | C83: =SUMIFS(Insumos_Device!K:K,Insumos_Device!B:B,A83,Insumos_Device!C:C,B83) -> 373.148 | E83: =Custo_MI_Device!$C83*Custo_MI_Device!$D83 -> 0
A84: TIT | B84: TIT - Pt-100 - Hart | C84: =SUMIFS(Insumos_Device!K:K,Insumos_Device!B:B,A84,Insumos_Device!C:C,B84) -> 309.75 | D84: 21 | E84: =Custo_MI_Device!$C84*Custo_MI_Device!$D84 -> 6504.75
A85: TIT | B85: TIT - Pt-100 - PA | C85: =SUMIFS(Insumos_Device!K:K,Insumos_Device!B:B,A85,Insumos_Device!C:C,B85) -> 408.333 | E85: =Custo_MI_Device!$C85*Custo_MI_Device!$D85 -> 0
A86: TIT | B86: TIT - Termopar - Hart | C86: =SUMIFS(Insumos_Device!K:K,Insumos_Device!B:B,A86,Insumos_Device!C:C,B86) -> 1500.833 | E86: =Custo_MI_Device!$C86*Custo_MI_Device!$D86 -> 0
A87: TIT | B87: TIT - Termopar - PA | C87: =SUMIFS(Insumos_Device!K:K,Insumos_Device!B:B,A87,Insumos_Device!C:C,B87) -> 1050.333 | E87: =Custo_MI_Device!$C87*Custo_MI_Device!$D87 -> 0
A88: TT | B88: TT - Exd - Hart | C88: =SUMIFS(Insumos_Device!K:K,Insumos_Device!B:B,A88,Insumos_Device!C:C,B88) -> 435.148 | E88: =Custo_MI_Device!$C88*Custo_MI_Device!$D88 -> 0
A89: TT | B89: TT - Exd - PA | C89: =SUMIFS(Insumos_Device!K:K,Insumos_Device!B:B,A89,Insumos_Device!C:C,B89) -> 462.648 | E89: =Custo_MI_Device!$C89*Custo_MI_Device!$D89 -> 0
A90: TT | B90: TT - Hart | C90: =SUMIFS(Insumos_Device!K:K,Insumos_Device!B:B,A90,Insumos_Device!C:C,B90) -> 259.233 | E90: =Custo_MI_Device!$C90*Custo_MI_Device!$D90 -> 0
A91: TT | B91: TT - PA | C91: =SUMIFS(Insumos_Device!K:K,Insumos_Device!B:B,A91,Insumos_Device!C:C,B91) -> 286.733 | E91: =Custo_MI_Device!$C91*Custo_MI_Device!$D91 -> 0
A92: CV | B92: Válv. Controle Exd Hart | C92: =SUMIFS(Insumos_Device!K:K,Insumos_Device!B:B,A92,Insumos_Device!C:C,B92) -> 473.748 | E92: =Custo_MI_Device!$C92*Custo_MI_Device!$D92 -> 0
A93: CV | B93: Válv. Controle Exd PA | C93: =SUMIFS(Insumos_Device!K:K,Insumos_Device!B:B,A93,Insumos_Device!C:C,B93) -> 501.248 | E93: =Custo_MI_Device!$C93*Custo_MI_Device!$D93 -> 0
A94: CV | B94: Válv. Controle Hart | C94: =SUMIFS(Insumos_Device!K:K,Insumos_Device!B:B,A94,Insumos_Device!C:C,B94) -> 228.47 | D94: 74 | E94: =Custo_MI_Device!$C94*Custo_MI_Device!$D94 -> 16906.78
A95: CV | B95: Válv. Controle PA | C95: =SUMIFS(Insumos_Device!K:K,Insumos_Device!B:B,A95,Insumos_Device!C:C,B95) -> 277.283 | E95: =Custo_MI_Device!$C95*Custo_MI_Device!$D95 -> 0
A96: MV | B96: Válv. Motorizada I/O | C96: =SUMIFS(Insumos_Device!K:K,Insumos_Device!B:B,A96,Insumos_Device!C:C,B96) -> 1548.025 | E96: =Custo_MI_Device!$C96*Custo_MI_Device!$D96 -> 0 | F96: Comporta
A97: MV | B97: Válv. Motorizada Profibus DP | C97: =SUMIFS(Insumos_Device!K:K,Insumos_Device!B:B,A97,Insumos_Device!C:C,B97) -> 486.125 | E97: =Custo_MI_Device!$C97*Custo_MI_Device!$D97 -> 0
A98: XV | B98: Válv. On/Off AS-i | C98: =SUMIFS(Insumos_Device!K:K,Insumos_Device!B:B,A98,Insumos_Device!C:C,B98) -> 268.063 | E98: =Custo_MI_Device!$C98*Custo_MI_Device!$D98 -> 0
A99: XV | B99: Válv. On/Off AS-i Exd | C99: =SUMIFS(Insumos_Device!K:K,Insumos_Device!B:B,A99,Insumos_Device!C:C,B99) -> 459.748 | E99: =Custo_MI_Device!$C99*Custo_MI_Device!$D99 -> 0
A100: XV | B100: Válv. On/Off Discreto | C100: =SUMIFS(Insumos_Device!K:K,Insumos_Device!B:B,A100,Insumos_Device!C:C,B100) -> 228.47 | D100: 281 | E100: =Custo_MI_Device!$C100*Custo_MI_Device!$D100 -> 64200.07
A101: XV | B101: Válv. On/Off Discreto Exd | C101: =SUMIFS(Insumos_Device!K:K,Insumos_Device!B:B,A101,Insumos_Device!C:C,B101) -> 388.748 | E101: =Custo_MI_Device!$C101*Custo_MI_Device!$D101 -> 0
A102: CFTV | B102: Cameras de CFTV | C102: =SUMIFS(Insumos_Device!K:K,Insumos_Device!B:B,A102,Insumos_Device!C:C,B102) -> 587.563 | E102: =Custo_MI_Device!$C102*Custo_MI_Device!$D102 -> 0
D103: =SUM(D3:D102) -> 540
D104: =D103-D100-D94 -> 185

Sheet Insumos_Device
J1: VL PROTHEUS | O1: =SUM(O3:O1854) -> 248547.71
A2: CÓDIGO AUT | B2: ISA | C2: TIPO | D2: NCM | E2: DESCRIÇÃO DOS MATERIAIS | F2: MODELO | G2: QTDE | H2: UNID | I2: FABRICANTE | J2: VALOR UNITARIO R$ | K2: VALOR TOTAL R$ | L2: CÓDIGO NOTA | M2: QTD DEVICE | N2: QTDE | O2: CUSTO TOTAL
A3: 2566 | B3: AIT | C3: AIT Hart - 2 Fios - Tanque | D3: 73072900 | E3: ABRACADEIRA VERGALHAO GRAMPO U ZC 2 X 1/4 DP 634-6 DISPAN | F3: DP 634-6 | G3: 2 | H3: PC | I3: DISPAN | J3: 2.8 | K3: =G3*J3 -> 5.6 | L3: DP 634-6 | M3: =IFERROR(VLOOKUP(C3,Custo_MI_Device!$B$2:$E$102,3,FALSE),0) -> 0 | N3: =ROUNDUP(M3*G3,0) -> 0 | O3: =N3*J3 -> 0
A4: 2534 | B4: AIT | C4: AIT Hart - 2 Fios - Tanque | D4: 73072900 | E4: ABRACADEIRA VERGALHAO GRAMPO U ZC 3/4 X 1/4 DP 634-2 DISPAN | F4: DP 634-2 | G4: 12 | H4: PC | I4: DISPAN | J4: 1.2 | K4: =G4*J4 -> 14.4 | L4: DP 634-2 | M4: =IFERROR(VLOOKUP(C4,Custo_MI_Device!$B$2:$E$102,3,FALSE),0) -> 0 | N4: =ROUNDUP(M4*G4,0) -> 0 | O4: =N4*J4 -> 0
A5: 1669 | B5: AIT | C5: AIT Hart - 2 Fios - Tanque | D5: 39269090 | E5: ABRACADEIRA, NYLON PRETA, 2,5 X 101MM, T-18 R, HELLERMANN | F5: T-18 R | G5: 3 | H5: PC | I5: HELLERMANN | J5: 0.04 | K5: =G5*J5 -> 0.12 | L5: T-18 R | M5: =IFERROR(VLOOKUP(C5,Custo_MI_Device!$B$2:$E$102,3,FALSE),0) -> 0 | N5: =ROUNDUP(M5*G5,0) -> 0 | O5: =N5*J5 -> 0
A6: 5091 | B6: AIT | C6: AIT Hart - 2 Fios - Tanque | D6: 73181500 | E6: ARRUELA LISA ZC 1/4" | F6: DP 619 | G6: 28 | H6: PC | I6: DISPAN | J6: 0.04 | K6: =G6*J6 -> 1.12 | L6: DP 619 | M6: =IFERROR(VLOOKUP(C6,Custo_MI_Device!$B$2:$E$102,3,FALSE),0) -> 0 | N6: =ROUNDUP(M6*G6,0) -> 0 | O6: =N6*J6 -> 0
A7: 1117 | B7: AIT | C7: AIT Hart - 2 Fios - Tanque | E7: BUCHA REDUCAO, ALUMINIO, 3/4 X 1/2 BSP | F7: BRR 034 X 012 | G7: 1 | H7: PC | I7: DAISA | J7: 1.95 | K7: =G7*J7 -> 1.95 | L7: BRR 034 X 012 | M7: =IFERROR(VLOOKUP(C7,Custo_MI_Device!$B$2:$E$102,3,FALSE),0) -> 0 | N7: =ROUNDUP(M7*G7,0) -> 0 | O7: =N7*J7 -> 0
A8: 3585 | B8: AIT | C8: AIT Hart - 2 Fios - Tanque | D8: 85444900 | E8: CABO INSTRUMENTACAO BF, ISOL PVC/E 105øC, NBR 10300, C/ BLIND.ELETROST.COLETIVA FIO DRENO 1X2X0,75MMý 900400 ENERGIFLEX | F8: 900400 | G8: 0 | H8: M | I8: ENERGIFLEX | J8: 1.7 | K8: =G8*J8 -> 0 | L8: 900400 | M8: =IFERROR(VLOOKUP(C8,Custo_MI_Device!$B$2:$E$102,3,FALSE),0) -> 0 | N8: =ROUNDUP(M8*G8,0) -> 0 | O8: =N8*J8 -> 0
A9: 2805 | B9: AIT | C9: AIT Hart - 2 Fios - Tanque | D9: 72162100 | E9: CANTONEIRA, ACO A36, ABAS IGUAIS, 1.1/2 X 1/4 X 6.000MM, GERDAU | F9: 0 | G9: 2.9 | H9: KG | I9: GERDAU | J9: 4.22 | K9: =G9*J9 -> 12.238 | L9: AUT-2805 | M9: =IFERROR(VLOOKUP(C9,Custo_MI_Device!$B$2:$E$102,3,FALSE),0) -> 0 | N9: =ROUNDUP(M9*G9,0) -> 0 | O9: =N9*J9 -> 0
A10: 4823 | B10: AIT | C10: AIT Hart - 2 Fios - Tanque | D10: 76090000 | E10: CONDULETE ROSCÁVEL EM ALUMÍNIO C/ TAMPA 3/4"BSP TIPO "LR" | F10: DVRT 034-BSP-LR | G10: 0.75 | H10: PC | I10: DAISA | J10: 6.7 | K10: =G10*J10 -> 5.025 | L10: DVRT 034-BSP-LR | M10: =IFERROR(VLOOKUP(C10,Custo_MI_Device!$B$2:$E$102,3,FALSE),0) -> 0 | N10: =ROUNDUP(M10*G10,0) -> 0 | O10: =N10*J10 -> 0
A11: 2912 | B11: AIT | C11: AIT Hart - 2 Fios - Tanque | D11: 76090000 | E11: CONDULETE ROSCÁVEL EM ALUMÍNIO C/ TAMPA 3/4"BSP TIPO "T" | F11: DIIRT 034-BSP-T | G11: 1 | H11: PC | I11: DAISA | J11: 7.5 | K11: =G11*J11 -> 7.5 | L11: DIIRT 034-BSP-T | M11: =IFERROR(VLOOKUP(C11,Custo_MI_Device!$B$2:$E$102,3,FALSE),0) -> 0 | N11: =ROUNDUP(M11*G11,0) -> 0 | O11: =N11*J11 -> 0
A12: 3436 | B12: AIT | C12: AIT Hart - 2 Fios - Tanque | D12: 76090000 | E12: CONDULETE ROSCAVEL EM ALUMINIO C/ TAMPA 3/4BSP TIPO C DVRT 034-BSP-C DAISA | F12: DIIRT 034-BSP-C | G12: 1 | H12: PC | I12: DAISA | J12: 6.7 | K12: =G12*J12 -> 6.7 | L12: DIIRT 034-BSP-C | M12: =IFERROR(VLOOKUP(C12,Custo_MI_Device!$B$2:$E$102,3,FALSE),0) -> 0 | N12: =ROUNDUP(M12*G12,0) -> 0 | O12: =N12*J12 -> 0
A13: 4307 | B13: AIT | C13: AIT Hart - 2 Fios - Tanque | D13: 73063000 | E13: ELETRODUTO PESADO C/ LUVA AÇO CARBONO GF NBR 5598 2" X 3000MM BSP | F13: 0 | G13: 0 | H13: BR | I13: CARBINOX | J13: 86 | K13: =G13*J13 -> 0 | L13: AUT-4307 | M13: =IFERROR(VLOOKUP(C13,Custo_MI_Device!$B$2:$E$102,3,FALSE),0) -> 0 | N13: =ROUNDUP(M13*G13,0) -> 0 | O13: =N13*J13 -> 0
A14: 4306 | B14: AIT | C14: AIT Hart - 2 Fios - Tanque | D14: 73063000 | E14: ELETRODUTO PESADO C/ LUVA AÇO CARBONO GF NBR 5598 3/4" X 3000MM BSP | F14: 0 | G14: 2 | H14: BR | I14: CARBINOX | J14: 32 | K14: =G14*J14 -> 64 | L14: AUT-4306 | M14: =IFERROR(VLOOKUP(C14,Custo_MI_Device!$B$2:$E$102,3,FALSE),0) -> 0 | N14: =ROUNDUP(M14*G14,0) -> 0 | O14: =N14*J14 -> 0
A15: 2564 | B15: AIT | C15: AIT Hart - 2 Fios - Tanque | D15: 73145000 | E15: PERFILADO PERFURADO GF 16AWG 19 X 38 X 6000MM | F15: DP 504 | G15: 6 | H15: M | I15: DISPAN | J15: 21 | K15: =G15*J15 -> 126 | L15: DP 504 | M15: =IFERROR(VLOOKUP(C15,Custo_MI_Device!$B$2:$E$102,3,FALSE),0) -> 0 | N15: =ROUNDUP(M15*G15,0) -> 0 | O15: =N15*J15 -> 0
A16: 3274 | B16: AIT | C16: AIT Hart - 2 Fios - Tanque | D16: 73181500 | E16: PORCA SEXTAVADA ZC 1/4" | F16: DP 618 | G16: 28 | H16: PC | I16: DISPAN | J16: 0.06 | K16: =G16*J16 -> 1.68 | L16: DP 618 | M16: =IFERROR(VLOOKUP(C16,Custo_MI_Device!$B$2:$E$102,3,FALSE),0) -> 0 | N16: =ROUNDUP(M16*G16,0) -> 0 | O16: =N16*J16 -> 0
A17: 1611 | B17: AIT | C17: AIT Hart - 2 Fios - Tanque | D17: 39174090 | E17: PRENSA CABO HSK-K CZ RAL 7035 POLIAMIDA S/ CONTRA PORCA 1/2"NPT | F17: 1.209.1200.71 | G17: 2 | H17: PC | I17: HUMMEL | J17: 7.8 | K17: =G17*J17 -> 15.6 | L17: 1.209.1200.71 | M17: =IFERROR(VLOOKUP(C17,Custo_MI_Device!$B$2:$E$102,3,FALSE),0) -> 0 | N17: =ROUNDUP(M17*G17,0) -> 0 | O17: =N17*J17 -> 0
A18: 5081 | B18: AIT | C18: AIT Hart - 2 Fios - Tanque | D18: 73145000 | E18: SUPORTE P/ INSTRUMENTOS EM AÇO A-36 2" AZUL RAL 5002 TIPO "L" | F18: 0 | G18: 1 | H18: PC | I18: BRUMEC | J18: 23 | K18: =G18*J18 -> 23 | L18: AUT-5081 | M18: =IFERROR(VLOOKUP(C18,Custo_MI_Device!$B$2:$E$102,3,FALSE),0) -> 0 | N18: =ROUNDUP(M18*G18,0) -> 0 | O18: =N18*J18 -> 0
A19: 2534 | B19: AIT | C19: AIT Hart - 2 Fios - Tubul. | D19: 73072900 | E19: ABRACADEIRA VERGALHAO GRAMPO U ZC 3/4 X 1/4 DP 634-2 DISPAN | F19: DP 634-2 | G19: 12 | H19: PC | I19: DISPAN | J19: 1.2 | K19: =G19*J19 -> 14.4 | L19: DP 634-2 | M19: =IFERROR(VLOOKUP(C19,Custo_MI_Device!$B$2:$E$102,3,FALSE),0) -> 0 | N19: =ROUNDUP(M19*G19,0) -> 0 | O19: =N19*J19 -> 0
A20: 1669 | B20: AIT | C20: AIT Hart - 2 Fios - Tubul. | D20: 39269090 | E20: ABRACADEIRA, NYLON PRETA, 2,5 X 101MM, T-18 R, HELLERMANN | F20: T-18 R | G20: 3 | H20: PC | I20: HELLERMANN | J20: 0.04 | K20: =G20*J20 -> 0.12 | L20: T-18 R | M20: =IFERROR(VLOOKUP(C20,Custo_MI_Device!$B$2:$E$102,3,FALSE),0) -> 0 | N20: =ROUNDUP(M20*G20,0) -> 0 | O20: =N20*J20 -> 0
A21: 5091 | B21: AIT | C21: AIT Hart - 2 Fios - Tubul. | D21: 73181500 | E21: ARRUELA LISA ZC 1/4" | F21: DP 619 | G21: 24 | H21: PC | I21: DISPAN | J21: 0.04 | K21: =G21*J21 -> 0.96 | L21: DP 619 | M21: =IFERROR(VLOOKUP(C21,Custo_MI_Device!$B$2:$E$102,3,FALSE),0) -> 0 | N21: =ROUNDUP(M21*G21,0) -> 0 | O21: =N21*J21 -> 0
A22: 1117 | B22: AIT | C22: AIT Hart - 2 Fios - Tubul. | E22: BUCHA REDUCAO, ALUMINIO, 3/4 X 1/2 BSP | F22: BRR 034 X 012 | G22: 3 | H22: PC | I22: DAISA | J22: 1.95 | K22: =G22*J22 -> 5.85 | L22: BRR 034 X 012 | M22: =IFERROR(VLOOKUP(C22,Custo_MI_Device!$B$2:$E$102,3,FALSE),0) -> 0 | N22: =ROUNDUP(M22*G22,0) -> 0 | O22: =N22*J22 -> 0
A23: 3585 | B23: AIT | C23: AIT Hart - 2 Fios - Tubul. | D23: 85444900 | E23: CABO INSTRUMENTACAO BF, ISOL PVC/E 105øC, NBR 10300, C/ BLIND.ELETROST.COLETIVA FIO DRENO 1X2X0,75MMý 900400 ENERGIFLEX | F23: 900400 | G23: 0 | H23: M | I23: ENERGIFLEX | J23: 1.7 | K23: =G23*J23 -> 0 | L23: 900400 | M23: =IFERROR(VLOOKUP(C23,Custo_MI_Device!$B$2:$E$102,3,FALSE),0) -> 0 | N23: =ROUNDUP(M23*G23,0) -> 0 | O23: =N23*J23 -> 0
A24: 2805 | B24: AIT | C24: AIT Hart - 2 Fios - Tubul. | D24: 72162100 | E24: CANTONEIRA, ACO A36, ABAS IGUAIS, 1.1/2 X 1/4 X 6.000MM, GERDAU | F24: 0 | G24: 2.9 | H24: KG | I24: GERDAU | J24: 4.22 | K24: =G24*J24 -> 12.238 | L24: AUT-2805 | M24: =IFERROR(VLOOKUP(C24,Custo_MI_Device!$B$2:$E$102,3,FALSE),0) -> 0 | N24: =ROUNDUP(M24*G24,0) -> 0 | O24: =N24*J24 -> 0
A25: 4823 | B25: AIT | C25: AIT Hart - 2 Fios - Tubul. | D25: 76090000 | E25: CONDULETE ROSCÁVEL EM ALUMÍNIO C/ TAMPA 3/4"BSP TIPO "LR" | F25: DVRT 034-BSP-LR | G25: 0.75 | H25: PC | I25: DAISA | J25: 6.7 | K25: =G25*J25 -> 5.025 | L25: DVRT 034-BSP-LR | M25: =IFERROR(VLOOKUP(C25,Custo_MI_Device!$B$2:$E$102,3,FALSE),0) -> 0 | N25: =ROUNDUP(M25*G25,0) -> 0 | O25: =N25*J25 -> 0
A26: 2912 | B26: AIT | C26: AIT Hart - 2 Fios - Tubul. | D26: 76090000 | E26: CONDULETE ROSCÁVEL EM ALUMÍNIO C/ TAMPA 3/4"BSP TIPO "T" | F26: DIIRT 034-BSP-T | G26: 1 | H26: PC | I26: DAISA | J26: 7.5 | K26: =G26*J26 -> 7.5 | L26: DIIRT 034-BSP-T | M26: =IFERROR(VLOOKUP(C26,Custo_MI_Device!$B$2:$E$102,3,FALSE),0) -> 0 | N26: =ROUNDUP(M26*G26,0) -> 0 | O26: =N26*J26 -> 0
A27: 3436 | B27: AIT | C27: AIT Hart - 2 Fios - Tubul. | D27: 76090000 | E27: CONDULETE ROSCAVEL EM ALUMINIO C/ TAMPA 3/4BSP TIPO C DVRT 034-BSP-C DAISA | F27: DIIRT 034-BSP-C | G27: 1 | H27: PC | I27: DAISA | J27: 6.7 | K27: =G27*J27 -> 6.7 | L27: DIIRT 034-BSP-C | M27: =IFERROR(VLOOKUP(C27,Custo_MI_Device!$B$2:$E$102,3,FALSE),0) -> 0 | N27: =ROUNDUP(M27*G27,0) -> 0 | O27: =N27*J27 -> 0
A28: 2909 | B28: AIT | C28: AIT Hart - 2 Fios - Tubul. | D28: 73072200 | E28: CONECTOR RETO MACHO ASTM A276 INOX 316 TP C CL 6500 PSI 1/2"OD X 1/2"NPT | F28: 8-CM-8-316 | G28: 1 | H28: PC | I28: TRIUNION | J28: 27.7 | K28: =G28*J28 -> 27.7 | L28: 8-CM-8-316 | M28: =IFERROR(VLOOKUP(C28,Custo_MI_Device!$B$2:$E$102,3,FALSE),0) -> 0 | N28: =ROUNDUP(M28*G28,0) -> 0 | O28: =N28*J28 -> 0
A29: 4306 | B29: AIT | C29: AIT Hart - 2 Fios - Tubul. | D29: 73063000 | E29: ELETRODUTO PESADO C/ LUVA AÇO CARBONO GF NBR 5598 3/4" X 3000MM BSP | F29: 0 | G29: 2 | H29: BR | I29: CARBINOX | J29: 32 | K29: =G29*J29 -> 64 | L29: AUT-4306 | M29: =IFERROR(VLOOKUP(C29,Custo_MI_Device!$B$2:$E$102,3,FALSE),0) -> 0 | N29: =ROUNDUP(M29*G29,0) -> 0 | O29: =N29*J29 -> 0
A30: 1900 | B30: AIT | C30: AIT Hart - 2 Fios - Tubul. | D30: 73072200 | E30: NIPLE DUPLO SEXTAVADO ASTM A276 INOX 316 TP C CL 6500 PSI 1/2"NPT | F30: 8-NI-316 | G30: 1 | H30: PC | I30: TRIUNION | J30: 27 | K30: =G30*J30 -> 27 | L30: 8-NI-316 | M30: =IFERROR(VLOOKUP(C30,Custo_MI_Device!$B$2:$E$102,3,FALSE),0) -> 0 | N30: =ROUNDUP(M30*G30,0) -> 0 | O30: =N30*J30 -> 0
A31: 3274 | B31: AIT | C31: AIT Hart - 2 Fios - Tubul. | D31: 73181500 | E31: PORCA SEXTAVADA ZC 1/4" | F31: DP 618 | G31: 24 | H31: PC | I31: DISPAN | J31: 0.06 | K31: =G31*J31 -> 1.44 | L31: DP 618 | M31: =IFERROR(VLOOKUP(C31,Custo_MI_Device!$B$2:$E$102,3,FALSE),0) -> 0 | N31: =ROUNDUP(M31*G31,0) -> 0 | O31: =N31*J31 -> 0
A32: 1611 | B32: AIT | C32: AIT Hart - 2 Fios - Tubul. | D32: 39174090 | E32: PRENSA CABO HSK-K CZ RAL 7035 POLIAMIDA S/ CONTRA PORCA 1/2"NPT | F32: 1.209.1200.71 | G32: 3 | H32: PC | I32: HUMMEL | J32: 7.8 | K32: =G32*J32 -> 23.4 | L32: 1.209.1200.71 | M32: =IFERROR(VLOOKUP(C32,Custo_MI_Device!$B$2:$E$102,3,FALSE),0) -> 0 | N32: =ROUNDUP(M32*G32,0) -> 0 | O32: =N32*J32 -> 0
A33: 5081 | B33: AIT | C33: AIT Hart - 2 Fios - Tubul. | D33: 73145000 | E33: SUPORTE P/ INSTRUMENTOS EM AÇO A-36 2" AZUL RAL 5002 TIPO "L" | F33: 0 | G33: 1 | H33: PC | I33: BRUMEC | J33: 23 | K33: =G33*J33 -> 23 | L33: AUT-5081 | M33: =IFERROR(VLOOKUP(C33,Custo_MI_Device!$B$2:$E$102,3,FALSE),0) -> 0 | N33: =ROUNDUP(M33*G33,0) -> 0 | O33: =N33*J33 -> 0
A34: 5194 | B34: AIT | C34: AIT Hart - 2 Fios - Tubul. | D34: 73041010 | E34: TUBO ACO INOX AISI 316L A-269 TREFILADO S/ COSTURA 3063 PSI A 38 øC 12,7 X 1,24MM TI-127124-316 TRIUNION | F34: TI-127124-316 | G34: 1 | H34: BR | I34: TRIUNION | J34: =21.5*6 -> 129 | K34: =G34*J34 -> 129 | L34: TI-127124-316 | M34: =IFERROR(VLOOKUP(C34,Custo_MI_Device!$B$2:$E$102,3,FALSE),0) -> 0 | N34: =ROUNDUP(M34*G34,0) -> 0 | O34: =N34*J34 -> 0
A35: 2567 | B35: AIT | C35: AIT Hart - 2 Fios - Tubul. | D35: 84818095 | E35: VALVULA ESFERA TRIPARTIDA,CL 300 CORPO E TP A 216 WCB, ESFERA ASTM A351 CF8, PASS. REDUZIDA,VED.PTFE ROSCA 1/2 BSP MGA | F35: 0 | G35: 1 | H35: PC | I35: MGA | J35: 27 | K35: =G35*J35 -> 27 | L35: AUT-2567 | M35: =IFERROR(VLOOKUP(C35,Custo_MI_Device!$B$2:$E$102,3,FALSE),0) -> 0 | N35: =ROUNDUP(M35*G35,0) -> 0 | O35: =N35*J35 -> 0
A36: 2566 | B36: AIT | C36: AIT Hart - 4 Fios - Tanque | D36: 73072900 | E36: ABRACADEIRA VERGALHAO GRAMPO U ZC 2 X 1/4 DP 634-6 DISPAN | F36: DP 634-6 | G36: 2 | H36: PC | I36: DISPAN | J36: 2.8 | K36: =G36*J36 -> 5.6 | L36: DP 634-6 | M36: =IFERROR(VLOOKUP(C36,Custo_MI_Device!$B$2:$E$102,3,FALSE),0) -> 0 | N36: =ROUNDUP(M36*G36,0) -> 0 | O36: =N36*J36 -> 0
A37: 2534 | B37: AIT | C37: AIT Hart - 4 Fios - Tanque | D37: 73072900 | E37: ABRACADEIRA VERGALHAO GRAMPO U ZC 3/4 X 1/4 DP 634-2 DISPAN | F37: DP 634-2 | G37: 12 | H37: PC | I37: DISPAN | J37: 1.2 | K37: =G37*J37 -> 14.4 | L37: DP 634-2 | M37: =IFERROR(VLOOKUP(C37,Custo_MI_Device!$B$2:$E$102,3,FALSE),0) -> 0 | N37: =ROUNDUP(M37*G37,0) -> 0 | O37: =N37*J37 -> 0
A38: 1669 | B38: AIT | C38: AIT Hart - 4 Fios - Tanque | D38: 39269090 | E38: ABRACADEIRA, NYLON PRETA, 2,5 X 101MM, T-18 R, HELLERMANN | F38: T-18 R | G38: 3 | H38: PC | I38: HELLERMANN | J38: 0.04 | K38: =G38*J38 -> 0.12 | L38: T-18 R | M38: =IFERROR(VLOOKUP(C38,Custo_MI_Device!$B$2:$E$102,3,FALSE),0) -> 0 | N38: =ROUNDUP(M38*G38,0) -> 0 | O38: =N38*J38 -> 0
A39: 5091 | B39: AIT | C39: AIT Hart - 4 Fios - Tanque | D39: 73181500 | E39: ARRUELA LISA ZC 1/4" | F39: DP 619 | G39: 28 | H39: PC | I39: DISPAN | J39: 0.04 | K39: =G39*J39 -> 1.12 | L39: DP 619 | M39: =IFERROR(VLOOKUP(C39,Custo_MI_Device!$B$2:$E$102,3,FALSE),0) -> 0 | N39: =ROUNDUP(M39*G39,0) -> 0 | O39: =N39*J39 -> 0
A40: 1117 | B40: AIT | C40: AIT Hart - 4 Fios - Tanque | E40: BUCHA REDUCAO, ALUMINIO, 3/4 X 1/2 BSP | F40: BRR 034 X 012 | G40: 1 | H40: PC | I40: DAISA | J40: 1.95 | K40: =G40*J40 -> 1.95 | L40: BRR 034 X 012 | M40: =IFERROR(VLOOKUP(C40,Custo_MI_Device!$B$2:$E$102,3,FALSE),0) -> 0 | N40: =ROUNDUP(M40*G40,0) -> 0 | O40: =N40*J40 -> 0
A41: 4054 | B41: AIT | C41: AIT Hart - 4 Fios - Tanque | D41: 85444900 | E41: CABO INSTRUMENTAÇÃO BF, ISOL PVC/E 105°C, NBR 10300, C/ BLIND. ELETROST. COLETIVA FIO DRENO 1X2X2,50MM² | F41: 900550 | G41: 0 | H41: M | I41: ENERGIFLEX | J41: 3.1 | K41: =G41*J41 -> 0 | L41: 900550 | M41: =IFERROR(VLOOKUP(C41,Custo_MI_Device!$B$2:$E$102,3,FALSE),0) -> 0 | N41: =ROUNDUP(M41*G41,0) -> 0 | O41: =N41*J41 -> 0
A42: 3585 | B42: AIT | C42: AIT Hart - 4 Fios - Tanque | D42: 85444900 | E42: CABO INSTRUMENTACAO BF, ISOL PVC/E 105øC, NBR 10300, C/ BLIND.ELETROST.COLETIVA FIO DRENO 1X2X0,75MMý 900400 ENERGIFLEX | F42: 900400 | G42: 0 | H42: M | I42: ENERGIFLEX | J42: 1.7 | K42: =G42*J42 -> 0 | L42: 900400 | M42: =IFERROR(VLOOKUP(C42,Custo_MI_Device!$B$2:$E$102,3,FALSE),0) -> 0 | N42: =ROUNDUP(M42*G42,0) -> 0 | O42: =N42*J42 -> 0
A43: 2805 | B43: AIT | C43: AIT Hart - 4 Fios - Tanque | D43: 72162100 | E43: CANTONEIRA, ACO A36, ABAS IGUAIS, 1.1/2 X 1/4 X 6.000MM, GERDAU | F43: 0 | G43: 2.9 | H43: KG | I43: GERDAU | J43: 4.22 | K43: =G43*J43 -> 12.238 | L43: AUT-2805 | M43: =IFERROR(VLOOKUP(C43,Custo_MI_Device!$B$2:$E$102,3,FALSE),0) -> 0 | N43: =ROUNDUP(M43*G43,0) -> 0 | O43: =N43*J43 -> 0
A44: 4823 | B44: AIT | C44: AIT Hart - 4 Fios - Tanque | D44: 76090000 | E44: CONDULETE ROSCÁVEL EM ALUMÍNIO C/ TAMPA 3/4"BSP TIPO "LR" | F44: DVRT 034-BSP-LR | G44: 0.75 | H44: PC | I44: DAISA | J44: 6.7 | K44: =G44*J44 -> 5.025 | L44: DVRT 034-BSP-LR | M44: =IFERROR(VLOOKUP(C44,Custo_MI_Device!$B$2:$E$102,3,FALSE),0) -> 0 | N44: =ROUNDUP(M44*G44,0) -> 0 | O44: =N44*J44 -> 0
A45: 2912 | B45: AIT | C45: AIT Hart - 4 Fios - Tanque | D45: 76090000 | E45: CONDULETE ROSCÁVEL EM ALUMÍNIO C/ TAMPA 3/4"BSP TIPO "T" | F45: DIIRT 034-BSP-T | G45: 1 | H45: PC | I45: DAISA | J45: 7.5 | K45: =G45*J45 -> 7.5 | L45: DIIRT 034-BSP-T | M45: =IFERROR(VLOOKUP(C45,Custo_MI_Device!$B$2:$E$102,3,FALSE),0) -> 0 | N45: =ROUNDUP(M45*G45,0) -> 0 | O45: =N45*J45 -> 0
A46: 3436 | B46: AIT | C46: AIT Hart - 4 Fios - Tanque | D46: 76090000 | E46: CONDULETE ROSCAVEL EM ALUMINIO C/ TAMPA 3/4BSP TIPO C DVRT 034-BSP-C DAISA | F46: DIIRT 034-BSP-C | G46: 1 | H46: PC | I46: DAISA | J46: 6.7 | K46: =G46*J46 -> 6.7 | L46: DIIRT 034-BSP-C | M46: =IFERROR(VLOOKUP(C46,Custo_MI_Device!$B$2:$E$102,3,FALSE),0) -> 0 | N46: =ROUNDUP(M46*G46,0) -> 0 | O46: =N46*J46 -> 0
A47: 4307 | B47: AIT | C47: AIT Hart - 4 Fios - Tanque | D47: 73063000 | E47: ELETRODUTO PESADO C/ LUVA AÇO CARBONO GF NBR 5598 2" X 3000MM BSP | F47: 0 | G47: 0 | H47: BR | I47: CARBINOX | J47: 86 | K47: =G47*J47 -> 0 | L47: AUT-4307 | M47: =IFERROR(VLOOKUP(C47,Custo_MI_Device!$B$2:$E$102,3,FALSE),0) -> 0 | N47: =ROUNDUP(M47*G47,0) -> 0 | O47: =N47*J47 -> 0
A48: 4306 | B48: AIT | C48: AIT Hart - 4 Fios - Tanque | D48: 73063000 | E48: ELETRODUTO PESADO C/ LUVA AÇO CARBONO GF NBR 5598 3/4" X 3000MM BSP | F48: 0 | G48: 2 | H48: BR | I48: CARBINOX | J48: 32 | K48: =G48*J48 -> 64 | L48: AUT-4306 | M48: =IFERROR(VLOOKUP(C48,Custo_MI_Device!$B$2:$E$102,3,FALSE),0) -> 0 | N48: =ROUNDUP(M48*G48,0) -> 0 | O48: =N48*J48 -> 0
A49: 2564 | B49: AIT | C49: AIT Hart - 4 Fios - Tanque | D49: 73145000 | E49: PERFILADO PERFURADO GF 16AWG 19 X 38 X 6000MM | F49: DP 504 | G49: 6 | H49: M | I49: DISPAN | J49: 21 | K49: =G49*J49 -> 126 | L49: DP 504 | M49: =IFERROR(VLOOKUP(C49,Custo_MI_Device!$B$2:$E$102,3,FALSE),0) -> 0 | N49: =ROUNDUP(M49*G49,0) -> 0 | O49: =N49*J49 -> 0
A50: 3274 | B50: AIT | C50: AIT Hart - 4 Fios - Tanque | D50: 73181500 | E50: PORCA SEXTAVADA ZC 1/4" | F50: DP 618 | G50: 28 | H50: PC | I50: DISPAN | J50: 0.06 | K50: =G50*J50 -> 1.68 | L50: DP 618 | M50: =IFERROR(VLOOKUP(C50,Custo_MI_Device!$B$2:$E$102,3,FALSE),0) -> 0 | N50: =ROUNDUP(M50*G50,0) -> 0 | O50: =N50*J50 -> 0
A51: 1611 | B51: AIT | C51: AIT Hart - 4 Fios - Tanque | D51: 39174090 | E51: PRENSA CABO HSK-K CZ RAL 7035 POLIAMIDA S/ CONTRA PORCA 1/2"NPT | F51: 1.209.1200.71 | G51: 2 | H51: PC | I51: HUMMEL | J51: 7.8 | K51: =G51*J51 -> 15.6 | L51: 1.209.1200.71 | M51: =IFERROR(VLOOKUP(C51,Custo_MI_Device!$B$2:$E$102,3,FALSE),0) -> 0 | N51: =ROUNDUP(M51*G51,0) -> 0 | O51: =N51*J51 -> 0
A52: 5081 | B52: AIT | C52: AIT Hart - 4 Fios - Tanque | D52: 73145000 | E52: SUPORTE P/ INSTRUMENTOS EM AÇO A-36 2" AZUL RAL 5002 TIPO "L" | F52: 0 | G52: 1 | H52: PC | I52: BRUMEC | J52: 23 | K52: =G52*J52 -> 23 | L52: AUT-5081 | M52: =IFERROR(VLOOKUP(C52,Custo_MI_Device!$B$2:$E$102,3,FALSE),0) -> 0 | N52: =ROUNDUP(M52*G52,0) -> 0 | O52: =N52*J52 -> 0
A53: 2534 | B53: AIT | C53: AIT Hart - 4 Fios - Tubul. | D53: 73072900 | E53: ABRACADEIRA VERGALHAO GRAMPO U ZC 3/4 X 1/4 DP 634-2 DISPAN | F53: DP 634-2 | G53: 12 | H53: PC | I53: DISPAN | J53: 2.02 | K53: =G53*J53 -> 24.24 | L53: DP 634-2 | M53: =IFERROR(VLOOKUP(C53,Custo_MI_Device!$B$2:$E$102,3,FALSE),0) -> 11 | N53: =ROUNDUP(M53*G53,0) -> 132 | O53: =N53*J53 -> 266.64
A54: 1669 | B54: AIT | C54: AIT Hart - 4 Fios - Tubul. | D54: 39269090 | E54: ABRACADEIRA, NYLON PRETA, 2,5 X 101MM, T-18 R, HELLERMANN | F54: T-18 R | G54: 3 | H54: PC | I54: HELLERMANN | J54: 0.1 | K54: =G54*J54 -> 0.3 | L54: T-18 R | M54: =IFERROR(VLOOKUP(C54,Custo_MI_Device!$B$2:$E$102,3,FALSE),0) -> 11 | N54: =ROUNDUP(M54*G54,0) -> 33 | O54: =N54*J54 -> 3.3
A55: 5091 | B55: AIT | C55: AIT Hart - 4 Fios - Tubul. | D55: 73181500 | E55: ARRUELA LISA ZC 1/4" | F55: DP 619 | G55: 24 | H55: PC | I55: DISPAN | J55: 0.1 | K55: =G55*J55 -> 2.4 | L55: DP 619 | M55: =IFERROR(VLOOKUP(C55,Custo_MI_Device!$B$2:$E$102,3,FALSE),0) -> 11 | N55: =ROUNDUP(M55*G55,0) -> 264 | O55: =N55*J55 -> 26.4
A56: 1117 | B56: AIT | C56: AIT Hart - 4 Fios - Tubul. | E56: BUCHA REDUCAO, ALUMINIO, 3/4 X 1/2 BSP | F56: BRR 034 X 012 | G56: 3 | H56: PC | I56: DAISA | J56: 1.95 | K56: 4.85 | L56: BRR 034 X 012 | M56: =IFERROR(VLOOKUP(C56,Custo_MI_Device!$B$2:$E$102,3,FALSE),0) -> 11 | N56: =ROUNDUP(M56*G56,0) -> 33 | O56: =N56*J56 -> 64.35
A57: 4054 | B57: AIT | C57: AIT Hart - 4 Fios - Tubul. | D57: 85444900 | E57: CABO INSTRUMENTAÇÃO BF, ISOL PVC/E 105°C, NBR 10300, C/ BLIND. ELETROST. COLETIVA FIO DRENO 1X2X2,50MM² | F57: 900550 | G57: 0 | H57: M | I57: ENERGIFLEX | J57: 3.1 | K57: =G57*J57 -> 0 | L57: 900550 | M57: =IFERROR(VLOOKUP(C57,Custo_MI_Device!$B$2:$E$102,3,FALSE),0) -> 11 | N57: =ROUNDUP(M57*G57,0) -> 0 | O57: =N57*J57 -> 0
A58: 3585 | B58: AIT | C58: AIT Hart - 4 Fios - Tubul. | D58: 85444900 | E58: CABO INSTRUMENTACAO BF, ISOL PVC/E 105øC, NBR 10300, C/ BLIND.ELETROST.COLETIVA FIO DRENO 1X2X0,75MMý 900400 ENERGIFLEX | F58: 900400 | G58: 0 | H58: M | I58: ENERGIFLEX | J58: 1.7 | K58: =G58*J58 -> 0 | L58: 900400 | M58: =IFERROR(VLOOKUP(C58,Custo_MI_Device!$B$2:$E$102,3,FALSE),0) -> 11 | N58: =ROUNDUP(M58*G58,0) -> 0 | O58: =N58*J58 -> 0
A59: 2805 | B59: AIT | C59: AIT Hart - 4 Fios - Tubul. | D59: 72162100 | E59: CANTONEIRA, ACO A36, ABAS IGUAIS, 1.1/2 X 1/4 X 6.000MM, GERDAU | F59: 0 | G59: 0 | H59: KG | I59: GERDAU | J59: 4.22 | K59: =G59*J59 -> 0 | L59: AUT-2805 | M59: =IFERROR(VLOOKUP(C59,Custo_MI_Device!$B$2:$E$102,3,FALSE),0) -> 11 | N59: =ROUNDUP(M59*G59,0) -> 0 | O59: =N59*J59 -> 0
A60: 4823 | B60: AIT | C60: AIT Hart - 4 Fios - Tubul. | D60: 76090000 | E60: CONDULETE ROSCÁVEL EM ALUMÍNIO C/ TAMPA 3/4"BSP TIPO "LR" | F60: DVRT 034-BSP-LR | G60: 2 | H60: PC | I60: DAISA | J60: 26.06 | K60: =G60*J60 -> 52.12 | L60: DVRT 034-BSP-LR | M60: =IFERROR(VLOOKUP(C60,Custo_MI_Device!$B$2:$E$102,3,FALSE),0) -> 11 | N60: =ROUNDUP(M60*G60,0) -> 22 | O60: =N60*J60 -> 573.32
A61: 2912 | B61: AIT | C61: AIT Hart - 4 Fios - Tubul. | D61: 76090000 | E61: CONDULETE ROSCÁVEL EM ALUMÍNIO C/ TAMPA 3/4"BSP TIPO "T" | F61: DIIRT 034-BSP-T | G61: 2 | H61: PC | I61: DAISA | J61: 29.74 | K61: =G61*J61 -> 59.48 | L61: DIIRT 034-BSP-T | M61: =IFERROR(VLOOKUP(C61,Custo_MI_Device!$B$2:$E$102,3,FALSE),0) -> 11 | N61: =ROUNDUP(M61*G61,0) -> 22 | O61: =N61*J61 -> 654.28
A62: 3436 | B62: AIT | C62: AIT Hart - 4 Fios - Tubul. | D62: 76090000 | E62: CONDULETE ROSCAVEL EM ALUMINIO C/ TAMPA 3/4BSP TIPO C DVRT 034-BSP-C DAISA | F62: DIIRT 034-BSP-C | G62: 2 | H62: PC | I62: DAISA | J62: 26.06 | K62: =G62*J62 -> 52.12 | L62: DIIRT 034-BSP-C | M62: =IFERROR(VLOOKUP(C62,Custo_MI_Device!$B$2:$E$102,3,FALSE),0) -> 11 | N62: =ROUNDUP(M62*G62,0) -> 22 | O62: =N62*J62 -> 573.32
A63: 2909 | B63: AIT | C63: AIT Hart - 4 Fios - Tubul. | D63: 73072200 | E63: CONECTOR RETO MACHO ASTM A276 INOX 316 TP C CL 6500 PSI 1/2"OD X 1/2"NPT | F63: 8-CM-8-316 | G63: 1 | H63: PC | I63: TRIUNION | J63: 89.89 | K63: =G63*J63 -> 89.89 | L63: 8-CM-8-316 | M63: =IFERROR(VLOOKUP(C63,Custo_MI_Device!$B$2:$E$102,3,FALSE),0) -> 11 | N63: =ROUNDUP(M63*G63,0) -> 11 | O63: =N63*J63 -> 988.79
A64: 4306 | B64: AIT | C64: AIT Hart - 4 Fios - Tubul. | D64: 73063000 | E64: ELETRODUTO PESADO C/ LUVA AÇO CARBONO GF NBR 5598 3/4" X 3000MM BSP | F64: 0 | G64: 0 | H64: BR | I64: CARBINOX | J64: 32 | K64: =G64*J64 -> 0 | L64: AUT-4306 | M64: =IFERROR(VLOOKUP(C64,Custo_MI_Device!$B$2:$E$102,3,FALSE),0) -> 11 | N64: =ROUNDUP(M64*G64,0) -> 0 | O64: =N64*J64 -> 0
A65: 1900 | B65: AIT | C65: AIT Hart - 4 Fios - Tubul. | D65: 73072200 | E65: NIPLE DUPLO SEXTAVADO ASTM A276 INOX 316 TP C CL 6500 PSI 1/2"NPT | F65: 8-NI-316 | G65: 1 | H65: PC | I65: TRIUNION | J65: 59.86 | K65: =G65*J65 -> 59.86 | L65: 8-NI-316 | M65: =IFERROR(VLOOKUP(C65,Custo_MI_Device!$B$2:$E$102,3,FALSE),0) -> 11 | N65: =ROUNDUP(M65*G65,0) -> 11 | O65: =N65*J65 -> 658.46
A66: 3274 | B66: AIT | C66: AIT Hart - 4 Fios - Tubul. | D66: 73181500 | E66: PORCA SEXTAVADA ZC 1/4" | F66: DP 618 | G66: 24 | H66: PC | I66: DISPAN | J66: 0.11 | K66: =G66*J66 -> 2.64 | L66: DP 618 | M66: =IFERROR(VLOOKUP(C66,Custo_MI_Device!$B$2:$E$102,3,FALSE),0) -> 11 | N66: =ROUNDUP(M66*G66,0) -> 264 | O66: =N66*J66 -> 29.04
A67: 1611 | B67: AIT | C67: AIT Hart - 4 Fios - Tubul. | D67: 39174090 | E67: PRENSA CABO HSK-K CZ RAL 7035 POLIAMIDA S/ CONTRA PORCA 1/2"NPT | F67: 1.209.1200.71 | G67: 3 | H67: PC | I67: HUMMEL | J67: 7.8 | K67: =G67*J67 -> 23.4 | L67: 1.209.1200.71 | M67: =IFERROR(VLOOKUP(C67,Custo_MI_Device!$B$2:$E$102,3,FALSE),0) -> 11 | N67: =ROUNDUP(M67*G67,0) -> 33 | O67: =N67*J67 -> 257.4
A68: 5081 | B68: AIT | C68: AIT Hart - 4 Fios - Tubul. | D68: 73145000 | E68: SUPORTE P/ INSTRUMENTOS EM AÇO A-36 2" AZUL RAL 5002 TIPO "L" | F68: 0 | G68: 1 | H68: PC | I68: BRUMEC | J68: 45 | K68: =G68*J68 -> 45 | L68: AUT-5081 | M68: =IFERROR(VLOOKUP(C68,Custo_MI_Device!$B$2:$E$102,3,FALSE),0) -> 11 | N68: =ROUNDUP(M68*G68,0) -> 11 | O68: =N68*J68 -> 495
A69: 5194 | B69: AIT | C69: AIT Hart - 4 Fios - Tubul. | D69: 73041010 | E69: TUBO ACO INOX AISI 316L A-269 TREFILADO S/ COSTURA 3063 PSI A 38 øC 12,7 X 1,24MM TI-127124-316 TRIUNION | F69: TI-127124-316 | G69: 1 | H69: BR | I69: TRIUNION | J69: 298 | K69: =G69*J69 -> 298 | L69: TI-127124-316 | M69: =IFERROR(VLOOKUP(C69,Custo_MI_Device!$B$2:$E$102,3,FALSE),0) -> 11 | N69: =ROUNDUP(M69*G69,0) -> 11 | O69: =N69*J69 -> 3278
A70: 2567 | B70: AIT | C70: AIT Hart - 4 Fios - Tubul. | D70: 84818095 | E70: VALVULA ESFERA TRIPARTIDA,CL 300 CORPO E TP A 216 WCB, ESFERA ASTM A351 CF8, PASS. REDUZIDA,VED.PTFE ROSCA 1/2 BSP MGA | F70: 0 | G70: 1 | H70: PC | I70: MGA | J70: 56 | K70: =G70*J70 -> 56 | L70: AUT-2567 | M70: =IFERROR(VLOOKUP(C70,Custo_MI_Device!$B$2:$E$102,3,FALSE),0) -> 11 | N70: =ROUNDUP(M70*G70,0) -> 11 | O70: =N70*J70 -> 616
A71: 2566 | B71: AIT | C71: AIT PA - 4 Fios - Tanque | D71: 73072900 | E71: ABRACADEIRA VERGALHAO GRAMPO U ZC 2 X 1/4 DP 634-6 DISPAN | F71: DP 634-6 | G71: 2 | H71: PC | I71: DISPAN | J71: 2.8 | K71: =G71*J71 -> 5.6 | L71: DP 634-6 | M71: =IFERROR(VLOOKUP(C71,Custo_MI_Device!$B$2:$E$102,3,FALSE),0) -> 0 | N71: =ROUNDUP(M71*G71,0) -> 0 | O71: =N71*J71 -> 0
A72: 2534 | B72: AIT | C72: AIT PA - 4 Fios - Tanque | D72: 73072900 | E72: ABRACADEIRA VERGALHAO GRAMPO U ZC 3/4 X 1/4 DP 634-2 DISPAN | F72: DP 634-2 | G72: 12 | H72: PC | I72: DISPAN | J72: 1.2 | K72: =G72*J72 -> 14.4 | L72: DP 634-2 | M72: =IFERROR(VLOOKUP(C72,Custo_MI_Device!$B$2:$E$102,3,FALSE),0) -> 0 | N72: =ROUNDUP(M72*G72,0) -> 0 | O72: =N72*J72 -> 0
A73: 1669 | B73: AIT | C73: AIT PA - 4 Fios - Tanque | D73: 39269090 | E73: ABRACADEIRA, NYLON PRETA, 2,5 X 101MM, T-18 R, HELLERMANN | F73: T-18 R | G73: 3 | H73: PC | I73: HELLERMANN | J73: 0.04 | K73: =G73*J73 -> 0.12 | L73: T-18 R | M73: =IFERROR(VLOOKUP(C73,Custo_MI_Device!$B$2:$E$102,3,FALSE),0) -> 0 | N73: =ROUNDUP(M73*G73,0) -> 0 | O73: =N73*J73 -> 0
A74: 5091 | B74: AIT | C74: AIT PA - 4 Fios - Tanque | D74: 73181500 | E74: ARRUELA LISA ZC 1/4" | F74: DP 619 | G74: 28 | H74: PC | I74: DISPAN | J74: 0.04 | K74: =G74*J74 -> 1.12 | L74: DP 619 | M74: =IFERROR(VLOOKUP(C74,Custo_MI_Device!$B$2:$E$102,3,FALSE),0) -> 0 | N74: =ROUNDUP(M74*G74,0) -> 0 | O74: =N74*J74 -> 0
A75: 1117 | B75: AIT | C75: AIT PA - 4 Fios - Tanque | E75: BUCHA REDUCAO, ALUMINIO, 3/4 X 1/2 BSP | F75: BRR 034 X 012 | G75: 1 | H75: PC | I75: DAISA | J75: 1.95 | K75: =G75*J75 -> 1.95 | L75: BRR 034 X 012 | M75: =IFERROR(VLOOKUP(C75,Custo_MI_Device!$B$2:$E$102,3,FALSE),0) -> 0 | N75: =ROUNDUP(M75*G75,0) -> 0 | O75: =N75*J75 -> 0
A76: 4054 | B76: AIT | C76: AIT PA - 4 Fios - Tanque | D76: 85444900 | E76: CABO INSTRUMENTAÇÃO BF, ISOL PVC/E 105°C, NBR 10300, C/ BLIND. ELETROST. COLETIVA FIO DRENO 1X2X2,50MM² | F76: 900550 | G76: 40 | H76: M | I76: ENERGIFLEX | J76: 3.1 | K76: =G76*J76 -> 124 | L76: 900550 | M76: =IFERROR(VLOOKUP(C76,Custo_MI_Device!$B$2:$E$102,3,FALSE),0) -> 0 | N76: =ROUNDUP(M76*G76,0) -> 0 | O76: =N76*J76 -> 0
A77: 5139 | B77: AIT | C77: AIT PA - 4 Fios - Tanque | D77: 85444900 | E77: CABO PROFIBUS PA, 300V, 105§C, CAPA PVC AZUL, BELDFOIL, FIO DRENO EM COBRE ESTANHADO 2 X 18AWG B3076F-BLUE BELDEN | F77: B3076F-BLUE | G77: 15 | H77: M | I77: BELDEN | J77: 7.5 | K77: =G77*J77 -> 112.5 | L77: L.GG3RW1 | M77: =IFERROR(VLOOKUP(C77,Custo_MI_Device!$B$2:$E$102,3,FALSE),0) -> 0 | N77: =ROUNDUP(M77*G77,0) -> 0 | O77: =N77*J77 -> 0
A78: 2805 | B78: AIT | C78: AIT PA - 4 Fios - Tanque | D78: 72162100 | E78: CANTONEIRA, ACO A36, ABAS IGUAIS, 1.1/2 X 1/4 X 6.000MM, GERDAU | F78: 0 | G78: 2.9 | H78: KG | I78: GERDAU | J78: 4.22 | K78: =G78*J78 -> 12.238 | L78: AUT-2805 | M78: =IFERROR(VLOOKUP(C78,Custo_MI_Device!$B$2:$E$102,3,FALSE),0) -> 0 | N78: =ROUNDUP(M78*G78,0) -> 0 | O78: =N78*J78 -> 0
A79: 4823 | B79: AIT | C79: AIT PA - 4 Fios - Tanque | D79: 76090000 | E79: CONDULETE ROSCÁVEL EM ALUMÍNIO C/ TAMPA 3/4"BSP TIPO "LR" | F79: DVRT 034-BSP-LR | G79: 0.75 | H79: PC | I79: DAISA | J79: 6.7 | K79: =G79*J79 -> 5.025 | L79: DVRT 034-BSP-LR | M79: =IFERROR(VLOOKUP(C79,Custo_MI_Device!$B$2:$E$102,3,FALSE),0) -> 0 | N79: =ROUNDUP(M79*G79,0) -> 0 | O79: =N79*J79 -> 0
A80: 2912 | B80: AIT | C80: AIT PA - 4 Fios - Tanque | D80: 76090000 | E80: CONDULETE ROSCÁVEL EM ALUMÍNIO C/ TAMPA 3/4"BSP TIPO "T" | F80: DIIRT 034-BSP-T | G80: 1 | H80: PC | I80: DAISA | J80: 7.5 | K80: =G80*J80 -> 7.5 | L80: DIIRT 034-BSP-T | M80: =IFERROR(VLOOKUP(C80,Custo_MI_Device!$B$2:$E$102,3,FALSE),0) -> 0 | N80: =ROUNDUP(M80*G80,0) -> 0 | O80: =N80*J80 -> 0
A81: 3436 | B81: AIT | C81: AIT PA - 4 Fios - Tanque | D81: 76090000 | E81: CONDULETE ROSCAVEL EM ALUMINIO C/ TAMPA 3/4BSP TIPO C DVRT 034-BSP-C DAISA | F81: DIIRT 034-BSP-C | G81: 1 | H81: PC | I81: DAISA | J81: 6.7 | K81: =G81*J81 -> 6.7 | L81: DIIRT 034-BSP-C | M81: =IFERROR(VLOOKUP(C81,Custo_MI_Device!$B$2:$E$102,3,FALSE),0) -> 0 | N81: =ROUNDUP(M81*G81,0) -> 0 | O81: =N81*J81 -> 0
A82: 4307 | B82: AIT | C82: AIT PA - 4 Fios - Tanque | D82: 73063000 | E82: ELETRODUTO PESADO C/ LUVA AÇO CARBONO GF NBR 5598 2" X 3000MM BSP | F82: 0 | G82: 0 | H82: BR | I82: CARBINOX | J82: 86 | K82: =G82*J82 -> 0 | L82: AUT-4307 | M82: =IFERROR(VLOOKUP(C82,Custo_MI_Device!$B$2:$E$102,3,FALSE),0) -> 0 | N82: =ROUNDUP(M82*G82,0) -> 0 | O82: =N82*J82 -> 0
A83: 4306 | B83: AIT | C83: AIT PA - 4 Fios - Tanque | D83: 73063000 | E83: ELETRODUTO PESADO C/ LUVA AÇO CARBONO GF NBR 5598 3/4" X 3000MM BSP | F83: 0 | G83: 2 | H83: BR | I83: CARBINOX | J83: 32 | K83: =G83*J83 -> 64 | L83: AUT-4306 | M83: =IFERROR(VLOOKUP(C83,Custo_MI_Device!$B$2:$E$102,3,FALSE),0) -> 0 | N83: =ROUNDUP(M83*G83,0) -> 0 | O83: =N83*J83 -> 0
A84: 2564 | B84: AIT | C84: AIT PA - 4 Fios - Tanque | D84: 73145000 | E84: PERFILADO PERFURADO GF 16AWG 19 X 38 X 6000MM | F84: DP 504 | G84: 6 | H84: M | I84: DISPAN | J84: 21 | K84: =G84*J84 -> 126 | L84: DP 504 | M84: =IFERROR(VLOOKUP(C84,Custo_MI_Device!$B$2:$E$102,3,FALSE),0) -> 0 | N84: =ROUNDUP(M84*G84,0) -> 0 | O84: =N84*J84 -> 0
A85: 3274 | B85: AIT | C85: AIT PA - 4 Fios - Tanque | D85: 73181500 | E85: PORCA SEXTAVADA ZC 1/4" | F85: DP 618 | G85: 28 | H85: PC | I85: DISPAN | J85: 0.06 | K85: =G85*J85 -> 1.68 | L85: DP 618 | M85: =IFERROR(VLOOKUP(C85,Custo_MI_Device!$B$2:$E$102,3,FALSE),0) -> 0 | N85: =ROUNDUP(M85*G85,0) -> 0 | O85: =N85*J85 -> 0
A86: 1611 | B86: AIT | C86: AIT PA - 4 Fios - Tanque | D86: 39174090 | E86: PRENSA CABO HSK-K CZ RAL 7035 POLIAMIDA S/ CONTRA PORCA 1/2"NPT | F86: 1.209.1200.71 | G86: 2 | H86: PC | I86: HUMMEL | J86: 7.8 | K86: =G86*J86 -> 15.6 | L86: 1.209.1200.71 | M86: =IFERROR(VLOOKUP(C86,Custo_MI_Device!$B$2:$E$102,3,FALSE),0) -> 0 | N86: =ROUNDUP(M86*G86,0) -> 0 | O86: =N86*J86 -> 0
A87: 5081 | B87: AIT | C87: AIT PA - 4 Fios - Tanque | D87: 73145000 | E87: SUPORTE P/ INSTRUMENTOS EM AÇO A-36 2" AZUL RAL 5002 TIPO "L" | F87: 0 | G87: 1 | H87: PC | I87: BRUMEC | J87: 23 | K87: =G87*J87 -> 23 | L87: AUT-5081 | M87: =IFERROR(VLOOKUP(C87,Custo_MI_Device!$B$2:$E$102,3,FALSE),0) -> 0 | N87: =ROUNDUP(M87*G87,0) -> 0 | O87: =N87*J87 -> 0
A88: 2534 | B88: AIT | C88: AIT PA - 4 Fios - Tubul. | D88: 73072900 | E88: ABRACADEIRA VERGALHAO GRAMPO U ZC 3/4 X 1/4 DP 634-2 DISPAN | F88: DP 634-2 | G88: 12 | H88: PC | I88: DISPAN | J88: 1.2 | K88: =G88*J88 -> 14.4 | L88: DP 634-2 | M88: =IFERROR(VLOOKUP(C88,Custo_MI_Device!$B$2:$E$102,3,FALSE),0) -> 0 | N88: =ROUNDUP(M88*G88,0) -> 0 | O88: =N88*J88 -> 0
A89: 1669 | B89: AIT | C89: AIT PA - 4 Fios - Tubul. | D89: 39269090 | E89: ABRACADEIRA, NYLON PRETA, 2,5 X 101MM, T-18 R, HELLERMANN | F89: T-18 R | G89: 3 | H89: PC | I89: HELLERMANN | J89: 0.04 | K89: =G89*J89 -> 0.12 | L89: T-18 R | M89: =IFERROR(VLOOKUP(C89,Custo_MI_Device!$B$2:$E$102,3,FALSE),0) -> 0 | N89: =ROUNDUP(M89*G89,0) -> 0 | O89: =N89*J89 -> 0
A90: 5091 | B90: AIT | C90: AIT PA - 4 Fios - Tubul. | D90: 73181500 | E90: ARRUELA LISA ZC 1/4" | F90: DP 619 | G90: 24 | H90: PC | I90: DISPAN | J90: 0.04 | K90: =G90*J90 -> 0.96 | L90: DP 619 | M90: =IFERROR(VLOOKUP(C90,Custo_MI_Device!$B$2:$E$102,3,FALSE),0) -> 0 | N90: =ROUNDUP(M90*G90,0) -> 0 | O90: =N90*J90 -> 0
A91: 1117 | B91: AIT | C91: AIT PA - 4 Fios - Tubul. | E91: BUCHA REDUCAO, ALUMINIO, 3/4 X 1/2 BSP | F91: BRR 034 X 012 | G91: 3 | H91: PC | I91: DAISA | J91: 1.95 | K91: =G91*J91 -> 5.85 | L91: BRR 034 X 012 | M91: =IFERROR(VLOOKUP(C91,Custo_MI_Device!$B$2:$E$102,3,FALSE),0) -> 0 | N91: =ROUNDUP(M91*G91,0) -> 0 | O91: =N91*J91 -> 0
A92: 4054 | B92: AIT | C92: AIT PA - 4 Fios - Tubul. | D92: 85444900 | E92: CABO INSTRUMENTAÇÃO BF, ISOL PVC/E 105°C, NBR 10300, C/ BLIND. ELETROST. COLETIVA FIO DRENO 1X2X2,50MM² | F92: 900550 | G92: 40 | H92: M | I92: ENERGIFLEX | J92: 3.1 | K92: =G92*J92 -> 124 | L92: 900550 | M92: =IFERROR(VLOOKUP(C92,Custo_MI_Device!$B$2:$E$102,3,FALSE),0) -> 0 | N92: =ROUNDUP(M92*G92,0) -> 0 | O92: =N92*J92 -> 0
A93: 5139 | B93: AIT | C93: AIT PA - 4 Fios - Tubul. | D93: 85444900 | E93: CABO PROFIBUS PA, 300V, 105§C, CAPA PVC AZUL, BELDFOIL, FIO DRENO EM COBRE ESTANHADO 2 X 18AWG B3076F-BLUE BELDEN | F93: B3076F-BLUE | G93: 15 | H93: M | I93: BELDEN | J93: 7.5 | K93: =G93*J93 -> 112.5 | L93: L.GG3RW1 | M93: =IFERROR(VLOOKUP(C93,Custo_MI_Device!$B$2:$E$102,3,FALSE),0) -> 0 | N93: =ROUNDUP(M93*G93,0) -> 0 | O93: =N93*J93 -> 0
A94: 2805 | B94: AIT | C94: AIT PA - 4 Fios - Tubul. | D94: 72162100 | E94: CANTONEIRA, ACO A36, ABAS IGUAIS, 1.1/2 X 1/4 X 6.000MM, GERDAU | F94: 0 | G94: 2.9 | H94: KG | I94: GERDAU | J94: 4.22 | K94: =G94*J94 -> 12.238 | L94: AUT-2805 | M94: =IFERROR(VLOOKUP(C94,Custo_MI_Device!$B$2:$E$102,3,FALSE),0) -> 0 | N94: =ROUNDUP(M94*G94,0) -> 0 | O94: =N94*J94 -> 0
A95: 4823 | B95: AIT | C95: AIT PA - 4 Fios - Tubul. | D95: 76090000 | E95: CONDULETE ROSCÁVEL EM ALUMÍNIO C/ TAMPA 3/4"BSP TIPO "LR" | F95: DVRT 034-BSP-LR | G95: 0.75 | H95: PC | I95: DAISA | J95: 6.7 | K95: =G95*J95 -> 5.025 | L95: DVRT 034-BSP-LR | M95: =IFERROR(VLOOKUP(C95,Custo_MI_Device!$B$2:$E$102,3,FALSE),0) -> 0 | N95: =ROUNDUP(M95*G95,0) -> 0 | O95: =N95*J95 -> 0
A96: 2912 | B96: AIT | C96: AIT PA - 4 Fios - Tubul. | D96: 76090000 | E96: CONDULETE ROSCÁVEL EM ALUMÍNIO C/ TAMPA 3/4"BSP TIPO "T" | F96: DIIRT 034-BSP-T | G96: 1 | H96: PC | I96: DAISA | J96: 7.5 | K96: =G96*J96 -> 7.5 | L96: DIIRT 034-BSP-T | M96: =IFERROR(VLOOKUP(C96,Custo_MI_Device!$B$2:$E$102,3,FALSE),0) -> 0 | N96: =ROUNDUP(M96*G96,0) -> 0 | O96: =N96*J96 -> 0
A97: 3436 | B97: AIT | C97: AIT PA - 4 Fios - Tubul. | D97: 76090000 | E97: CONDULETE ROSCAVEL EM ALUMINIO C/ TAMPA 3/4BSP TIPO C DVRT 034-BSP-C DAISA | F97: DIIRT 034-BSP-C | G97: 1 | H97: PC | I97: DAISA | J97: 6.7 | K97: =G97*J97 -> 6.7 | L97: DIIRT 034-BSP-C | M97: =IFERROR(VLOOKUP(C97,Custo_MI_Device!$B$2:$E$102,3,FALSE),0) -> 0 | N97: =ROUNDUP(M97*G97,0) -> 0 | O97: =N97*J97 -> 0
A98: 2909 | B98: AIT | C98: AIT PA - 4 Fios - Tubul. | D98: 73072200 | E98: CONECTOR RETO MACHO ASTM A276 INOX 316 TP C CL 6500 PSI 1/2"OD X 1/2"NPT | F98: 8-CM-8-316 | G98: 1 | H98: PC | I98: TRIUNION | J98: 27.7 | K98: =G98*J98 -> 27.7 | L98: 8-CM-8-316 | M98: =IFERROR(VLOOKUP(C98,Custo_MI_Device!$B$2:$E$102,3,FALSE),0) -> 0 | N98: =ROUNDUP(M98*G98,0) -> 0 | O98: =N98*J98 -> 0
A99: 4306 | B99: AIT | C99: AIT PA - 4 Fios - Tubul. | D99: 73063000 | E99: ELETRODUTO PESADO C/ LUVA AÇO CARBONO GF NBR 5598 3/4" X 3000MM BSP | F99: 0 | G99: 2 | H99: BR | I99: CARBINOX | J99: 32 | K99: =G99*J99 -> 64 | L99: AUT-4306 | M99: =IFERROR(VLOOKUP(C99,Custo_MI_Device!$B$2:$E$102,3,FALSE),0) -> 0 | N99: =ROUNDUP(M99*G99,0) -> 0 | O99: =N99*J99 -> 0
A100: 1900 | B100: AIT | C100: AIT PA - 4 Fios - Tubul. | D100: 73072200 | E100: NIPLE DUPLO SEXTAVADO ASTM A276 INOX 316 TP C CL 6500 PSI 1/2"NPT | F100: 8-NI-316 | G100: 1 | H100: PC | I100: TRIUNION | J100: 27 | K100: =G100*J100 -> 27 | L100: 8-NI-316 | M100: =IFERROR(VLOOKUP(C100,Custo_MI_Device!$B$2:$E$102,3,FALSE),0) -> 0 | N100: =ROUNDUP(M100*G100,0) -> 0 | O100: =N100*J100 -> 0
...

Sheet Custo_MI_Infra
A1: ISA | B1: TIPO | C1: CUSTO UNITARIO Metro | D1: QUANT | E1: CUSTO TOTAL | L1: =SUM(E:E) -> 0
A2: Infra | B2: Infra Eletrica de 1" | C2: =SUMIF(Insumos_Infra!$B:$B,Custo_MI_Infra!$B2,Insumos_Infra!$M:$M) -> 22.962533 | E2: =C2*D2 -> 0
A3: Infra | B3: Infra Eletrica de 1" Exd | C3: =SUMIF(Insumos_Infra!$B:$B,Custo_MI_Infra!$B3,Insumos_Infra!$M:$M) -> 32.236978 | E3: =C3*D3 -> 0
A4: Infra | B4: Infra Eletrica de 1.1/2" | C4: =SUMIF(Insumos_Infra!$B:$B,Custo_MI_Infra!$B4,Insumos_Infra!$M:$M) -> 39.480311 | E4: =C4*D4 -> 0
A5: Infra | B5: Infra Eletrica de 1.1/2" Exd | C5: =SUMIF(Insumos_Infra!$B:$B,Custo_MI_Infra!$B5,Insumos_Infra!$M:$M) -> 59.762533 | E5: =C5*D5 -> 0
A6: Infra | B6: Infra Eletrica de 2" | C6: =SUMIF(Insumos_Infra!$B:$B,Custo_MI_Infra!$B6,Insumos_Infra!$M:$M) -> 47.790311 | E6: =C6*D6 -> 0
A7: Infra | B7: Infra Eletrica de 2" Exd | C7: =SUMIF(Insumos_Infra!$B:$B,Custo_MI_Infra!$B7,Insumos_Infra!$M:$M) -> 73.621422 | E7: =C7*D7 -> 0
A8: Infra | B8: Infra Eletrica de 3/4" | C8: =SUMIF(Insumos_Infra!$B:$B,Custo_MI_Infra!$B8,Insumos_Infra!$M:$M) -> 18.026422 | E8: =C8*D8 -> 0
A9: Infra | B9: Infra Eletrica de 3/4" Exd | C9: =SUMIF(Insumos_Infra!$B:$B,Custo_MI_Infra!$B9,Insumos_Infra!$M:$M) -> 26.058089 | E9: =C9*D9 -> 0
A10: Infra | B10: Infra Eletrica de Eletrocalha de 100 mm | C10: =SUMIF(Insumos_Infra!$B:$B,Custo_MI_Infra!$B10,Insumos_Infra!$M:$M) -> 61.884756 | E10: =C10*D10 -> 0
A11: Infra | B11: Infra Eletrica de Eletrocalha de 200 mm | C11: =SUMIF(Insumos_Infra!$B:$B,Custo_MI_Infra!$B11,Insumos_Infra!$M:$M) -> 81.6934 | E11: =C11*D11 -> 0
A12: Infra | B12: Infra Eletrica de Eletrocalha de 300 mm | C12: =SUMIF(Insumos_Infra!$B:$B,Custo_MI_Infra!$B12,Insumos_Infra!$M:$M) -> 98.9034 | E12: =C12*D12 -> 0
A13: Infra | B13: Infra Pneumática de 1" | C13: =SUMIF(Insumos_Infra!$B:$B,Custo_MI_Infra!$B13,Insumos_Infra!$M:$M) -> 32.567533 | E13: =C13*D13 -> 0
... A17: Infra | B17: Infra Enterrada Canaflex 2" | C17: =SUMIF(Insumos_Infra!$B:$B,Custo_MI_Infra!$B17,Insumos_Infra!$M:$M) -> 0 | E17: =C17*D17 -> 0

Sheet Insumos_Infra
P1: =SUM(P3:P262) -> 0
A2: Código | B2: Tipo | C2: NCM | D2: Descrição dos Materiais | E2: Modelo | F2: QTDE | G2: UNID | H2: Fabricante | I2: Valor Unit | J2: Valor Total | K2: Código Nota | L2: Quantidade por Metro | M2: Custo Por Metro | N2: Quant Metro | O2: Quantidade | P2: Valor Total
A3: 118 | B3: Infra Eletrica de 1" | C3: 73072900 | D3: ABRAÇADEIRA VERGALHÃO GRAMPO "U" ZC 1" X 1/4" | E3: DP 634-3 | F3: 9 | G3: PC | H3: DISPAN | I3: 1.85 | J3: =F3*I3 -> 16.65 | K3: DP 634-3 | L3: =F3/($F$13*3) -> 0.5 | M3: =L3*I3 -> 0.925 | N3: =IFERROR(VLOOKUP(B3,Custo_MI_Infra!B:E,3,FALSE),0) -> 0 | O3: =N3*L3 -> 0 | P3: =O3*I3 -> 0
A4: 95 | B4: Infra Eletrica de 1" | C4: 73072900 | D4: ARRUELA ACABAMENTO ALUMÍNIO 1"BSP | E4: AU 100 - BSP | F4: 1 | G4: PC | H4: DAISA | I4: 0.65 | J4: =F4*I4 -> 0.65 | K4: AU 100 - BSP | L4: =F4/($F$13*3) -> 0.055555556 | M4: =L4*I4 -> 0.036111111 | N4: =IFERROR(VLOOKUP(B4,Custo_MI_Infra!B:E,3,FALSE),0) -> 0 | O4: =N4*L4 -> 0 | P4: =O4*I4 -> 0
A5: 300 | B5: Infra Eletrica de 1" | C5: 73071100 | D5: BUCHA ACABAMENTO ALUMÍNIO 1"BSP | E5: BU-100-B | F5: 1 | G5: PC | H5: DAISA | I5: 0.95 | J5: =F5*I5 -> 0.95 | K5: BU-100-B | L5: =F5/($F$13*3) -> 0.055555556 | M5: =L5*I5 -> 0.052777778 | N5: =IFERROR(VLOOKUP(B5,Custo_MI_Infra!B:E,3,FALSE),0) -> 0 | O5: =N5*L5 -> 0 | P5: =O5*I5 -> 0
A6: 2805 | B6: Infra Eletrica de 1" | C6: 72162100 | D6: CANTONEIRA AÇO ABAS IGUAIS 1.1/2" X 1/4" X 6.000MM | E6: L | F6: =0.86*F13*3 -> 15.48 | G6: KG | H6: GERDAU | I6: 4.22 | J6: =F6*I6 -> 65.3256 | K6: AUT-2805 | L6: =F6/($F$13*3) -> 0.86 | M6: =L6*I6 -> 3.6292 | N6: =IFERROR(VLOOKUP(B6,Custo_MI_Infra!B:E,3,FALSE),0) -> 0 | O6: =N6*L6 -> 0 | P6: =O6*I6 -> 0
A7: 3500 | B7: Infra Eletrica de 1" | C7: 76090000 | D7: CONDULETE ROSCÁVEL EM ALUMÍNIO C/ TAMPA 1"BSP TIPO "C" | E7: DVRT 100-BSP-C | F7: 1 | G7: PC | H7: DAISA | I7: 8.1 | J7: =F7*I7 -> 8.1 | K7: DVRT 100-BSP-C | L7: =F7/($F$13*3) -> 0.055555556 | M7: =L7*I7 -> 0.45 | N7: =IFERROR(VLOOKUP(B7,Custo_MI_Infra!B:E,3,FALSE),0) -> 0 | O7: =N7*L7 -> 0 | P7: =O7*I7 -> 0
A8: 4869 | B8: Infra Eletrica de 1" | C8: 76090000 | D8: CONDULETE ROSCÁVEL EM ALUMÍNIO C/ TAMPA 1"BSP TIPO "LB" | E8: DVRT 100-BSP-LB | F8: 1 | G8: PC | H8: DAISA | I8: 8.1 | J8: =F8*I8 -> 8.1 | K8: DVRT 100-BSP-LB | L8: =F8/($F$13*3) -> 0.055555556 | M8: =L8*I8 -> 0.45 | N8: =IFERROR(VLOOKUP(B8,Custo_MI_Infra!B:E,3,FALSE),0) -> 0 | O8: =N8*L8 -> 0 | P8: =O8*I8 -> 0
A9: 203 | B9: Infra Eletrica de 1" | C9: 76090000 | D9: CONDULETE ROSCÁVEL EM ALUMÍNIO C/ TAMPA 1"BSP TIPO "LL" | E9: DVRT 100-BSP-LL | F9: 1 | G9: PC | H9: DAISA | I9: 8.1 | J9: =F9*I9 -> 8.1 | K9: DVRT 100-BSP-LL | L9: =F9/($F$13*3) -> 0.055555556 | M9: =L9*I9 -> 0.45 | N9: =IFERROR(VLOOKUP(B9,Custo_MI_Infra!B:E,3,FALSE),0) -> 0 | O9: =N9*L9 -> 0 | P9: =O9*I9 -> 0
A10: 2547 | B10: Infra Eletrica de 1" | C10: 76090000 | D10: CONDULETE ROSCÁVEL EM ALUMÍNIO C/ TAMPA 1"BSP TIPO "LR" | E10: DVRT 100-BSP-LR | F10: 1 | G10: PC | H10: DAISA | I10: 8.1 | J10: =F10*I10 -> 8.1 | K10: DVRT 100-BSP-LR | L10: =F10/($F$13*3) -> 0.055555556 | M10: =L10*I10 -> 0.45 | N10: =IFERROR(VLOOKUP(B10,Custo_MI_Infra!B:E,3,FALSE),0) -> 0 | O10: =N10*L10 -> 0 | P10: =O10*I10 -> 0
A11: 4625 | B11: Infra Eletrica de 1" | C11: 76090000 | D11: CONDULETE ROSCÁVEL EM ALUMÍNIO C/ TAMPA 1"BSP TIPO "T" | E11: DVRT 100-BSP-T | F11: 1 | G11: PC | H11: DAISA | I11: 8.45 | J11: =F11*I11 -> 8.45 | K11: DVRT 100-BSP-T | L11: =F11/($F$13*3) -> 0.055555556 | M11: =L11*I11 -> 0.46944444 | N11: =IFERROR(VLOOKUP(B11,Custo_MI_Infra!B:E,3,FALSE),0) -> 0 | O11: =N11*L11 -> 0 | P11: =O11*I11 -> 0
A12: 2894 | B12: Infra Eletrica de 1" | C12: 73063000 | D12: CURVA P/ ELETRODUTO PESADO AÇO CARBONO GF NBR 5598 1" | E12: 0 | F12: 1 | G12: PC | H12: CARBINOX | I12: 9.3 | J12: =F12*I12 -> 9.3 | K12: AUT-2894 | L12: =F12/($F$13*3) -> 0.055555556 | M12: =L12*I12 -> 0.51666667 | N12: =IFERROR(VLOOKUP(B12,Custo_MI_Infra!B:E,3,FALSE),0) -> 0 | O12: =N12*L12 -> 0 | P12: =O12*I12 -> 0
A13: 2894 | B13: Infra Eletrica de 1" | C13: 73063000 | D13: ELETRODUTO PESADO C/ LUVA AÇO CARBONO GF NBR 5598 1" X 3000MM BSP | E13: 0 | F13: 6 | G13: BR | H13: CARBINOX | I13: 46.6 | J13: =F13*I13 -> 279.6 | K13: AUT-2894 | L13: =F13/($F$13*3) -> 0.33333333 | M13: =L13*I13 -> 15.533333 | N13: =IFERROR(VLOOKUP(B13,Custo_MI_Infra!B:E,3,FALSE),0) -> 0 | O13: =N13*L13 -> 0 | P13: =O13*I13 -> 0
A14: 118 | B14: Infra Eletrica de 1" Exd | C14: 73072900 | D14: ABRAÇADEIRA VERGALHÃO GRAMPO "U" ZC 1" X 1/4" | E14: DP 634-3 | F14: 9 | G14: PC | H14: DISPAN | I14: 1.85 | J14: =F14*I14 -> 16.65 | K14: DP 634-3 | L14: =F14/($F$25*3) -> 0.5 | M14: =L14*I14 -> 0.925 | N14: =IFERROR(VLOOKUP(B14,Custo_MI_Infra!B:E,3,FALSE),0) -> 0 | O14: =N14*L14 -> 0 | P14: =O14*I14 -> 0
A15: 4928 | B15: Infra Eletrica de 1" Exd | C15: 73072900 | D15: ARRUELA ACABAMENTO EX-D FERRO NODULAR GF 1" NPT | E15: CX / AR-3 FG | F15: 1 | G15: PC | H15: CONEX | I15: 4.4 | J15: =F15*I15 -> 4.4 | K15: CX / AR-3 FG | L15: =F15/($F$25*3) -> 0.055555556 | M15: =L15*I15 -> 0.24444444 | N15: =IFERROR(VLOOKUP(B15,Custo_MI_Infra!B:E,3,FALSE),0) -> 0 | O15: =N15*L15 -> 0 | P15: =O15*I15 -> 0
A16: 96 | B16: Infra Eletrica de 1" Exd | C16: 73071100 | D16: BUCHA ACABAMENTO EX-D FERRO NODULAR GF 1" NPT | E16: CX / BF-3 FG | F16: 1 | G16: PC | H16: CONEX | I16: 5.3 | J16: =F16*I16 -> 5.3 | K16: CX / BF-3 FG | L16: =F16/($F$25*3) -> 0.055555556 | M16: =L16*I16 -> 0.29444444 | N16: =IFERROR(VLOOKUP(B16,Custo_MI_Infra!B:E,3,FALSE),0) -> 0 | O16: =N16*L16 -> 0 | P16: =O16*I16 -> 0
A17: 74 | B17: Infra Eletrica de 1" Exd | C17: 73071100 | D17: BUCHA REDUÇÃO EX-D FERRO NODULAR GF 1" X 1/2" NPT | E17: CX / BRD-31 FG | F17: 1 | G17: PC | H17: CONEX | I17: 6.95 | J17: =F17*I17 -> 6.95 | K17: CX / BRD-31 FG | L17: =F17/($F$25*3) -> 0.055555556 | M17: =L17*I17 -> 0.38611111 | N17: =IFERROR(VLOOKUP(B17,Custo_MI_Infra!B:E,3,FALSE),0) -> 0 | O17: =N17*L17 -> 0 | P17: =O17*I17 -> 0
A18: 320 | B18: Infra Eletrica de 1" Exd | C18: 73071100 | D18: BUCHA REDUÇÃO EX-D FERRO NODULAR GF 1" X 3/4" NPT | E18: CX / BRD-32 FG | F18: 1 | G18: PC | H18: CONEX | I18: 5.44 | J18: =F18*I18 -> 5.44 | K18: CX / BRD-32 FG | L18: =F18/($F$25*3) -> 0.055555556 | M18: =L18*I18 -> 0.30222222 | N18: =IFERROR(VLOOKUP(B18,Custo_MI_Infra!B:E,3,FALSE),0) -> 0 | O18: =N18*L18 -> 0 | P18: =O18*I18 -> 0
A19: 2805 | B19: Infra Eletrica de 1" Exd | C19: 72162100 | D19: CANTONEIRA AÇO ABAS IGUAIS 1.1/2" X 1/4" X 6.000MM | E19: 0 | F19: =0.86*F25*3 -> 15.48 | G19: KG | H19: GERDAU | I19: 4.22 | J19: =F19*I19 -> 65.3256 | K19: AUT-2805 | L19: =F19/($F$25*3) -> 0.86 | M19: =L19*I19 -> 3.6292 | N19: =IFERROR(VLOOKUP(B19,Custo_MI_Infra!B:E,3,FALSE),0) -> 0 | O19: =N19*L19 -> 0 | P19: =O19*I19 -> 0
A20: 122 | B20: Infra Eletrica de 1" Exd | C20: 73071100 | D20: CONDULETE ROSCÁVEL EM ALUMÍNIO FUNDIDO EX-D C/ TAMPA 1"NPT TIPO "C" | E20: TCLEX/3-C | F20: 1 | G20: PC | H20: TELBRA | I20: 38 | J20: =F20*I20 -> 38 | K20: TCLEX/3-C | L20: =F20/($F$25*3) -> 0.055555556 | M20: =L20*I20 -> 2.1111111 | N20: =IFERROR(VLOOKUP(B20,Custo_MI_Infra!B:E,3,FALSE),0) -> 0 | O20: =N20*L20 -> 0 | P20: =O20*I20 -> 0
A21: 124 | B21: Infra Eletrica de 1" Exd | C21: 73071100 | D21: CONDULETE ROSCÁVEL EM ALUMÍNIO FUNDIDO EX-D C/ TAMPA 1"NPT TIPO "LB" | E21: TCLEX/3-LB | F21: 1 | G21: PC | H21: TELBRA | I21: 38 | J21: =F21*I21 -> 38 | K21: TCLEX/3-LB | L21: =F21/($F$25*3) -> 0.055555556 | M21: =L21*I21 -> 2.1111111 | N21: =IFERROR(VLOOKUP(B21,Custo_MI_Infra!B:E,3,FALSE),0) -> 0 | O21: =N21*L21 -> 0 | P21: =O21*I21 -> 0
A22: 125 | B22: Infra Eletrica de 1" Exd | C22: 73071100 | D22: CONDULETE ROSCÁVEL EM ALUMÍNIO FUNDIDO EX-D C/ TAMPA 1"NPT TIPO "LL" | E22: TCLEX/3-LL | F22: 1 | G22: PC | H22: TELBRA | I22: 38 | J22: =F22*I22 -> 38 | K22: TCLEX/3-LL | L22: =F22/($F$25*3) -> 0.055555556 | M22: =L22*I22 -> 2.1111111 | N22: =IFERROR(VLOOKUP(B22,Custo_MI_Infra!B:E,3,FALSE),0) -> 0 | O22: =N22*L22 -> 0 | P22: =O22*I22 -> 0
A23: 126 | B23: Infra Eletrica de 1" Exd | C23: 73071100 | D23: CONDULETE ROSCÁVEL EM ALUMÍNIO FUNDIDO EX-D C/ TAMPA 1"NPT TIPO "LR" | E23: TCLEX/3-LR | F23: 1 | G23: PC | H23: TELBRA | I23: 38 | J23: =F23*I23 -> 38 | K23: TCLEX/3-LR | L23: =F23/($F$25*3) -> 0.055555556 | M23: =L23*I23 -> 2.1111111 | N23: =IFERROR(VLOOKUP(B23,Custo_MI_Infra!B:E,3,FALSE),0) -> 0 | O23: =N23*L23 -> 0 | P23: =O23*I23 -> 0
A24: 128 | B24: Infra Eletrica de 1" Exd | C24: 73071100 | D24: CONDULETE ROSCÁVEL EM ALUMÍNIO FUNDIDO EX-D C/ TAMPA 1"NPT TIPO "T" | E24: TCLEX/3-T | F24: 1 | G24: PC | H24: TELBRA | I24: 38 | J24: =F24*I24 -> 38 | K24: TCLEX/3-T | L24: =F24/($F$25*3) -> 0.055555556 | M24: =L24*I24 -> 2.1111111 | N24: =IFERROR(VLOOKUP(B24,Custo_MI_Infra!B:E,3,FALSE),0) -> 0 | O24: =N24*L24 -> 0 | P24: =O24*I24 -> 0
A25: 3609 | B25: Infra Eletrica de 1" Exd | C25: 73063000 | D25: ELETRODUTO PESADO C/ LUVA AÇO CARBONO GF EX-D NBR 5597 1" X 3000MM NPT | E25: 0 | F25: 6 | G25: BR | H25: CARBINOX | I25: 47.7 | J25: =F25*I25 -> 286.2 | K25: AUT-3609 | L25: =F25/($F$25*3) -> 0.33333333 | M25: =L25*I25 -> 15.9 | N25: =IFERROR(VLOOKUP(B25,Custo_MI_Infra!B:E,3,FALSE),0) -> 0 | O25: =N25*L25 -> 0 | P25: =O25*I25 -> 0
A26: 3182 | B26: Infra Eletrica de 1.1/2" | C26: 73072900 | D26: ABRAÇADEIRA VERGALHÃO GRAMPO "U" ZC 1.1/2" X 1/4" | E26: DP 634-5 | F26: 12 | G26: PC | H26: DISPAN | I26: 2.1 | J26: =F26*I26 -> 25.2 | K26: DP 634-5 | L26: =F26/($F$39*3) -> 0.66666667 | M26: =L26*I26 -> 1.4 | N26: =IFERROR(VLOOKUP(B26,Custo_MI_Infra!B:E,3,FALSE),0) -> 0 | O26: =N26*L26 -> 0 | P26: =O26*I26 -> 0
A27: 2608 | B27: Infra Eletrica de 1.1/2" | C27: 73072900 | D27: ARRUELA ACABAMENTO ALUMÍNIO 1.1/2"BSP | E27: AU 112 - BSP | F27: 1 | G27: PC | H27: DAISA | I27: 1.15 | J27: =F27*I27 -> 1.15 | K27: AU 112 - BSP | L27: =F27/($F$39*3) -> 0.055555556 | M27: =L27*I27 -> 0.063888889 | N27: =IFERROR(VLOOKUP(B27,Custo_MI_Infra!B:E,3,FALSE),0) -> 0 | O27: =N27*L27 -> 0 | P27: =O27*I27 -> 0
A28: 5091 | B28: Infra Eletrica de 1.1/2" | C28: 73181500 | D28: ARRUELA LISA ZC 1/4" | E28: DP 619 | F28: 24 | G28: PC | H28: DISPAN | I28: 0.04 | J28: =F28*I28 -> 0.96 | K28: DP 619 | L28: =F28/($F$39*3) -> 1.3333333 | M28: =L28*I28 -> 0.053333333 | N28: =IFERROR(VLOOKUP(B28,Custo_MI_Infra!B:E,3,FALSE),0) -> 0 | O28: =N28*L28 -> 0 | P28: =O28*I28 -> 0
A29: 2606 | B29: Infra Eletrica de 1.1/2" | C29: 73071100 | D29: BUCHA ACABAMENTO ALUMÍNIO 1.1/2"BSP | E29: BU-112-B | F29: 2 | G29: PC | H29: DAISA | I29: 1.78 | J29: =F29*I29 -> 3.56 | K29: BU-112-B | L29: =F29/($F$39*3) -> 0.11111111 | M29: =L29*I29 -> 0.19777778 | N29: =IFERROR(VLOOKUP(B29,Custo_MI_Infra!B:E,3,FALSE),0) -> 0 | O29: =N29*L29 -> 0 | P29: =O29*I29 -> 0
A30: 1119 | B30: Infra Eletrica de 1.1/2" | C30: 73071910 | D30: BUCHA REDUÇÃO ALUMÍNIO 1.1/2" X 1"BSP | E30: BRR 112 X 100 | F30: 1 | G30: PC | H30: DAISA | I30: 3.95 | J30: =F30*I30 -> 3.95 | K30: BRR 112 X 100 | L30: =F30/($F$39*3) -> 0.055555556 | M30: =L30*I30 -> 0.21944444 | N30: =IFERROR(VLOOKUP(B30,Custo_MI_Infra!B:E,3,FALSE),0) -> 0 | O30: =N30*L30 -> 0 | P30: =O30*I30 -> 0
A31: 4569 | B31: Infra Eletrica de 1.1/2" | C31: 73071910 | D31: BUCHA REDUÇÃO ALUMÍNIO 1.1/2" X 1/2"BSP | E31: BRR 112 X 012 | F31: 1 | G31: PC | H31: DAISA | I31: 4.2 | J31: =F31*I31 -> 4.2 | K31: BRR 112 X 012 | L31: =F31/($F$39*3) -> 0.055555556 | M31: =L31*I31 -> 0.23333333 | N31: =IFERROR(VLOOKUP(B31,Custo_MI_Infra!B:E,3,FALSE),0) -> 0 | O31: =N31*L31 -> 0 | P31: =O31*I31 -> 0
A32: 3599 | B32: Infra Eletrica de 1.1/2" | C32: 73071910 | D32: BUCHA REDUÇÃO ALUMÍNIO 1.1/2" X 3/4"BSP | E32: BRR 112 X 034 | F32: 2 | G32: PC | H32: DAISA | I32: 4.9 | J32: =F32*I32 -> 9.8 | K32: BRR 112 X 034 | L32: =F32/($F$39*3) -> 0.11111111 | M32: =L32*I32 -> 0.54444444 | N32: =IFERROR(VLOOKUP(B32,Custo_MI_Infra!B:E,3,FALSE),0) -> 0 | O32: =N32*L32 -> 0 | P32: =O32*I32 -> 0
A33: 2805 | B33: Infra Eletrica de 1.1/2" | C33: 72162100 | D33: CANTONEIRA AÇO ABAS IGUAIS 1.1/2" X 1/4" X 6.000MM | E33: 0 | F33: =0.86*F39*3 -> 15.48 | G33: KG | H33: GERDAU | I33: 4.22 | J33: =F33*I33 -> 65.3256 | K33: AUT-2805 | L33: =F33/($F$39*3) -> 0.86 | M33: =L33*I33 -> 3.6292 | N33: =IFERROR(VLOOKUP(B33,Custo_MI_Infra!B:E,3,FALSE),0) -> 0 | O33: =N33*L33 -> 0 | P33: =O33*I33 -> 0
A34: 4597 | B34: Infra Eletrica de 1.1/2" | C34: 76090000 | D34: CONDULETE ROSCÁVEL EM ALUMÍNIO C/ TAMPA 1.1/2"BSP TIPO "C" | E34: DVRT 112-BSP-C | F34: 2 | G34: PC | H34: DAISA | I34: 18.3 | J34: =F34*I34 -> 36.6 | K34: DVRT 112-BSP-C | L34: =F34/($F$39*3) -> 0.11111111 | M34: =L34*I34 -> 2.0333333 | N34: =IFERROR(VLOOKUP(B34,Custo_MI_Infra!B:E,3,FALSE),0) -> 0 | O34: =N34*L34 -> 0 | P34: =O34*I34 -> 0
A35: 4648 | B35: Infra Eletrica de 1.1/2" | C35: 76090000 | D35: CONDULETE ROSCÁVEL EM ALUMÍNIO C/ TAMPA 1.1/2"BSP TIPO "LB" | E35: DVRT 112-BSP-LB | F35: 1 | G35: PC | H35: DAISA | I35: 18.3 | J35: =F35*I35 -> 18.3 | K35: DVRT 112-BSP-LB | L35: =F35/($F$39*3) -> 0.055555556 | M35: =L35*I35 -> 1.0166667 | N35: =IFERROR(VLOOKUP(B35,Custo_MI_Infra!B:E,3,FALSE),0) -> 0 | O35: =N35*L35 -> 0 | P35: =O35*I35 -> 0
A36: 202 | B36: Infra Eletrica de 1.1/2" | C36: 76090000 | D36: CONDULETE ROSCÁVEL EM ALUMÍNIO C/ TAMPA 1.1/2"BSP TIPO "LL" | E36: DVRT 112-BSP-LL | F36: 1 | G36: PC | H36: DAISA | I36: 18.3 | J36: =F36*I36 -> 18.3 | K36: DVRT 112-BSP-LL | L36: =F36/($F$39*3) -> 0.055555556 | M36: =L36*I36 -> 1.0166667 | N36: =IFERROR(VLOOKUP(B36,Custo_MI_Infra!B:E,3,FALSE),0) -> 0 | O36: =N36*L36 -> 0 | P36: =O36*I36 -> 0
A37: 4584 | B37: Infra Eletrica de 1.1/2" | C37: 76090000 | D37: CONDULETE ROSCÁVEL EM ALUMÍNIO C/ TAMPA 1.1/2"BSP TIPO "LR" | E37: DVRT 112-BSP-LR | F37: 1 | G37: PC | H37: DAISA | I37: 18.3 | J37: =F37*I37 -> 18.3 | K37: DVRT 112-BSP-LR | L37: =F37/($F$39*3) -> 0.055555556 | M37: =L37*I37 -> 1.0166667 | N37: =IFERROR(VLOOKUP(B37,Custo_MI_Infra!B:E,3,FALSE),0) -> 0 | O37: =N37*L37 -> 0 | P37: =O37*I37 -> 0
A38: 444 | B38: Infra Eletrica de 1.1/2" | C38: 76090000 | D38: CONDULETE ROSCÁVEL EM ALUMÍNIO C/ TAMPA 1.1/2"BSP TIPO "T" | E38: DVRT 112-BSP-T | F38: 1 | G38: PC | H38: DAISA | I38: 19.2 | J38: =F38*I38 -> 19.2 | K38: DVRT 112-BSP-T | L38: =F38/($F$39*3) -> 0.055555556 | M38: =L38*I38 -> 1.0666667 | N38: =IFERROR(VLOOKUP(B38,Custo_MI_Infra!B:E,3,FALSE),0) -> 0 | O38: =N38*L38 -> 0 | P38: =O38*I38 -> 0
A39: 2833 | B39: Infra Eletrica de 1.1/2" | C39: 73063000 | D39: ELETRODUTO PESADO C/ LUVA AÇO CARBONO GF NBR 5598 1.1/2" X 3000MM BSP | E39: 0 | F39: 6 | G39: BR | H39: CARBINOX | I39: 79 | J39: =F39*I39 -> 474 | K39: AUT-2833 | L39: =F39/($F$39*3) -> 0.33333333 | M39: =L39*I39 -> 26.333333 | N39: =IFERROR(VLOOKUP(B39,Custo_MI_Infra!B:E,3,FALSE),0) -> 0 | O39: =N39*L39 -> 0 | P39: =O39*I39 -> 0
A40: 3014 | B40: Infra Eletrica de 1.1/2" | C40: 73072900 | D40: LUVA GF P/ ELETRODUTO 1.1/2"BSP | E40: 0 | F40: 2 | G40: PC | H40: CARBINOX | I40: 3.4 | J40: =F40*I40 -> 6.8 | K40: AUT-3014 | L40: =F40/($F$39*3) -> 0.11111111 | M40: =L40*I40 -> 0.37777778 | N40: =IFERROR(VLOOKUP(B40,Custo_MI_Infra!B:E,3,FALSE),0) -> 0 | O40: =N40*L40 -> 0 | P40: =O40*I40 -> 0
A41: 3666 | B41: Infra Eletrica de 1.1/2" | C41: 73071910 | D41: PORCA ACABAMENTO ALUMÍNIO 1.1/2"BSP | E41: PU-112-BSP | F41: 2 | G41: PC | H41: DAISA | I41: 1.78 | J41: =F41*I41 -> 3.56 | K41: PU-112-BSP | L41: =F41/($F$39*3) -> 0.11111111 | M41: =L41*I41 -> 0.19777778 | N41: =IFERROR(VLOOKUP(B41,Custo_MI_Infra!B:E,3,FALSE),0) -> 0 | O41: =N41*L41 -> 0 | P41: =O41*I41 -> 0
A42: 3274 | B42: Infra Eletrica de 1.1/2" | C42: 73181500 | D42: PORCA SEXTAVADA ZC 1/4" | E42: DP 618 | F42: 24 | G42: PC | H42: DISPAN | I42: 0.06 | J42: =F42*I42 -> 1.44 | K42: DP 618 | L42: =F42/($F$39*3) -> 1.3333333 | M42: =L42*I42 -> 0.08 | N42: =IFERROR(VLOOKUP(B42,Custo_MI_Infra!B:E,3,FALSE),0) -> 0 | O42: =N42*L42 -> 0 | P42: =O42*I42 -> 0
A43: 3182 | B43: Infra Eletrica de 1.1/2" Exd | C43: 73072900 | D43: ABRAÇADEIRA VERGALHÃO GRAMPO "U" ZC 1.1/2" X 1/4" | E43: DP 634-5 | F43: 12 | G43: PC | H43: DISPAN | I43: 2.1 | J43: =F43*I43 -> 25.2 | K43: DP 634-5 | L43: =F43/($F$57*3) -> 0.66666667 | M43: =L43*I43 -> 1.4 | N43: =IFERROR(VLOOKUP(B43,Custo_MI_Infra!B:E,3,FALSE),0) -> 0 | O43: =N43*L43 -> 0 | P43: =O43*I43 -> 0
A44: 4929 | B44: Infra Eletrica de 1.1/2" Exd | C44: 73072900 | D44: ARRUELA ACABAMENTO EX-D FERRO NODULAR GF 1.1/2" NPT | E44: CX / AR-5 FG | F44: 2 | G44: PC | H44: CONEX | I44: 6.5 | J44: =F44*I44 -> 13 | K44: CX / AR-5 FG | L44: =F44/($F$57*3) -> 0.11111111 | M44: =L44*I44 -> 0.72222222 | N44: =IFERROR(VLOOKUP(B44,Custo_MI_Infra!B:E,3,FALSE),0) -> 0 | O44: =N44*L44 -> 0 | P44: =O44*I44 -> 0
A45: 5091 | B45: Infra Eletrica de 1.1/2" Exd | C45: 73181500 | D45: ARRUELA LISA ZC 1/4" | E45: DP 619 | F45: 24 | G45: PC | H45: DISPAN | I45: 0.04 | J45: =F45*I45 -> 0.96 | K45: DP 619 | L45: =F45/($F$57*3) -> 1.3333333 | M45: =L45*I45 -> 0.053333333 | N45: =IFERROR(VLOOKUP(B45,Custo_MI_Infra!B:E,3,FALSE),0) -> 0 | O45: =N45*L45 -> 0 | P45: =O45*I45 -> 0
A46: 4932 | B46: Infra Eletrica de 1.1/2" Exd | C46: 73071100 | D46: BUCHA ACABAMENTO EX-D FERRO NODULAR GF 1.1/2" NPT | E46: CX / BF-4 FG | F46: 2 | G46: PC | H46: CONEX | I46: 7.7 | J46: =F46*I46 -> 15.4 | K46: CX / BF-4 FG | L46: =F46/($F$57*3) -> 0.11111111 | M46: =L46*I46 -> 0.85555556 | N46: =IFERROR(VLOOKUP(B46,Custo_MI_Infra!B:E,3,FALSE),0) -> 0 | O46: =N46*L46 -> 0 | P46: =O46*I46 -> 0
A47: 4569 | B47: Infra Eletrica de 1.1/2" Exd | C47: 73071910 | D47: BUCHA REDUÇÃO ALUMÍNIO 1.1/2" X 1/2"BSP | E47: BRR 112 X 012 | F47: 1 | G47: PC | H47: DAISA | I47: 4.2 | J47: =F47*I47 -> 4.2 | K47: BRR 112 X 012 | L47: =F47/($F$57*3) -> 0.055555556 | M47: =L47*I47 -> 0.23333333 | N47: =IFERROR(VLOOKUP(B47,Custo_MI_Infra!B:E,3,FALSE),0) -> 0 | O47: =N47*L47 -> 0 | P47: =O47*I47 -> 0
A48: 4849 | B48: Infra Eletrica de 1.1/2" Exd | C48: 73071100 | D48: BUCHA REDUÇÃO EX-D FERRO NODULAR GF 1.1/2" X 1" NPT | E48: CX / BRD-53 FG | F48: 1 | G48: PC | H48: CONEX | I48: 12.4 | J48: =F48*I48 -> 12.4 | K48: CX / BRD-53 FG | L48: =F48/($F$57*3) -> 0.055555556 | M48: =L48*I48 -> 0.68888889 | N48: =IFERROR(VLOOKUP(B48,Custo_MI_Infra!B:E,3,FALSE),0) -> 0 | O48: =N48*L48 -> 0 | P48: =O48*I48 -> 0
A49: 4852 | B49: Infra Eletrica de 1.1/2" Exd | C49: 73071100 | D49: BUCHA REDUÇÃO EX-D FERRO NODULAR GF 1.1/2" X 1/2" NPT | E49: CX / BRD-51 FG | F49: 1 | G49: PC | H49: CONEX | I49: 15.2 | J49: =F49*I49 -> 15.2 | K49: CX / BRD-51 FG | L49: =F49/($F$57*3) -> 0.055555556 | M49: =L49*I49 -> 0.84444444 | N49: =IFERROR(VLOOKUP(B49,Custo_MI_Infra!B:E,3,FALSE),0) -> 0 | O49: =N49*L49 -> 0 | P49: =O49*I49 -> 0
A50: 4851 | B50: Infra Eletrica de 1.1/2" Exd | C50: 73071100 | D50: BUCHA REDUÇÃO EX-D FERRO NODULAR GF 1.1/2" X 3/4" NPT | E50: CX / BRD-52 FG | F50: 2 | G50: PC | H50: CONEX | I50: 13.9 | J50: =F50*I50 -> 27.8 | K50: CX / BRD-52 FG | L50: =F50/($F$57*3) -> 0.11111111 | M50: =L50*I50 -> 1.5444444 | N50: =IFERROR(VLOOKUP(B50,Custo_MI_Infra!B:E,3,FALSE),0) -> 0 | O50: =N50*L50 -> 0 | P50: =O50*I50 -> 0
A51: 2805 | B51: Infra Eletrica de 1.1/2" Exd | C51: 72162100 | D51: CANTONEIRA AÇO ABAS IGUAIS 1.1/2" X 1/4" X 6.000MM | E51: 0 | F51: =0.86*F57*3 -> 15.48 | G51: KG | H51: GERDAU | I51: 4.22 | J51: =F51*I51 -> 65.3256 | K51: AUT-2805 | L51: =F51/($F$57*3) -> 0.86 | M51: =L51*I51 -> 3.6292 | N51: =IFERROR(VLOOKUP(B51,Custo_MI_Infra!B:E,3,FALSE),0) -> 0 | O51: =N51*L51 -> 0 | P51: =O51*I51 -> 0
A52: 4597 | B52: Infra Eletrica de 1.1/2" Exd | C52: 76090000 | D52: CONDULETE ROSCÁVEL EM ALUMÍNIO FUNDIDO EX-D C/ TAMPA 1.1/2"NPT TIPO "C" | E52: DVRT 112-BSP-C | F52: 2 | G52: PC | H52: DAISA | I52: 67 | J52: =F52*I52 -> 134 | K52: DVRT 112-BSP-C | L52: =F52/($F$57*3) -> 0.11111111 | M52: =L52*I52 -> 7.4444444 | N52: =IFERROR(VLOOKUP(B52,Custo_MI_Infra!B:E,3,FALSE),0) -> 0 | O52: =N52*L52 -> 0 | P52: =O52*I52 -> 0
A53: 134 | B53: Infra Eletrica de 1.1/2" Exd | C53: 73071100 | D53: CONDULETE ROSCÁVEL EM ALUMÍNIO FUNDIDO EX-D C/ TAMPA 1.1/2"NPT TIPO "LB" | E53: TCLX/5-LB | F53: 1 | G53: PC | H53: TELBRA | I53: 67 | J53: =F53*I53 -> 67 | K53: TCLX/5-LB | L53: =F53/($F$57*3) -> 0.055555556 | M53: =L53*I53 -> 3.7222222 | N53: =IFERROR(VLOOKUP(B53,Custo_MI_Infra!B:E,3,FALSE),0) -> 0 | O53: =N53*L53 -> 0 | P53: =O53*I53 -> 0
A54: 146 | B54: Infra Eletrica de 1.1/2" Exd | C54: 73071100 | D54: CONDULETE ROSCÁVEL EM ALUMÍNIO FUNDIDO EX-D C/ TAMPA 1.1/2"NPT TIPO "LL" | E54: TCLX/5-LL | F54: 1 | G54: PC | H54: TELBRA | I54: 67 | J54: =F54*I54 -> 67 | K54: TCLX/5-LL | L54: =F54/($F$57*3) -> 0.055555556 | M54: =L54*I54 -> 3.7222222 | N54: =IFERROR(VLOOKUP(B54,Custo_MI_Infra!B:E,3,FALSE),0) -> 0 | O54: =N54*L54 -> 0 | P54: =O54*I54 -> 0
A55: 147 | B55: Infra Eletrica de 1.1/2" Exd | C55: 73071100 | D55: CONDULETE ROSCÁVEL EM ALUMÍNIO FUNDIDO EX-D C/ TAMPA 1.1/2"NPT TIPO "LR" | E55: TCLX/5-LR | F55: 1 | G55: PC | H55: TELBRA | I55: 67 | J55: =F55*I55 -> 67 | K55: TCLX/5-LR | L55: =F55/($F$57*3) -> 0.055555556 | M55: =L55*I55 -> 3.7222222 | N55: =IFERROR(VLOOKUP(B55,Custo_MI_Infra!B:E,3,FALSE),0) -> 0 | O55: =N55*L55 -> 0 | P55: =O55*I55 -> 0
A56: 150 | B56: Infra Eletrica de 1.1/2" Exd | C56: 73071100 | D56: CONDULETE ROSCÁVEL EM ALUMÍNIO FUNDIDO EX-D C/ TAMPA 1.1/2"NPT TIPO "T" | E56: TCLX/5-T | F56: 1 | G56: PC | H56: TELBRA | I56: 67 | J56: =F56*I56 -> 67 | K56: TCLX/5-T | L56: =F56/($F$57*3) -> 0.055555556 | M56: =L56*I56 -> 3.7222222 | N56: =IFERROR(VLOOKUP(B56,Custo_MI_Infra!B:E,3,FALSE),0) -> 0 | O56: =N56*L56 -> 0 | P56: =O56*I56 -> 0
A57: 3608 | B57: Infra Eletrica de 1.1/2" Exd | C57: 73063000 | D57: ELETRODUTO PESADO C/ LUVA AÇO CARBONO GF EX-D NBR 5597 1.1/2" X 3000MM NPT | E57: 0 | F57: 6 | G57: BR | H57: CARBINOX | I57: 81 | J57: =F57*I57 -> 486 | K57: AUT-3608 | L57: =F57/($F$57*3) -> 0.33333333 | M57: =L57*I57 -> 27 | N57: =IFERROR(VLOOKUP(B57,Custo_MI_Infra!B:E,3,FALSE),0) -> 0 | O57: =N57*L57 -> 0 | P57: =O57*I57 -> 0
A58: 3014 | B58: Infra Eletrica de 1.1/2" Exd | C58: 73072900 | D58: LUVA GF P/ ELETRODUTO 1.1/2"BSP | E58: 0 | F58: 2 | G58: PC | H58: CARBINOX | I58: 3.4 | J58: =F58*I58 -> 6.8 | K58: AUT-3014 | L58: =F58/($F$57*3) -> 0.11111111 | M58: =L58*I58 -> 0.37777778 | N58: =IFERROR(VLOOKUP(B58,Custo_MI_Infra!B:E,3,FALSE),0) -> 0 | O58: =N58*L58 -> 0 | P58: =O58*I58 -> 0
A59: 3274 | B59: Infra Eletrica de 1.1/2" Exd | C59: 73181500 | D59: PORCA SEXTAVADA ZC 1/4" | E59: DP 618 | F59: 24 | G59: PC | H59: DISPAN | I59: 0.06 | J59: =F59*I59 -> 1.44 | K59: DP 618 | L59: =F59/($F$57*3) -> 1.3333333 | M59: =L59*I59 -> 0.08 | N59: =IFERROR(VLOOKUP(B59,Custo_MI_Infra!B:E,3,FALSE),0) -> 0 | O59: =N59*L59 -> 0 | P59: =O59*I59 -> 0
A60: 2566 | B60: Infra Eletrica de 2" | C60: 73072900 | D60: ABRAÇADEIRA VERGALHÃO GRAMPO "U" ZC 2" X 1/4" | E60: DP 634-6 | F60: 12 | G60: PC | H60: DISPAN | I60: 2.8 | J60: =F60*I60 -> 33.6 | K60: DP 634-6 | L60: =F60/($F$57*3) -> 0.66666667 | M60: =L60*I60 -> 1.8666667 | N60: =IFERROR(VLOOKUP(B60,Custo_MI_Infra!B:E,3,FALSE),0) -> 0 | O60: =N60*L60 -> 0 | P60: =O60*I60 -> 0
A61: 2058 | B61: Infra Eletrica de 2" | C61: 73072900 | D61: ARRUELA ACABAMENTO ALUMÍNIO 2"BSP | E61: AU 200 - BSP | F61: 2 | G61: PC | H61: DAISA | I61: 1.8 | J61: =F61*I61 -> 3.6 | K61: AU 200 - BSP | L61: =F61/($F$74*3) -> 0.11111111 | M61: =L61*I61 -> 0.2 | N61: =IFERROR(VLOOKUP(B61,Custo_MI_Infra!B:E,3,FALSE),0) -> 0 | O61: =N61*L61 -> 0 | P61: =O61*I61 -> 0
A62: 5091 | B62: Infra Eletrica de 2" | C62: 73181500 | D62: ARRUELA LISA ZC 1/4" | E62: DP 619 | F62: 24 | G62: PC | H62: DISPAN | I62: 0.04 | J62: =F62*I62 -> 0.96 | K62: DP 619 | L62: =F62/($F$74*3) -> 1.3333333 | M62: =L62*I62 -> 0.053333333 | N62: =IFERROR(VLOOKUP(B62,Custo_MI_Infra!B:E,3,FALSE),0) -> 0 | O62: =N62*L62 -> 0 | P62: =O62*I62 -> 0
A63: 3482 | B63: Infra Eletrica de 2" | C63: 73071100 | D63: BUCHA ACABAMENTO ALUMÍNIO 2"BSP | E63: BU-200-B | F63: 2 | G63: PC | H63: DAISA | I63: 2.5 | J63: =F63*I63 -> 5 | K63: BU-200-B | L63: =F63/($F$74*3) -> 0.11111111 | M63: =L63*I63 -> 0.27777778 | N63: =IFERROR(VLOOKUP(B63,Custo_MI_Infra!B:E,3,FALSE),0) -> 0 | O63: =N63*L63 -> 0 | P63: =O63*I63 -> 0
A64: 1120 | B64: Infra Eletrica de 2" | C64: 73071910 | D64: BUCHA REDUÇÃO ALUMÍNIO 2" X 1"BSP | E64: BRR 200 X 100 | F64: 1 | G64: PC | H64: DAISA | I64: 7.2 | J64: =F64*I64 -> 7.2 | K64: BRR 200 X 100 | L64: =F64/($F$74*3) -> 0.055555556 | M64: =L64*I64 -> 0.4 | N64: =IFERROR(VLOOKUP(B64,Custo_MI_Infra!B:E,3,FALSE),0) -> 0 | O64: =N64*L64 -> 0 | P64: =O64*I64 -> 0
A65: 1118 | B65: Infra Eletrica de 2" | C65: 73071910 | D65: BUCHA REDUÇÃO ALUMÍNIO 2" X 1.1/2"BSP | E65: BRR 200 X 112 | F65: 1 | G65: PC | H65: DAISA | I65: 7.8 | J65: =F65*I65 -> 7.8 | K65: BRR 200 X 112 | L65: =F65/($F$74*3) -> 0.055555556 | M65: =L65*I65 -> 0.43333333 | N65: =IFERROR(VLOOKUP(B65,Custo_MI_Infra!B:E,3,FALSE),0) -> 0 | O65: =N65*L65 -> 0 | P65: =O65*I65 -> 0
A66: 312 | B66: Infra Eletrica de 2" | C66: 73071910 | D66: BUCHA REDUÇÃO ALUMÍNIO 2" X 1/2"BSP | E66: BRR 200 X 012 | F66: 2 | G66: PC | H66: DAISA | I66: 14.25 | J66: =F66*I66 -> 28.5 | K66: BRR 200 X 012 | L66: =F66/($F$74*3) -> 0.11111111 | M66: =L66*I66 -> 1.5833333 | N66: =IFERROR(VLOOKUP(B66,Custo_MI_Infra!B:E,3,FALSE),0) -> 0 | O66: =N66*L66 -> 0 | P66: =O66*I66 -> 0
A67: 120 | B67: Infra Eletrica de 2" | C67: 73071910 | D67: BUCHA REDUÇÃO ALUMÍNIO 2" X 3/4"BSP | E67: BRR 200 X 034 | F67: 1 | G67: PC | H67: DAISA | I67: 13.2 | J67: =F67*I67 -> 13.2 | K67: BRR 200 X 034 | L67: =F67/($F$74*3) -> 0.055555556 | M67: =L67*I67 -> 0.73333333 | N67: =IFERROR(VLOOKUP(B67,Custo_MI_Infra!B:E,3,FALSE),0) -> 0 | O67: =N67*L67 -> 0 | P67: =O67*I67 -> 0
A68: 2805 | B68: Infra Eletrica de 2" | C68: 72162100 | D68: CANTONEIRA AÇO ABAS IGUAIS 1.1/2" X 1/4" X 6.000MM | E68: 0 | F68: =0.86*F74*3 -> 15.48 | G68: KG | H68: GERDAU | I68: 4.22 | J68: =F68*I68 -> 65.3256 | K68: AUT-2805 | L68: =F68/($F$74*3) -> 0.86 | M68: =L68*I68 -> 3.6292 | N68: =IFERROR(VLOOKUP(B68,Custo_MI_Infra!B:E,3,FALSE),0) -> 0 | O68: =N68*L68 -> 0 | P68: =O68*I68 -> 0
A69: 69 | B69: Infra Eletrica de 2" | C69: 76090000 | D69: CONDULETE ROSCÁVEL EM ALUMÍNIO C/ TAMPA 2"BSP TIPO "C" | E69: DIIRT 200-BSP-C | F69: 2 | G69: PC | H69: DAISA | I69: 28.5 | J69: =F69*I69 -> 57 | K69: DIIRT 200-BSP-C | L69: =F69/($F$74*3) -> 0.11111111 | M69: =L69*I69 -> 3.1666667 | N69: =IFERROR(VLOOKUP(B69,Custo_MI_Infra!B:E,3,FALSE),0) -> 0 | O69: =N69*L69 -> 0 | P69: =O69*I69 -> 0
A70: 4646 | B70: Infra Eletrica de 2" | C70: 76090000 | D70: CONDULETE ROSCÁVEL EM ALUMÍNIO C/ TAMPA 2"BSP TIPO "LB" | E70: DIIRT 200-BSP-LB | F70: 1 | G70: PC | H70: DAISA | I70: 28.5 | J70: =F70*I70 -> 28.5 | K70: DIIRT 200-BSP-LB | L70: =F70/($F$74*3) -> 0.055555556 | M70: =L70*I70 -> 1.5833333 | N70: =IFERROR(VLOOKUP(B70,Custo_MI_Infra!B:E,3,FALSE),0) -> 0 | O70: =N70*L70 -> 0 | P70: =O70*I70 -> 0
A71: 2617 | B71: Infra Eletrica de 2" | C71: 76090000 | D71: CONDULETE ROSCÁVEL EM ALUMÍNIO C/ TAMPA 2"BSP TIPO "LL" | E71: DVRT 200-BSP-LL | F71: 1 | G71: PC | H71: DAISA | I71: 28.5 | J71: =F71*I71 -> 28.5 | K71: DVRT 200-BSP-LL | L71: =F71/($F$74*3) -> 0.055555556 | M71: =L71*I71 -> 1.5833333 | N71: =IFERROR(VLOOKUP(B71,Custo_MI_Infra!B:E,3,FALSE),0) -> 0 | O71: =N71*L71 -> 0 | P71: =O71*I71 -> 0
A72: 4532 | B72: Infra Eletrica de 2" | C72: 76090000 | D72: CONDULETE ROSCÁVEL EM ALUMÍNIO C/ TAMPA 2"BSP TIPO "LR" | E72: DVRT 200-BSP-LR | F72: 1 | G72: PC | H72: DAISA | I72: 28.5 | J72: =F72*I72 -> 28.5 | K72: DVRT 200-BSP-LR | L72: =F72/($F$74*3) -> 0.055555556 | M72: =L72*I72 -> 1.5833333 | N72: =IFERROR(VLOOKUP(B72,Custo_MI_Infra!B:E,3,FALSE),0) -> 0 | O72: =N72*L72 -> 0 | P72: =O72*I72 -> 0
A73: 4824 | B73: Infra Eletrica de 2" | C73: 76090000 | D73: CONDULETE ROSCÁVEL EM ALUMÍNIO C/ TAMPA 2"BSP TIPO "T" | E73: DVRT 200-BSP-T | F73: 1 | G73: PC | H73: DAISA | I73: 30.1 | J73: =F73*I73 -> 30.1 | K73: DVRT 200-BSP-T | L73: =F73/($F$74*3) -> 0.055555556 | M73: =L73*I73 -> 1.6722222 | N73: =IFERROR(VLOOKUP(B73,Custo_MI_Infra!B:E,3,FALSE),0) -> 0 | O73: =N73*L73 -> 0 | P73: =O73*I73 -> 0
A74: 4307 | B74: Infra Eletrica de 2" | C74: 73063000 | D74: ELETRODUTO PESADO C/ LUVA AÇO CARBONO GF NBR 5598 2" X 3000MM BSP | E74: 0 | F74: 6 | G74: BR | H74: CARBINOX | I74: 86 | J74: =F74*I74 -> 516 | K74: AUT-4307 | L74: =F74/($F$74*3) -> 0.33333333 | M74: =L74*I74 -> 28.666667 | N74: =IFERROR(VLOOKUP(B74,Custo_MI_Infra!B:E,3,FALSE),0) -> 0 | O74: =N74*L74 -> 0 | P74: =O74*I74 -> 0
A75: 2831 | B75: Infra Eletrica de 2" | C75: 73071910 | D75: PORCA ACABAMENTO ALUMÍNIO 2"BSP | E75: PU-200-BSP | F75: 2 | G75: PC | H75: DAISA | I75: 2.5 | J75: =F75*I75 -> 5 | K75: PU-200-BSP | L75: =F75/($F$74*3) -> 0.11111111 | M75: =L75*I75 -> 0.27777778 | N75: =IFERROR(VLOOKUP(B75,Custo_MI_Infra!B:E,3,FALSE),0) -> 0 | O75: =N75*L75 -> 0 | P75: =O75*I75 -> 0
A76: 3274 | B76: Infra Eletrica de 2" | C76: 73181500 | D76: PORCA SEXTAVADA ZC 1/4" | E76: DP 618 | F76: 24 | G76: PC | H76: DISPAN | I76: 0.06 | J76: =F76*I76 -> 1.44 | K76: DP 618 | L76: =F76/($F$74*3) -> 1.3333333 | M76: =L76*I76 -> 0.08 | N76: =IFERROR(VLOOKUP(B76,Custo_MI_Infra!B:E,3,FALSE),0) -> 0 | O76: =N76*L76 -> 0 | P76: =O76*I76 -> 0
A77: 2566 | B77: Infra Eletrica de 2" Exd | C77: 73072900 | D77: ABRAÇADEIRA VERGALHÃO GRAMPO "U" ZC 2" X 1/4" | E77: DP 634-6 | F77: 12 | G77: PC | H77: DISPAN | I77: 2.8 | J77: =F77*I77 -> 33.6 | K77: DP 634-6 | L77: =F77/($F$91*3) -> 0.66666667 | M77: =L77*I77 -> 1.8666667 | N77: =IFERROR(VLOOKUP(B77,Custo_MI_Infra!B:E,3,FALSE),0) -> 0 | O77: =N77*L77 -> 0 | P77: =O77*I77 -> 0
A78: 102 | B78: Infra Eletrica de 2" Exd | C78: 73072900 | D78: ARRUELA ACABAMENTO EX-D FERRO NODULAR GF 2" NPT | E78: CX / AR-6 FG | F78: 2 | G78: PC | H78: CONEX | I78: 9.1 | J78: =F78*I78 -> 18.2 | K78: CX / AR-6 FG | L78: =F78/($F$91*3) -> 0.11111111 | M78: =L78*I78 -> 1.0111111 | N78: =IFERROR(VLOOKUP(B78,Custo_MI_Infra!B:E,3,FALSE),0) -> 0 | O78: =N78*L78 -> 0 | P78: =O78*I78 -> 0
A79: 5091 | B79: Infra Eletrica de 2" Exd | C79: 73181500 | D79: ARRUELA LISA ZC 1/4" | E79: DP 619 | F79: 24 | G79: PC | H79: DISPAN | I79: 0.04 | J79: =F79*I79 -> 0.96 | K79: DP 619 | L79: =F79/($F$91*3) -> 1.3333333 | M79: =L79*I79 -> 0.053333333 | N79: =IFERROR(VLOOKUP(B79,Custo_MI_Infra!B:E,3,FALSE),0) -> 0 | O79: =N79*L79 -> 0 | P79: =O79*I79 -> 0
A80: 94 | B80: Infra Eletrica de 2" Exd | C80: 73071100 | D80: BUCHA ACABAMENTO EX-D FERRO NODULAR GF 2" NPT | E80: CX / BF-6 FG | F80: 2 | G80: PC | H80: CONEX | I80: 10.85 | J80: =F80*I80 -> 21.7 | K80: CX / BF-6 FG | L80: =F80/($F$91*3) -> 0.11111111 | M80: =L80*I80 -> 1.2055556 | N80: =IFERROR(VLOOKUP(B80,Custo_MI_Infra!B:E,3,FALSE),0) -> 0 | O80: =N80*L80 -> 0 | P80: =O80*I80 -> 0
A81: 3323 | B81: Infra Eletrica de 2" Exd | C81: 73071910 | D81: BUCHA REDUÇÃO EX-D FERRO NODULAR GF 2" X 1" NPT | E81: CX / BRD-63 FG | F81: 1 | G81: PC | H81: CONEX | I81: 23.5 | J81: =F81*I81 -> 23.5 | K81: CX / BRD-63 FG | L81: =F81/($F$91*3) -> 0.055555556 | M81: =L81*I81 -> 1.3055556 | N81: =IFERROR(VLOOKUP(B81,Custo_MI_Infra!B:E,3,FALSE),0) -> 0 | O81: =N81*L81 -> 0 | P81: =O81*I81 -> 0
A82: 4505 | B82: Infra Eletrica de 2" Exd | C82: 73071100 | D82: BUCHA REDUÇÃO EX-D FERRO NODULAR GF 2" X 1.1/2" NPT | E82: CX / BRD-65 FG | F82: 1 | G82: PC | H82: CONEX | I82: 21.08 | J82: =F82*I82 -> 21.08 | K82: CX / BRD-65 FG | L82: =F82/($F$91*3) -> 0.055555556 | M82: =L82*I82 -> 1.1711111 | N82: =IFERROR(VLOOKUP(B82,Custo_MI_Infra!B:E,3,FALSE),0) -> 0 | O82: =N82*L82 -> 0 | P82: =O82*I82 -> 0
A83: 4176 | B83: Infra Eletrica de 2" Exd | C83: 73071100 | D83: BUCHA REDUÇÃO EX-D FERRO NODULAR GF 2" X 1/2" NPT | E83: CX / BRD-61 FG | F83: 2 | G83: PC | H83: CONEX | I83: 27.15 | J83: =F83*I83 -> 54.3 | K83: CX / BRD-61 FG | L83: =F83/($F$91*3) -> 0.11111111 | M83: =L83*I83 -> 3.0166667 | N83: =IFERROR(VLOOKUP(B83,Custo_MI_Infra!B:E,3,FALSE),0) -> 0 | O83: =N83*L83 -> 0 | P83: =O83*I83 -> 0
A84: 292 | B84: Infra Eletrica de 2" Exd | C84: 73071100 | D84: BUCHA REDUÇÃO EX-D FERRO NODULAR GF 2" X 3/4" NPT | E84: CX / BRD-62 FG | F84: 1 | G84: PC | H84: CONEX | I84: 25.48 | J84: =F84*I84 -> 25.48 | K84: CX / BRD-62 FG | L84: =F84/($F$91*3) -> 0.055555556 | M84: =L84*I84 -> 1.4155556 | N84: =IFERROR(VLOOKUP(B84,Custo_MI_Infra!B:E,3,FALSE),0) -> 0 | O84: =N84*L84 -> 0 | P84: =O84*I84 -> 0
A85: 2805 | B85: Infra Eletrica de 2" Exd | C85: 72162100 | D85: CANTONEIRA AÇO ABAS IGUAIS 1.1/2" X 1/4" X 6.000MM | E85: 0 | F85: =0.86*F91*3 -> 15.48 | G85: KG | H85: GERDAU | I85: 4.22 | J85: =F85*I85 -> 65.3256 | K85: AUT-2805 | L85: =F85/($F$91*3) -> 0.86 | M85: =L85*I85 -> 3.6292 | N85: =IFERROR(VLOOKUP(B85,Custo_MI_Infra!B:E,3,FALSE),0) -> 0 | O85: =N85*L85 -> 0 | P85: =O85*I85 -> 0
A86: 153 | B86: Infra Eletrica de 2" Exd | C86: 73071100 | D86: CONDULETE ROSCÁVEL EM ALUMÍNIO FUNDIDO EX-D C/ TAMPA 2"NPT TIPO "C" | E86: TCLX/6-C | F86: 2 | G86: PC | H86: TELBRA | I86: 88 | J86: =F86*I86 -> 176 | K86: TCLX/6-C | L86: =F86/($F$91*3) -> 0.11111111 | M86: =L86*I86 -> 9.7777778 | N86: =IFERROR(VLOOKUP(B86,Custo_MI_Infra!B:E,3,FALSE),0) -> 0 | O86: =N86*L86 -> 0 | P86: =O86*I86 -> 0
A87: 85 | B87: Infra Eletrica de 2" Exd | C87: 73071100 | D87: CONDULETE ROSCÁVEL EM ALUMÍNIO FUNDIDO EX-D C/ TAMPA 2"NPT TIPO "LB" | E87: TCLX/6-LB | F87: 1 | G87: PC | H87: TELBRA | I87: 88 | J87: =F87*I87 -> 88 | K87: TCLX/6-LB | L87: =F87/($F$91*3) -> 0.055555556 | M87: =L87*I87 -> 4.8888889 | N87: =IFERROR(VLOOKUP(B87,Custo_MI_Infra!B:E,3,FALSE),0) -> 0 | O87: =N87*L87 -> 0 | P87: =O87*I87 -> 0
A88: 1705 | B88: Infra Eletrica de 2" Exd | C88: 73071100 | D88: CONDULETE ROSCÁVEL EM ALUMÍNIO FUNDIDO EX-D C/ TAMPA 2"NPT TIPO "LL" | E88: TCLX/6-LL | F88: 1 | G88: PC | H88: TELBRA | I88: 88 | J88: =F88*I88 -> 88 | K88: TCLX/6-LL | L88: =F88/($F$91*3) -> 0.055555556 | M88: =L88*I88 -> 4.8888889 | N88: =IFERROR(VLOOKUP(B88,Custo_MI_Infra!B:E,3,FALSE),0) -> 0 | O88: =N88*L88 -> 0 | P88: =O88*I88 -> 0
A89: 1706 | B89: Infra Eletrica de 2" Exd | C89: 73071100 | D89: CONDULETE ROSCÁVEL EM ALUMÍNIO FUNDIDO EX-D C/ TAMPA 2"NPT TIPO "LR" | E89: TCLX/6-LR | F89: 1 | G89: PC | H89: TELBRA | I89: 88 | J89: =F89*I89 -> 88 | K89: TCLX/6-LR | L89: =F89/($F$91*3) -> 0.055555556 | M89: =L89*I89 -> 4.8888889 | N89: =IFERROR(VLOOKUP(B89,Custo_MI_Infra!B:E,3,FALSE),0) -> 0 | O89: =N89*L89 -> 0 | P89: =O89*I89 -> 0
A90: 1712 | B90: Infra Eletrica de 2" Exd | C90: 73071100 | D90: CONDULETE ROSCÁVEL EM ALUMÍNIO FUNDIDO EX-D C/ TAMPA 2"NPT TIPO "T" | E90: TCLX/6-T | F90: 1 | G90: PC | H90: TELBRA | I90: 88 | J90: =F90*I90 -> 88 | K90: TCLX/6-T | L90: =F90/($F$91*3) -> 0.055555556 | M90: =L90*I90 -> 4.8888889 | N90: =IFERROR(VLOOKUP(B90,Custo_MI_Infra!B:E,3,FALSE),0) -> 0 | O90: =N90*L90 -> 0 | P90: =O90*I90 -> 0
A91: 3445 | B91: Infra Eletrica de 2" Exd | C91: 73063000 | D91: ELETRODUTO PESADO C/ LUVA AÇO CARBONO GF EX-D NBR 5597 2" X 3000MM NPT | E91: 0 | F91: 6 | G91: BR | H91: CARBINOX | I91: 88.6 | J91: =F91*I91 -> 531.6 | K91: AUT-3445 | L91: =F91/($F$91*3) -> 0.33333333 | M91: =L91*I91 -> 29.533333 | N91: =IFERROR(VLOOKUP(B91,Custo_MI_Infra!B:E,3,FALSE),0) -> 0 | O91: =N91*L91 -> 0 | P91: =O91*I91 -> 0
A92: 3274 | B92: Infra Eletrica de 2" Exd | C92: 73181500 | D92: PORCA SEXTAVADA ZC 1/4" | E92: DP 618 | F92: 24 | G92: PC | H92: DISPAN | I92: 0.06 | J92: =F92*I92 -> 1.44 | K92: DP 618 | L92: =F92/($F$91*3) -> 1.3333333 | M92: =L92*I92 -> 0.08 | N92: =IFERROR(VLOOKUP(B92,Custo_MI_Infra!B:E,3,FALSE),0) -> 0 | O92: =N92*L92 -> 0 | P92: =O92*I92 -> 0
A93: 2534 | B93: Infra Eletrica de 3/4" | C93: 73072900 | D93: ABRAÇADEIRA VERGALHÃO GRAMPO "U" ZC 3/4" X 1/4" | E93: DP 634-2 | F93: 12 | G93: PC | H93: DISPAN | I93: 1.2 | J93: =F93*I93 -> 14.4 | K93: DP 634-2 | L93: =F93/($F$104*3) -> 0.66666667 | M93: =L93*I93 -> 0.8 | N93: =IFERROR(VLOOKUP(B93,Custo_MI_Infra!B:E,3,FALSE),0) -> 0 | O93: =N93*L93 -> 0 | P93: =O93*I93 -> 0
A94: 3211 | B94: Infra Eletrica de 3/4" | C94: 73072900 | D94: ARRUELA ACABAMENTO ALUMÍNIO 3/4"BSP | E94: AU 034 - BSP | F94: 2 | G94: PC | H94: DAISA | I94: 0.35 | J94: =F94*I94 -> 0.7 | K94: AU 034 - BSP | L94: =F94/($F$104*3) -> 0.11111111 | M94: =L94*I94 -> 0.038888889 | N94: =IFERROR(VLOOKUP(B94,Custo_MI_Infra!B:E,3,FALSE),0) -> 0 | O94: =N94*L94 -> 0 | P94: =O94*I94 -> 0
A95: 5091 | B95: Infra Eletrica de 3/4" | C95: 73181500 | D95: ARRUELA LISA ZC 1/4" | E95: DP 619 | F95: 24 | G95: PC | H95: DISPAN | I95: 0.04 | J95: =F95*I95 -> 0.96 | K95: DP 619 | L95: =F95/($F$104*3) -> 1.3333333 | M95: =L95*I95 -> 0.053333333 | N95: =IFERROR(VLOOKUP(B95,Custo_MI_Infra!B:E,3,FALSE),0) -> 0 | O95: =N95*L95 -> 0 | P95: =O95*I95 -> 0
A96: 2607 | B96: Infra Eletrica de 3/4" | C96: 73071100 | D96: BUCHA ACABAMENTO ALUMÍNIO 3/4"BSP | E96: BU-034-B | F96: 2 | G96: PC | H96: DAISA | I96: 0.6 | J96: =F96*I96 -> 1.2 | K96: BU-034-B | L96: =F96/($F$104*3) -> 0.11111111 | M96: =L96*I96 -> 0.066666667 | N96: =IFERROR(VLOOKUP(B96,Custo_MI_Infra!B:E,3,FALSE),0) -> 0 | O96: =N96*L96 -> 0 | P96: =O96*I96 -> 0
A97: 1117 | B97: Infra Eletrica de 3/4" | C97: 73071910 | D97: BUCHA REDUÇÃO ALUMÍNIO 3/4" X 1/2"BSP | E97: BRR 034 X 012 | F97: 1 | G97: PC | H97: DAISA | I97: 1.95 | J97: =F97*I97 -> 1.95 | K97: BRR 034 X 012 | L97: =F97/($F$104*3) -> 0.055555556 | M97: =L97*I97 -> 0.10833333 | N97: =IFERROR(VLOOKUP(B97,Custo_MI_Infra!B:E,3,FALSE),0) -> 0 | O97: =N97*L97 -> 0 | P97: =O97*I97 -> 0
A98: 2805 | B98: Infra Eletrica de 3/4" | C98: 72162100 | D98: CANTONEIRA AÇO ABAS IGUAIS 1.1/2" X 1/4" X 6.000MM | E98: 0 | F98: =0.86*F104*3 -> 15.48 | G98: KG | H98: GERDAU | I98: 4.22 | J98: =F98*I98 -> 65.3256 | K98: AUT-2805 | L98: =F98/($F$104*3) -> 0.86 | M98: =L98*I98 -> 3.6292 | N98: =IFERROR(VLOOKUP(B98,Custo_MI_Infra!B:E,3,FALSE),0) -> 0 | O98: =N98*L98 -> 0 | P98: =O98*I98 -> 0
A99: 3436 | B99: Infra Eletrica de 3/4" | C99: 76090000 | D99: CONDULETE ROSCÁVEL EM ALUMÍNIO C/ TAMPA 3/4"BSP TIPO "C" | E99: DIIRT 034-BSP-C | F99: 2 | G99: PC | H99: DAISA | I99: 6.7 | J99: =F99*I99 -> 13.4 | K99: DIIRT 034-BSP-C | L99: =F99/($F$104*3) -> 0.11111111 | M99: =L99*I99 -> 0.74444444 | N99: =IFERROR(VLOOKUP(B99,Custo_MI_Infra!B:E,3,FALSE),0) -> 0 | O99: =N99*L99 -> 0 | P99: =O99*I99 -> 0
A100: 2904 | B100: Infra Eletrica de 3/4" | C100: 76090000 | D100: CONDULETE ROSCÁVEL EM ALUMÍNIO C/ TAMPA 3/4"BSP TIPO "LB" | E100: DVRT 034-BSP-LB | F100: 1 | G100: PC | H100: DAISA | I100: 6.7 | J100: =F100*I100 -> 6.7 | K100: DVRT 034-BSP-LB | L100: =F100/($F$104*3) -> 0.055555556 | M100: =L100*I100 -> 0.37222222 | N100: =IFERROR(VLOOKUP(B100,Custo_MI_Infra!B:E,3,FALSE),0) -> 0 | O100: =N100*L100 -> 0 | P100: =O100*I100 -> 0
...

Sheet Lista explodida
A1: Descrição dos Materiais | B1: Unidade | C1: Quantidade
A2: BUCHA REDUCAO, ALUMINIO, 3/4 X 1/2 BSP | B2: PC | C2: 67
A3: BUCHA REDUCAO, ALUMINIO, 3/4 X 1/2 BSP | B3: PC | C3: 4
A4: BUCHA REDUCAO, ALUMINIO, 3/4 X 1/2 BSP | B4: PC | C4: 4
A5: BUCHA REDUCAO, ALUMINIO, 3/4 X 1/2 BSP | B5: PC | C5: 3
A6: BUCHA REDUCAO, ALUMINIO, 3/4 X 1/2 BSP | B6: PC | C6: 2
A7: BUCHA REDUCAO, ALUMINIO, 3/4 X 1/2 BSP | B7: PC | C7: 4
A8: BUCHA REDUCAO, ALUMINIO, 3/4 X 1/2 BSP | B8: PC | C8: 4
A9: BUJÃO C/ REBAIXO SEXTAVADO LATÃO 1/2"BSP | B9: PC | C9: 3
A10: BUJÃO C/ REBAIXO SEXTAVADO LATÃO 1/2"BSP | B10: PC | C10: 2
A11: BUJÃO C/ REBAIXO SEXTAVADO LATÃO 1/2"BSP | B11: PC | C11: 4
A12: CANTONEIRA, ACO A36, ABAS IGUAIS, 1.1/2 X 1/4 X 6.000MM, GERDAU | B12: KG | C12: 195
A13: CANTONEIRA, ACO A36, ABAS IGUAIS, 1.1/2 X 1/4 X 6.000MM, GERDAU | B13: KG | C13: 12
... A115: ARRUELA LISA ZC 1/4" | B115: PC | C115: 96
A116: ABRAÇADEIRA VERGALHÃO GRAMPO "U" ZC 1" X 1/4" | B116: PC | C116: 25 | E116: =ROUNDUP((C116/18)*50,0) -> 70
A117: BUCHA REDUÇÃO GF CL 150 1" X 1/2"BSP | B117: PC | C117: 3 | E117: =ROUNDUP((C117/18)*50,0) -> 9
A118: BUCHA REDUÇÃO GF CL 150 1" X 3/4"BSP | B118: PC | C118: 3 | E118: =ROUNDUP((C118/18)*50,0) -> 9
A119: BUCHA REDUÇÃO GF CL 150 1" X 3/8"BSP | B119: PC | C119: 3 | E119: =ROUNDUP((C119/18)*50,0) -> 9
A120: BUJÃO C/ REBORDO GF CL 150 1"BSP | B120: PC | C120: 3 | E120: =ROUNDUP((C120/18)*50,0) -> 9
A121: BUJÃO GF CL 150 1"BSP | B121: PC | C121: 3 | E121: =ROUNDUP((C121/18)*50,0) -> 9
A122: CANTONEIRA AÇO ABAS IGUAIS 1.1/2" X 1/4" X 6.000MM | B122: KG | C122: 10 | E122: =ROUNDUP((C122/18)*50,0) -> 28
A123: COTOVELO GF CL 150 1" BSP 45° | B123: PC | C123: 3 | E123: =ROUNDUP((C123/18)*50,0) -> 9
A124: COTOVELO GF CL 150 1" BSP 90° | B124: PC | C124: 3 | E124: =ROUNDUP((C124/18)*50,0) -> 9
A125: CRUZETA GF CL 150 1"BSP | B125: PC | C125: 3 | E125: =ROUNDUP((C125/18)*50,0) -> 9
A126: LUVA GF CL 150 1"BSP | B126: PC | C126: 3 | E126: =ROUNDUP((C126/18)*50,0) -> 9
A127: LUVA REDUÇÃO GF CL 150 1" X 1/2"BSP | B127: PC | C127: 3 | E127: =ROUNDUP((C127/18)*50,0) -> 9
... A161: VÁLVULA ESFERA TRIPARTIDA,CL 300 CORPO E TP A 216 WCB, ESFERA ASTM A351 CF8, PASS. REDUZIDA, VED. PTFE ROSCA 1/2" BSP | B161: PC | C161: 3 | E161: =ROUNDUP((C161/18)*50,0) -> 9
A162: ABRAÇADEIRA VERGALHÃO GRAMPO "U" ZC 2" X 1/4" | B162: PC | C162: 50 | E162: =ROUNDUP((C162/18)*150,0) -> 417
A163: ARRUELA LISA ZC 1/4" | B163: PC | C163: 100 | E163: =ROUNDUP((C163/18)*150,0) -> 834
A164: BUCHA REDUÇÃO GF CL 150 2" X 1"BSP | B164: PC | C164: 9 | E164: =ROUNDUP((C164/18)*150,0) -> 75
A165: BUCHA REDUÇÃO GF CL 150 2" X 1.1/2"BSP | B165: PC | C165: 9 | E165: =ROUNDUP((C165/18)*150,0) -> 75
A166: BUCHA REDUÇÃO GF CL 150 2" X 1/2" BSP | B166: PC | C166: 9 | E166: =ROUNDUP((C166/18)*150,0) -> 75
A167: BUJÃO C/ REBORDO GF CL 150 2"BSP | B167: PC | C167: 9 | E167: =ROUNDUP((C167/18)*150,0) -> 75
A168: BUJÃO GF CL 150 2"BSP | B168: PC | C168: 9 | E168: =ROUNDUP((C168/18)*150,0) -> 75
A169: CANTONEIRA AÇO ABAS IGUAIS 1.1/2" X 1/4" X 6.000MM | B169: KG | C169: 29 | E169: =ROUNDUP((C169/18)*150,0) -> 242
A170: COTOVELO GF CL 150 2" BSP 45° | B170: PC | C170: 9 | E170: =ROUNDUP((C170/18)*150,0) -> 75
A171: COTOVELO GF CL 150 2" BSP 90° | B171: PC | C171: 9 | E171: =ROUNDUP((C171/18)*150,0) -> 75
A172: CRUZETA GF CL 150 2"BSP | B172: PC | C172: 9 | E172: =ROUNDUP((C172/18)*150,0) -> 75
A173: LUVA GF CL 150 2"BSP | B173: PC | C173: 9 | E173: =ROUNDUP((C173/18)*150,0) -> 75
... A188: VALVULA ESFERA TRIPARTIDA,CL 300 CORPO E TP A 216 WCB, ESFERA ASTM A351 CF8, HASTE AISI 304, VED. PTFE ROSCA 2" BSP | B188: PC | C188: 9 | E188: =ROUNDUP((C188/18)*150,0) -> 75
A189: ABRAÇADEIRA VERGALHÃO GRAMPO "U" ZC 3/4" X 1/4" | B189: PC | C189: 17 | E189: =ROUNDUP((C189/18)*50,0) -> 48
A190: BUCHA REDUÇÃO GF CL 150 3/4" X 1/2"BSP | B190: PC | C190: 3 | E190: =ROUNDUP((C190/18)*50,0) -> 9
A191: BUCHA REDUÇÃO GF CL 150 3/4" X 1/4"BSP | B191: PC | C191: 3 | E191: =ROUNDUP((C191/18)*50,0) -> 9
A192: BUCHA REDUÇÃO GF CL 150 3/4" X 3/8"BSP | B192: PC | C192: 3 | E192: =ROUNDUP((C192/18)*50,0) -> 9
A193: BUJÃO C/ REBORDO GF CL 150 3/4"BSP | B193: PC | C193: 3 | E193: =ROUNDUP((C193/18)*50,0) -> 9
A194: BUJÃO GF CL 150 3/4"BSP | B194: PC | C194: 3 | E194: =ROUNDUP((C194/18)*50,0) -> 9
A195: CANTONEIRA AÇO ABAS IGUAIS 1.1/2" X 1/4" X 6.000MM | B195: KG | C195: 10 | E195: =ROUNDUP((C195/18)*50,0) -> 28
A196: COTOVELO GF CL 150 3/4" BSP 45° | B196: PC | C196: 3 | E196: =ROUNDUP((C196/18)*50,0) -> 9
A197: COTOVELO GF CL 150 3/4" BSP 90° | B197: PC | C197: 3 | E197: =ROUNDUP((C197/18)*50,0) -> 9
A198: CRUZETA GF CL 150 3/4"BSP | B198: PC | C198: 3 | E198: =ROUNDUP((C198/18)*50,0) -> 9
A199: LUVA GF CL 150 3/4"BSP | B199: PC | C199: 3 | E199: =ROUNDUP((C199/18)*50,0) -> 9
A200: LUVA REDUÇÃO GF CL 150 3/4" X 1/2"BSP | B200: PC | C200: 3 | E200: =ROUNDUP((C200/18)*50,0) -> 9
... A213: VALVULA ESFERA TRIPARTIDA,CL 300 CORPO E TP A 216 WCB, ESFERA ASTM A351 CF8, HASTE AISI 304, VED. PTFE ROSCA 3/4" BSP | B213: PC | C213: 3 | E213: =ROUNDUP((C213/18)*50,0) -> 9

Sheet Tab Din Device
A1: Rótulos de Linha
A2: ABRACADEIRA VERGALHAO GRAMPO U ZC 1/2 X 1/4 DP 634-1 DISPAN
A3: ABRACADEIRA VERGALHAO GRAMPO U ZC 1/4 X 1/4 DP 634-0 DISPAN
A4: ABRACADEIRA VERGALHAO GRAMPO U ZC 2 X 1/4 DP 634-6 DISPAN
A5: ABRACADEIRA VERGALHAO GRAMPO U ZC 3/4 X 1/4 DP 634-2 DISPAN
A6: ABRACADEIRA, NYLON PRETA, 2,5 X 101MM, T-18 R, HELLERMANN
A7: ARRUELA ACABAMENTO, ALUMINIO, 1 BSP
A8: ARRUELA ACABAMENTO, ALUMINIO, 2 BSP
A9: ARRUELA LISA ZC 1/4"
A10: ARRUELA LISA ZC 3/16"
A11: BUCHA ACABAMENTO ALUMINIO 2BSP BU-200-B DAISA
A12: BUCHA ACABAMENTO ALUMÍNIO 3/4"BSP
... A96: Total Geral

Sheet Tab Din Infra
A1: Rótulos de Linha
A2: ABRAÇADEIRA VERGALHÃO GRAMPO "U" ZC 1" X 1/4"
A3: ABRAÇADEIRA VERGALHÃO GRAMPO "U" ZC 1.1/2" X 1/4"
A4: ABRAÇADEIRA VERGALHÃO GRAMPO "U" ZC 1/2" X 1/4"
A5: ABRAÇADEIRA VERGALHÃO GRAMPO "U" ZC 2" X 1/4"
A6: ABRAÇADEIRA VERGALHÃO GRAMPO "U" ZC 3/4" X 1/4"
A7: ARRUELA ACABAMENTO ALUMÍNIO 1"BSP
A8: ARRUELA ACABAMENTO ALUMÍNIO 1.1/2"BSP
A9: ARRUELA ACABAMENTO ALUMÍNIO 2"BSP
A10: ARRUELA ACABAMENTO ALUMÍNIO 3/4"BSP
A11: ARRUELA ACABAMENTO EX-D FERRO NODULAR GF 1" NPT
A12: ARRUELA ACABAMENTO EX-D FERRO NODULAR GF 1.1/2" NPT
... A207: Total Geral

Sheet Geral
A1: Rótulos de Linha
A2: ABRACADEIRA VERGALHAO GRAMPO U ZC 1/2 X 1/4 DP 634-1 DISPAN
A3: ABRACADEIRA VERGALHAO GRAMPO U ZC 1/4 X 1/4 DP 634-0 DISPAN
A4: ABRACADEIRA VERGALHAO GRAMPO U ZC 2 X 1/4 DP 634-6 DISPAN
A5: ABRACADEIRA VERGALHAO GRAMPO U ZC 3/4 X 1/4 DP 634-2 DISPAN
A6: ABRACADEIRA, NYLON PRETA, 2,5 X 101MM, T-18 R, HELLERMANN
A7: ARRUELA ACABAMENTO, ALUMINIO, 1 BSP
A8: ARRUELA ACABAMENTO, ALUMINIO, 2 BSP
A9: ARRUELA LISA ZC 1/4"
A10: ARRUELA LISA ZC 3/16"
A11: BUCHA ACABAMENTO ALUMINIO 2BSP BU-200-B DAISA
A12: BUCHA ACABAMENTO ALUMÍNIO 3/4"BSP
... A300: VERGALHÃO ROSCA TOTAL ZC 5/16" X 3000MM

Sheet Tab Din Geral
A1: Rótulos de Linha
A2: ABRAÇADEIRA VERGALHÃO GRAMPO "U" ZC 1" X 1/4"
A3: ABRAÇADEIRA VERGALHÃO GRAMPO "U" ZC 1.1/2" X 1/4"
A4: ABRAÇADEIRA VERGALHÃO GRAMPO "U" ZC 1/2" X 1/4"
A5: ABRAÇADEIRA VERGALHÃO GRAMPO "U" ZC 2" X 1/4"
A6: ABRAÇADEIRA VERGALHÃO GRAMPO "U" ZC 3/4" X 1/4"
A7: ABRACADEIRA VERGALHAO GRAMPO U ZC 1/2 X 1/4 DP 634-1 DISPAN
A8: ABRACADEIRA VERGALHAO GRAMPO U ZC 1/4 X 1/4 DP 634-0 DISPAN
A9: ABRACADEIRA VERGALHAO GRAMPO U ZC 2 X 1/4 DP 634-6 DISPAN
A10: ABRACADEIRA VERGALHAO GRAMPO U ZC 3/4 X 1/4 DP 634-2 DISPAN
A11: ABRACADEIRA, NYLON PRETA, 2,5 X 101MM, T-18 R, HELLERMANN
A12: ARRUELA ACABAMENTO ALUMÍNIO 1"BSP
... A267: Total Geral

Sheet Cotação
A1: Rótulos de Linha
A2: ABRACADEIRA VERGALHAO GRAMPO U ZC 1/4 X 1/4 DP 634-0 DISPAN
A3: ABRACADEIRA VERGALHAO GRAMPO U ZC 1/2 X 1/4 DP 634-1 DISPAN
A4: ABRACADEIRA VERGALHAO GRAMPO U ZC 3/4 X 1/4 DP 634-2 DISPAN
A5: ABRAÇADEIRA VERGALHÃO GRAMPO "U" ZC 1" X 1/4"
A6: ABRAÇADEIRA VERGALHÃO GRAMPO "U" ZC 1.1/2" X 1/4"
A7: ABRACADEIRA VERGALHAO GRAMPO U ZC 2 X 1/4 DP 634-6 DISPAN
A8: ABRACADEIRA, NYLON PRETA, 2,5 X 101MM, T-18 R, HELLERMANN
A9: ARRUELA ACABAMENTO ALUMÍNIO 3/4"BSP
A10: ARRUELA ACABAMENTO ALUMÍNIO 1"BSP
A11: ARRUELA ACABAMENTO ALUMÍNIO 1.1/2"BSP
A12: ARRUELA ACABAMENTO ALUMÍNIO 2"BSP
... A247: VERGALHÃO ROSCA TOTAL ZC 5/16" X 3000MM
