Workbook
Name Administrativo_Custo_Fx: '[1]Cockpit Retorno'!$D$41
Name Atendentes_Instr_Campo_QT: '[1]Calc Eng'!$B$53
Name Atendentes_Senior_QT: '[1]Calc Eng'!$B$51
Name Atendentes_Sistema_Processo_QT: '[1]Calc Eng'!$B$52
Name Atendentes_Total: '[1]Calc Eng'!$B$28
Name ATK_INTEG: SUM('[1]Resumo_HIA_HIC_HOC '!$Q$6:$Q$8)
Name ATK_LOG: '[1]Resumo_HIA_HIC_HOC '!$E$13
Name ATK_LOG_INT: '[1]Resumo_HIA_HIC_HOC '!$F$13
Name ATK_LOG_MOB: '[1]Resumo_HIA_HIC_HOC '!$G$13
Name ATK_MOA: '[1]Resumo_HIA_HIC_HOC '!$E$6
Name ATK_MOA_INT: '[1]Resumo_HIA_HIC_HOC '!$F$6
Name ATK_MOA_MOB: '[1]Resumo_HIA_HIC_HOC '!$G$6
Name ATK_MOB: '[1]Resumo_HIA_HIC_HOC '!$L$12
Name ATK_MOD: '[1]Resumo_HIA_HIC_HOC '!$E$8
Name ATK_MOD_INT: '[1]Resumo_HIA_HIC_HOC '!$F$8
Name ATK_MOD_MOB: '[1]Resumo_HIA_HIC_HOC '!$G$8
Name ATK_MOI: '[1]Resumo_HIA_HIC_HOC '!$E$7
Name ATK_MOI_INT: '[1]Resumo_HIA_HIC_HOC '!$F$7
Name ATK_MOI_MOB: '[1]Resumo_HIA_HIC_HOC '!$G$7
Name ATK_periculosidade: '[1]Resumo_HIA_HIC_HOC '!$E$10
Name ATK_Serviços: '[1]Cockpit Retorno'!$L$2
Name ATK_SSMA: '[1]Resumo_HIA_HIC_HOC '!$L$11
Name ATK_Turnover: '[1]Resumo_HIA_HIC_HOC '!$E$9
Name Base_REAJUSTE_MOD_E_MOI: '[1]Custo MO Impostos Obras'!$F$6
Name BDI: [1]BDI!$G$24
Name C_ADM_Geral: 0.1
Name Capital_Giro_ATM: '[1]Cockpit Retorno'!$C$42
Name Capital_Giro_Passivo_BNC_Passivo_Tributario_Tarifas_Advogados: '[1]Cockpit Retorno'!$AFR$174
Name Capital_Giro_Passivo_Custo_Fx: '[1]Cockpit Retorno'!$D$42
Name Casa_Total_Ocupantes: [1]TESTE_LOG_OBRA!$J$38
Name Cesta_Básica_Total: '[1]Resumo_HIA_HIC_HOC '!$G$23
Name Cofins__ATK: [1]Impostos_Taxas_ICMs!$I$31
Name Cofins__Sistema: [1]Impostos_Taxas_ICMs!$H$31
Name COFINS_lOG_MOB: [1]Impostos_Taxas_ICMs!$K$25
Name COFINS_M_S: [1]Impostos_Taxas_ICMs!$H$6
Name Comercial_Custo_Fx: '[1]Cockpit Retorno'!$AFB$174
Name Conteiner_Aluguel_Mes: '[1]Calc Eng'!$B$44
Name Contratação_LOG_Integração_Cliente: [1]HIC_Histograma_Integra_Cliente!$I$51
Name Contratação_Total__Logística: [1]HIA_Histograma_Integração_ATM!$J$51
Name CSLL: [1]Impostos_Taxas_ICMs!$H$28
Name Custo_Comercial__Plus: '[1]Cockpit Retorno'!$C$38
Name Custo_comercial_1: '[1]Cockpit Retorno'!$C$37
Name Custo_Contingência: '[1]Cockpit Retorno'!$C$45
Name Custo_Financeiro_Exclusivo_do_Contrato: '[1]Cockpit Retorno'!$C$43
Name Custo_fixo___Administrativo__Cartões__Carros__Manutenção__Custo_Consumo_interno__SSMA_interno__Alugueis__Luz__Água__Internet_Telefone__Material_escritório__Aquisições_Extra_OS__Totvs__Softwares: '[1]Cockpit Retorno'!$AFK$174
Name Custo_fixo_Adminstrativo: '[1]Cockpit Retorno'!$C$41
Name Custo_Impostos_Credito__Débito: '[1]Cockpit Retorno'!$K$32
Name Custo_Total: '[1]Cockpit Retorno'!$C$47
Name Custos_Viagens__Feiras__Marketing__Filiais: '[1]Cockpit Retorno'!$AFB$171
Name Debito_Impostos: '[1]Cockpit Retorno'!$K$32
Name Diária_Casa_Custo_Atendente: '[1]Calc Eng'!$B$3
Name Diária_Casa_Geral: '[1]Calc Eng'!$B$4
Name Diária_Completa_Sem_Transporte: '[1]Calc Eng'!$B$42
Name Diárias_Hotel_Avulsas_Custo: '[1]Calc Eng'!$B$5
Name Diárias_Hotel_Negociada_Custo: '[1]Calc Eng'!$B$6
Name Dias_Campo: '[1]Calc Eng'!$B$33
Name Dificuldade_Projeto: '[1]Calc Eng'!$K$68
Name Distância_Base_PLANTA: '[1]Calc Eng'!$B$38
Name Distância_STZ_BASE: '[1]Calc Eng'!$B$37
Name Dolar_Referencia: '[1]Cockpit Retorno'!$C$48

Sheet THEO
X5: Dias
X6: Dispositivo
X7: Driver
X8: Instrumento
X9: JB
X10: kg
X11: L
X12: m²
X13: m³
X14: Malhas contr.
X15: ml
X16: Motores
... X25: um
AC41: Profissionais
AC42: 1
AC43: 1.5
AC44: 2
AC45: 2.5
AC46: 3
AC47: 4
AC48: 5
AC49: 6
AC50: 7
AC51: 8
AC52: 9
AC53: 10
... AC63: 20
AL64: 0
AL65: 0.05
AI66: Alta | AJ66: 0.005 | AL66: 0.1
AI67: Extremamente Alta | AJ67: 0.02 | AL67: 0.15
AI68: Muito Alta | AJ68: 0.01 | AL68: 0.2
AI69: Esperado | AJ69: 0 | AL69: 0.25
AL70: 0.3
AL71: 0.35
AL72: 0.4
AJ73: Alta complexidade | AK73: 0.05 | AL73: 0.45
AJ74: Critica_Complicada | AK74: 0.03 | AL74: 0.5
AJ75: Critica_Rapida | AK75: 0.02 | AL75: 0.55
AJ76: Normal | AK76: 0 | AL76: 0.6
AL77: 0.65
AL78: 0.7
X79: 0.29166667 | AL79: 0.75
X80: 0.3125 | Y80: 0.55 | AL80: 0.8
X81: 0.33333333 | Y81: 0.6 | AL81: 0.85
X82: 0.35416667 | Y82: 0.65 | AL82: 0.9
X83: 0.36805556 | Y83: 0.7 | AI83: Extremamente Complexa | AJ83: 0.05 | AL83: 0.95
X84: 0.37152778 | Y84: 0.75 | AI84: Muito complexa | AJ84: 0.025 | AL84: 1 | AX84: Sim
X85: 0.375 | Y85: 0.8 | AI85: Complexa | AJ85: 0.01 | AX85: Não
X86: 0.38541667 | Y86: 0.85 | AI86: Simples | AJ86: 0
X87: 0.39583333 | Y87: 0.9
X88: 0.40625
X89: 0.41666667
AA95: 66
F100: Revisão | G100: THEO: Tabela de Horas Estimadas para Orçamento | BK100: X
F101: ='[1]Cockpit Retorno'!C34 -> Versão Aprovada 12/08/25- F-C-001-36- REV0 | M101: Grupos | O101: Horas Estimadas | P101: Pontos Importantes: 1- Votos reservados de cada participante. 2- Procure profissionais para votar que tenha experiencia na execução da tarefa. 3- Seja mediador, as vezes profissionais conhecem a tarefa mas não sabe calcular tempo. | X101: Horas de trabalho Média Dia | Y101: Rendimento do Profissional | Z101: =HOUR(X102)+(MINUTE(X102)/60) -> 9 | AA101: =Z101/9 -> 1 | AC101: Valores Estimados Médios R$ | AG101: Informações
M102: MOD_ Total Horas THEO | O102: =IF($AG$102=0,"Errado",SUM(AK109:AK609)) -> 50659.858 | X102: 0.375 | Y102: 0.7 | AC102: Valor Custo médio por hora : | AE102: 31.23 | AF102: =O102*AE102 -> 1582107.4 | AG102: 1 | AH102: Fator dificuldade na Execução da Tarefa da atividade propriamente dita. (Ex. Cabeamento na Vertical, Amarração cabo, etc) | AI102: Complexidade Documentação do RH - Portal, E social, cartão vacinas, Demora Retirar PT. Nível de segurança, critérios críticos com maquinas | AJ102: Dificuldades execução das atividades. Distancia, Logistica complicada, sujeira , ambiente complexo | AK102: =M102 -> MOD_ Total Horas THEO | AM102: =Total_Horas_THEO -> 50659.858 | AN102: Distribuição | CD102: X
M103: MOD_Horas Ajudantes THEO | N103: =Horas_Ajudantes_THEO/Total_Horas_THEO -> 0.71707854 | O103: =SUM(AM109:AM609) -> 36327.097 | X103: Fornecimento do MI (100%) será do Cliente ?? | AD103: Tarefa com Maior Duração na OBRA | AF103: =MAX(AF109:AF609) -> 155.48426 | AK103: =M103 -> MOD_Horas Ajudantes THEO | AM103: =Horas_Ajudantes_THEO -> 36327.097 | AN103: =N103 -> 0.71707854 | BY103: A | CD103: X
M104: MOD_ Horas de OFICIAIS THEO | N104: =100%-N103 -> 0.28292146 | O104: =IFERROR(O102-O103,0) -> 14332.761 | X104: Não | Y104: =IF(X104=Sim,1.025,1) -> 1 | AK104: =M104 -> MOD_ Horas de OFICIAIS THEO | AM104: =Horas_de_OFICIAIS_THEO -> 14332.761 | AN104: =N104 -> 0.28292146 | CD104: X
M105: MOD: Esta planilha é apoio para determinar quantidade de horas diretas MOD para serem trabalhadas no Histograma. Atento ao Histograma | O105: Rendimento Calculado Total | P105: =IFERROR(AVERAGEIF(P109:T609,">0,1"),"") -> 152 | U105: FEE_Plus | CD105: X
P106: =IFERROR(P107/$P$105,"") -> 1 | Q106: =IFERROR(Q107/$P$105,"") -> 0 | R106: =IFERROR(R107/$P$105,"") -> 0 | S106: =IFERROR(S107/$P$105,"") -> 0 | T106: =IFERROR(T107/$P$105,"") -> 0 | CD106: X
O107: =IFERROR(SUM(AG109:AG609)/SUM(AK109:AK609),0) -> 0.7 | P107: =IFERROR(AVERAGEIF(P109:P609,">0,1"),0) -> 152 | Q107: =IFERROR(AVERAGEIF(Q109:Q609,">0,1"),0) -> 0 | R107: =IFERROR(AVERAGEIF(R109:R609,">0,1"),0) -> 0 | S107: =IFERROR(AVERAGEIF(S109:S609,">0,1"),0) -> 0 | T107: =IFERROR(AVERAGEIF(T109:T609,">0,1"),0) -> 0 | U107: 0.05 | AD107: Equipe | AI107: Extremamente Complexa | AJ107: Normal | AK107: =SUM(AK109:AK609) -> 50659.858 | AL107: =AM107/AK107 -> 0.71707854 | AM107: =SUM(AM109:AM609) -> 36327.097 | AN107: =SUM(AN109:AN609) -> 14332.761 | BM107: X | CD107: X
A108: Sequencial | B108: REF BASE | C108: M | D108: REF | E108: I | F108: Divisão dos Grupos | G108: Setores/àreas | H108: Função OFICIAL Ou Indicada | I108: Altura Método Trabalho- 1 | J108: Altura Método Trabalho- 2 | K108: Tarefa a Executar | L108: M&P | M108: DESCRIÇÃO Tarefa / Atividade / Serviços Área Industrial. (Não Solar) | N108: Carga/Atividade Grupo/Potencia | O108: QTD item aplicado na OBRA | U108: Ref Ajustada | V108: Indicador Produção Dia x Base | W108: Média Votos Com REF | X108: UNID | Y108: Capacidade por dia | Z108: REF Nacional_ Pesquisa | AB108: Produção | AC108: Total Prof. | AD108: Qt Ajudantes/Meio Oficial/Tecnico | AE108: Qt de oficiais, Técnicos, Especialista, Lider | AF108: Quantidade de Dias Max | AG108: Horas Totais | AH108: Fator dificuldade na Execução da Tarefa | AI108: Complexidade Documentação do RH e Obras | AJ108: Tamanho da Planta, dificuldades de execução de tarefas, distancia Site. | AK108: HH Totais c/ Fator Dificuldades Rendimento Eficiência | AL108: Porcentagem de Ajudante | AM108: Total HH de Ajudantes | AN108: HH de Oficiais | AO108: Distribuição Percentual pela tarefa | AP108: Fator Altura1 | AQ108: Fator Altura2 | AR108: Media Fator Altura | AS108: Un/HH | AT108: Compair Dia | AU108: Dificuldade Indice | AV108: Segurança Indice | AW108: Complexidade Indice | AX108: Elevação Indicador | AY108: Arredondamento Unidade | AZ108: Dados Table | BA108: FEE_Reserva Capacidade | BB108: Altura | BC108: Dificuldades Condensada | BD108: Controle Variáveis Difíceis | BE108: Item/HH | BF108: Numero Profissionais Fixo | BG108: Controle Dia
A109: 1 | B109: 20 | C109: =IFERROR(AVERAGEIF(P109:T109,">0,1"),0) -> 0 | F109: Infra Estrutura Eletrica Instrumentação | H109: Instrumentista | I109: Andaime 25% | J109: Térreo 75% | K109: Montar | M109: Montagem linhas de tubings (Quantidade Instrumentos) | O109: 60 | U109: =B109*(1-$U$107) -> 19 | V109: =IF(IFERROR((1-BA109/AX109),"")=0%,"",IFERROR((1-BA109/AX109),"")) -> -0.11764706 | W109: =IFERROR(AVERAGEIF(P109:U109,">0,1"),"") -> 19 | X109: Instrumento | Y109: =_xlfn.CONCAT(AX109," ",X109,"/","Dia") -> 17 Instrumento/Dia | Z109: =_xlfn.CONCAT(AA109," ",X109," ","/ HH") -> 1,11 Instrumento / HH | AA109: =IFERROR(IF(B109=0,"",ROUND(AZ109,2)),0) -> 1.11 | AB109: =_xlfn.CONCAT(ROUND(AS109,1)," ",X109," /","HH") -> 0,9 Instrumento /HH | AC109: =AD109+AE109 -> 2 | AD109: 1 | AE109: 1 | AF109: =IFERROR(O109/AT109,0)/BG109 -> 3.5294118 | AG109: =AF109*AC109*$Z$101*$Y$104 -> 63.529412 | AH109: Esperado | AI109: =$AI$107 -> Extremamente Complexa | AJ109: =$AJ$107 -> Normal | AK109: =(AG109*(1+0)/$Y$102)*$Y$104 -> 90.756303 | AL109: =IFERROR(AD109/AC109,"") -> 0.5 | AM109: =IFERROR(AK109*AL109,"") -> 45.378151 | AN109: =IFERROR(AK109-AM109,"") -> 45.378151 | AO109: =IFERROR(AK109/$AK$107,"") -> 0.0017914836 | AP109: =IFERROR(VLOOKUP(I109,$J$1070:$K$1089,2,1),0) -> 0.93 | AQ109: =IFERROR(VLOOKUP(J109,$J$1070:$K$1089,2,1),0) -> 0.98 | AR109: =IF(O109=0,1,IF(I109=0,AQ109,IF(J109=0,AP109,SMALL(AP109:AQ109,1)))) -> 0.93 | AS109: =IFERROR(O109/AG109,0) -> 0.94444444 | AT109: =IF(X109=$X$5,1,AX109) -> 17 | AU109: =VLOOKUP(AH109,$AI$66:$AJ$69,2,0) -> 0 | AV109: =VLOOKUP(AJ109,$AJ$73:$AK$76,2,1) -> 0 | AW109: =VLOOKUP(AI109,$AI$83:$AJ$86,2,0) -> 0.05 | AX109: =ROUND((IFERROR(AVERAGEIF(P109:U109,">0,1"),0)*BD109),0) -> 17 | AY109: =IFERROR(ROUND(AS109,1)-AA109,"") -> -0.21 | AZ109: =IFERROR(VLOOKUP(M109,'[1]Base Brasil Obras'!$C$2:$F$485,4,0),"") -> 1.1111111 | BA109: =B109*(1-$U$107) -> 19 | BB109: =1-AR109 -> 0.07 | BC109: =AU109+AV109+AW109 -> 0.05 | BD109: =1-(BB109+BC109) -> 0.88 | BE109: =IFERROR(B109/(AC109*$Z$101),0) -> 1.1111111 | BF109: 2 | BG109: =IFERROR(AC109/BF109,1) -> 1
A110: 2 | B110: 30 | C110: =IFERROR(AVERAGEIF(P110:T110,">0,1"),0) -> 54 | F110: Infra Estrutura Eletrica Instrumentação | H110: Soldador | I110: Térreo 50% | J110: Andaime 50% | K110: Montar | M110: Montagem de suportes metálicos no campo (perfilados, cantoneiras)(Quantidade Suportes) | O110: =SUMIF([1]Mestre!$G$137:$G$409,THEO!A110,[1]Mestre!$AG$137:$AG$409)/4 -> 2862.5025 | P110: 54 | U110: =B110*(1-$U$107) -> 28.5 | V110: =IF(IFERROR((1-BA110/AX110),"")=0%,"",IFERROR((1-BA110/AX110),"")) -> 0.18571429 | W110: =IFERROR(AVERAGEIF(P110:U110,">0,1"),"") -> 41.25 | X110: Suporte | Y110: =_xlfn.CONCAT(AX110," ",X110,"/","Dia") -> 35 Suporte/Dia | Z110: =_xlfn.CONCAT(AA110," ",X110," ","/ HH") -> 1,67 Suporte / HH | AA110: =IFERROR(IF(B110=0,"",ROUND(AZ110,2)),0) -> 1.67 | AB110: =_xlfn.CONCAT(ROUND(AS110,1)," ",X110," /","HH") -> 1,9 Suporte /HH | AC110: =AD110+AE110 -> 2 | AD110: 1 | AE110: 1 | AF110: =IFERROR(O110/AT110,0)/BG110 -> 81.785786 | AG110: =AF110*AC110*$Z$101*$Y$104 -> 1472.1441 | AH110: Esperado | AI110: =$AI$107 -> Extremamente Complexa | AJ110: =$AJ$107 -> Normal | AK110: =(AG110*(1+0)/$Y$102)*$Y$104 -> 2103.0631 | AL110: =IFERROR(AD110/AC110,"") -> 0.5 | AM110: =IFERROR(AK110*AL110,"") -> 1051.5315 | AN110: =IFERROR(AK110-AM110,"") -> 1051.5315 | AO110: =IFERROR(AK110/$AK$107,"") -> 0.041513402 | AP110: =IFERROR(VLOOKUP(I110,$J$1070:$K$1089,2,1),0) -> 0.95 | AQ110: =IFERROR(VLOOKUP(J110,$J$1070:$K$1089,2,1),0) -> 0.9 | AR110: =IF(O110=0,1,IF(I110=0,AQ110,IF(J110=0,AP110,SMALL(AP110:AQ110,1)))) -> 0.9 | AS110: =IFERROR(O110/AG110,0) -> 1.9444444 | AT110: =IF(X110=$X$5,1,AX110) -> 35 | AU110: =VLOOKUP(AH110,$AI$66:$AJ$69,2,0) -> 0 | AV110: =VLOOKUP(AJ110,$AJ$73:$AK$76,2,1) -> 0 | AW110: =VLOOKUP(AI110,$AI$83:$AJ$86,2,0) -> 0.05 | AX110: =ROUND((IFERROR(AVERAGEIF(P110:U110,">0,1"),0)*BD110),0) -> 35 | AY110: =IFERROR(ROUND(AS110,1)-AA110,"") -> 0.23 | AZ110: =IFERROR(VLOOKUP(M110,'[1]Base Brasil Obras'!$C$2:$F$485,4,0),"") -> 1.6666667 | BA110: =B110*(1-$U$107) -> 28.5 | BB110: =1-AR110 -> 0.1 | BC110: =AU110+AV110+AW110 -> 0.05 | BD110: =1-(BB110+BC110) -> 0.85 | BE110: =IFERROR(B110/(AC110*$Z$101),0) -> 1.6666667 | BF110: 2 | BG110: =IFERROR(AC110/BF110,1) -> 1
A111: 3 | B111: 40 | C111: =IFERROR(AVERAGEIF(P111:T111,">0,1"),0) -> 250 | F111: Infra Estrutura Eletrica Instrumentação | H111: Caldeireiro | I111: Térreo 100% | J111: Andaime 0% | K111: Fabricar | M111: Fabricação Suportes metálicos (site) (perfilados, cantoneiras, trilhos). (Quantidade Suportes) | O111: =O110 -> 2862.5025 | P111: 250 | U111: =B111*(1-$U$107) -> 38 | V111: =IF(IFERROR((1-BA111/AX111),"")=0%,"",IFERROR((1-BA111/AX111),"")) -> 0.71641791 | W111: =IFERROR(AVERAGEIF(P111:U111,">0,1"),"") -> 144 | X111: Suporte | Y111: =_xlfn.CONCAT(AX111," ",X111,"/","Dia") -> 134 Suporte/Dia | Z111: =_xlfn.CONCAT(AA111," ",X111," ","/ HH") -> 2,22 Suporte / HH | AA111: =IFERROR(IF(B111=0,"",ROUND(AZ111,2)),0) -> 2.22 | AB111: =_xlfn.CONCAT(ROUND(AS111,1)," ",X111," /","HH") -> 7,4 Suporte /HH | AC111: =AD111+AE111 -> 2 | AD111: 1 | AE111: 1 | AF111: =IFERROR(O111/AT111,0)/BG111 -> 21.361959 | AG111: =AF111*AC111*$Z$101*$Y$104 -> 384.51526 | AH111: Extremamente Alta | AI111: =$AI$107 -> Extremamente Complexa | AJ111: =$AJ$107 -> Normal | AK111: =(AG111*(1+0)/$Y$102)*$Y$104 -> 549.30752 | AL111: =IFERROR(AD111/AC111,"") -> 0.5 | AM111: =IFERROR(AK111*AL111,"") -> 274.65376 | AN111: =IFERROR(AK111-AM111,"") -> 274.65376 | AO111: =IFERROR(AK111/$AK$107,"") -> 0.010843053 | AP111: =IFERROR(VLOOKUP(I111,$J$1070:$K$1089,2,1),0) -> 1 | AQ111: =IFERROR(VLOOKUP(J111,$J$1070:$K$1089,2,1),0) -> 1 | AR111: =IF(O111=0,1,IF(I111=0,AQ111,IF(J111=0,AP111,SMALL(AP111:AQ111,1)))) -> 1 | AS111: =IFERROR(O111/AG111,0) -> 7.4444444 | AT111: =IF(X111=$X$5,1,AX111) -> 134 | AU111: =VLOOKUP(AH111,$AI$66:$AJ$69,2,0) -> 0.02 | AV111: =VLOOKUP(AJ111,$AJ$73:$AK$76,2,1) -> 0 | AW111: =VLOOKUP(AI111,$AI$83:$AJ$86,2,0) -> 0.05 | AX111: =ROUND((IFERROR(AVERAGEIF(P111:U111,">0,1"),0)*BD111),0) -> 134 | AY111: =IFERROR(ROUND(AS111,1)-AA111,"") -> 5.18 | AZ111: =IFERROR(VLOOKUP(M111,'[1]Base Brasil Obras'!$C$2:$F$485,4,0),"") -> 2.2222222 | BA111: =B111*(1-$U$107) -> 38 | BB111: =1-AR111 -> 0 | BC111: =AU111+AV111+AW111 -> 0.07 | BD111: =1-(BB111+BC111) -> 0.93 | BE111: =IFERROR(B111/(AC111*$Z$101),0) -> 2.2222222 | BF111: 2 | BG111: =IFERROR(AC111/BF111,1) -> 1
A112: 4 | B112: 20 | C112: =IFERROR(AVERAGEIF(P112:T112,">0,1"),0) -> 0 | F112: Instalação Dispositivos | H112: Instrumentista | I112: Térreo 100% | J112: Andaime 0% | K112: Montar | M112: Montagem de manifolds nos instrumentos (Quantidade Manifolds) | O112: =SUMIF([1]Mestre!$G$137:$G$409,THEO!A112,[1]Mestre!$AG$137:$AG$409) -> 0 | U112: =B112*(1-$U$107) -> 19 | V112: =IF(IFERROR((1-BA112/AX112),"")=0%,"",IFERROR((1-BA112/AX112),"")) -> -0.055555556 | W112: =IFERROR(AVERAGEIF(P112:U112,">0,1"),"") -> 19 | X112: pç | Y112: =_xlfn.CONCAT(AX112," ",X112,"/","Dia") -> 18 pç/Dia | Z112: =_xlfn.CONCAT(AA112," ",X112," ","/ HH") -> 1,11 pç / HH | AA112: =IFERROR(IF(B112=0,"",ROUND(AZ112,2)),0) -> 1.11 | AB112: =_xlfn.CONCAT(ROUND(AS112,1)," ",X112," /","HH") -> 0 pç /HH | AC112: =AD112+AE112 -> 2 | AD112: 2 | AE112: 0 | AF112: =IFERROR(O112/AT112,0)/BG112 -> 0 | AG112: =AF112*AC112*$Z$101*$Y$104 -> 0 | AH112: Esperado | AI112: =$AI$107 -> Extremamente Complexa | AJ112: =$AJ$107 -> Normal | AK112: =(AG112*(1+0)/$Y$102)*$Y$104 -> 0 | AL112: =IFERROR(AD112/AC112,"") -> 1 | AM112: =IFERROR(AK112*AL112,"") -> 0 | AN112: =IFERROR(AK112-AM112,"") -> 0 | AO112: =IFERROR(AK112/$AK$107,"") -> 0 | AP112: =IFERROR(VLOOKUP(I112,$J$1070:$K$1089,2,1),0) -> 1 | AQ112: =IFERROR(VLOOKUP(J112,$J$1070:$K$1089,2,1),0) -> 1 | AR112: =IF(O112=0,1,IF(I112=0,AQ112,IF(J112=0,AP112,SMALL(AP112:AQ112,1)))) -> 1 | AS112: =IFERROR(O112/AG112,0) -> 0 | AT112: =IF(X112=$X$5,1,AX112) -> 18 | AU112: =VLOOKUP(AH112,$AI$66:$AJ$69,2,0) -> 0 | AV112: =VLOOKUP(AJ112,$AJ$73:$AK$76,2,1) -> 0 | AW112: =VLOOKUP(AI112,$AI$83:$AJ$86,2,0) -> 0.05 | AX112: =ROUND((IFERROR(AVERAGEIF(P112:U112,">0,1"),0)*BD112),0) -> 18 | AY112: =IFERROR(ROUND(AS112,1)-AA112,"") -> -1.11 | AZ112: =IFERROR(VLOOKUP(M112,'[1]Base Brasil Obras'!$C$2:$F$485,4,0),"") -> 1.1111111 | BA112: =B112*(1-$U$107) -> 19 | BB112: =1-AR112 -> 0 | BC112: =AU112+AV112+AW112 -> 0.05 | BD112: =1-(BB112+BC112) -> 0.95 | BE112: =IFERROR(B112/(AC112*$Z$101),0) -> 1.1111111 | BF112: 2 | BG112: =IFERROR(AC112/BF112,1) -> 1
A113: 5 | B113: 60 | C113: =IFERROR(AVERAGEIF(P113:T113,">0,1"),0) -> 0 | F113: Infra Estrutura Eletrica Instrumentação | H113: Eletricista | I113: Térreo 100% | J113: Andaime 0% | K113: Montar | M113: Montagem de infraestrutura para rede Informática (canaletas, racks, bandejas) (Metros Estimados) | O113: =SUMIF([1]Mestre!$G$137:$G$409,THEO!A113,[1]Mestre!$AG$137:$AG$409) -> 0 | U113: =B113*(1-$U$107) -> 57 | V113: =IF(IFERROR((1-BA113/AX113),"")=0%,"",IFERROR((1-BA113/AX113),"")) -> -0.055555556 | W113: =IFERROR(AVERAGEIF(P113:U113,">0,1"),"") -> 57 | X113: mt | Y113: =_xlfn.CONCAT(AX113," ",X113,"/","Dia") -> 54 mt/Dia | Z113: =_xlfn.CONCAT(AA113," ",X113," ","/ HH") -> 2,22 mt / HH | AA113: =IFERROR(IF(B113=0,"",ROUND(AZ113,2)),0) -> 2.22 | AB113: =_xlfn.CONCAT(ROUND(AS113,1)," ",X113," /","HH") -> 0 mt /HH | AC113: =AD113+AE113 -> 3 | AD113: 2 | AE113: 1 | AF113: =IFERROR(O113/AT113,0)/BG113 -> 0 | AG113: =AF113*AC113*$Z$101*$Y$104 -> 0 | AH113: Esperado | AI113: =$AI$107 -> Extremamente Complexa | AJ113: =$AJ$107 -> Normal | AK113: =(AG113*(1+0)/$Y$102)*$Y$104 -> 0 | AL113: =IFERROR(AD113/AC113,"") -> 0.66666667 | AM113: =IFERROR(AK113*AL113,"") -> 0 | AN113: =IFERROR(AK113-AM113,"") -> 0 | AO113: =IFERROR(AK113/$AK$107,"") -> 0 | AP113: =IFERROR(VLOOKUP(I113,$J$1070:$K$1089,2,1),0) -> 1 | AQ113: =IFERROR(VLOOKUP(J113,$J$1070:$K$1089,2,1),0) -> 1 | AR113: =IF(O113=0,1,IF(I113=0,AQ113,IF(J113=0,AP113,SMALL(AP113:AQ113,1)))) -> 1 | AS113: =IFERROR(O113/AG113,0) -> 0 | AT113: =IF(X113=$X$5,1,AX113) -> 54 | AU113: =VLOOKUP(AH113,$AI$66:$AJ$69,2,0) -> 0 | AV113: =VLOOKUP(AJ113,$AJ$73:$AK$76,2,1) -> 0 | AW113: =VLOOKUP(AI113,$AI$83:$AJ$86,2,0) -> 0.05 | AX113: =ROUND((IFERROR(AVERAGEIF(P113:U113,">0,1"),0)*BD113),0) -> 54 | AY113: =IFERROR(ROUND(AS113,1)-AA113,"") -> -2.22 | AZ113: =IFERROR(VLOOKUP(M113,'[1]Base Brasil Obras'!$C$2:$F$485,4,0),"") -> 2.2222222 | BA113: =B113*(1-$U$107) -> 57 | BB113: =1-AR113 -> 0 | BC113: =AU113+AV113+AW113 -> 0.05 | BD113: =1-(BB113+BC113) -> 0.95 | BE113: =IFERROR(B113/(AC113*$Z$101),0) -> 2.2222222 | BF113: 3 | BG113: =IFERROR(AC113/BF113,1) -> 1
A114: 6 | B114: 60 | C114: =IFERROR(AVERAGEIF(P114:T114,">0,1"),0) -> 0 | F114: Infra Estrutura Eletrica Instrumentação | H114: Montador | I114: PTA 50% | J114: Andaime 50% | K114: Montar | M114: Montagem de eletrocalhas metálicas até 500 x (100 a 200 mm)(Metros) | O114: =SUMIF([1]Mestre!$G$137:$G$409,THEO!A114,[1]Mestre!$AG$137:$AG$409)*3 -> 4422 | U114: =B114*(1-$U$107) -> 57 | V114: =IF(IFERROR((1-BA114/AX114),"")=0%,"",IFERROR((1-BA114/AX114),"")) -> -0.1875 | W114: =IFERROR(AVERAGEIF(P114:U114,">0,1"),"") -> 57 | X114: mt | Y114: =_xlfn.CONCAT(AX114," ",X114,"/","Dia") -> 48 mt/Dia | Z114: =_xlfn.CONCAT(AA114," ",X114," ","/ HH") -> 2,22 mt / HH | AA114: =IFERROR(IF(B114=0,"",ROUND(AZ114,2)),0) -> 2.22 | AB114: =_xlfn.CONCAT(ROUND(AS114,1)," ",X114," /","HH") -> 1,8 mt /HH | AC114: =AD114+AE114 -> 3 | AD114: 2 | AE114: 1 | AF114: =IFERROR(O114/AT114,0)/BG114 -> 92.125 | AG114: =AF114*AC114*$Z$101*$Y$104 -> 2487.375 | AH114: Esperado | AI114: =$AI$107 -> Extremamente Complexa | AJ114: =$AJ$107 -> Normal | AK114: =(AG114*(1+0)/$Y$102)*$Y$104 -> 3553.3929 | AL114: =IFERROR(AD114/AC114,"") -> 0.66666667 | AM114: =IFERROR(AK114*AL114,"") -> 2368.9286 | AN114: =IFERROR(AK114-AM114,"") -> 1184.4643 | AO114: =IFERROR(AK114/$AK$107,"") -> 0.07014218 | AP114: =IFERROR(VLOOKUP(I114,$J$1070:$K$1089,2,1),0) -> 0.93 | AQ114: =IFERROR(VLOOKUP(J114,$J$1070:$K$1089,2,1),0) -> 0.9 | AR114: =IF(O114=0,1,IF(I114=0,AQ114,IF(J114=0,AP114,SMALL(AP114:AQ114,1)))) -> 0.9 | AS114: =IFERROR(O114/AG114,0) -> 1.7777778 | AT114: =IF(X114=$X$5,1,AX114) -> 48 | AU114: =VLOOKUP(AH114,$AI$66:$AJ$69,2,0) -> 0 | AV114: =VLOOKUP(AJ114,$AJ$73:$AK$76,2,1) -> 0 | AW114: =VLOOKUP(AI114,$AI$83:$AJ$86,2,0) -> 0.05 | AX114: =ROUND((IFERROR(AVERAGEIF(P114:U114,">0,1"),0)*BD114),0) -> 48 | AY114: =IFERROR(ROUND(AS114,1)-AA114,"") -> -0.42 | AZ114: =IFERROR(VLOOKUP(M114,'[1]Base Brasil Obras'!$C$2:$F$485,4,0),"") -> 2.2222222 | BA114: =B114*(1-$U$107) -> 57 | BB114: =1-AR114 -> 0.1 | BC114: =AU114+AV114+AW114 -> 0.05 | BD114: =1-(BB114+BC114) -> 0.85 | BE114: =IFERROR(B114/(AC114*$Z$101),0) -> 2.2222222 | BF114: 3 | BG114: =IFERROR(AC114/BF114,1) -> 1
A115: 7 | B115: 40 | C115: =IFERROR(AVERAGEIF(P115:T115,">0,1"),0) -> 0 | F115: Infra Estrutura Eletrica Instrumentação | H115: Montador | I115: Térreo 100% | J115: Andaime 0% | K115: Montar | M115: Montagem de eletrocalhas metálicas até 1500 x (100 a 200 mm) (Metros) | O115: =SUMIF([1]Mestre!$G$137:$G$409,THEO!A115,[1]Mestre!$AG$137:$AG$409) -> 0 | U115: =B115*(1-$U$107) -> 38 | V115: =IF(IFERROR((1-BA115/AX115),"")=0%,"",IFERROR((1-BA115/AX115),"")) -> -0.055555556 | W115: =IFERROR(AVERAGEIF(P115:U115,">0,1"),"") -> 38 | X115: mt | Y115: =_xlfn.CONCAT(AX115," ",X115,"/","Dia") -> 36 mt/Dia | Z115: =_xlfn.CONCAT(AA115," ",X115," ","/ HH") -> 1,48 mt / HH | AA115: =IFERROR(IF(B115=0,"",ROUND(AZ115,2)),0) -> 1.48 | AB115: =_xlfn.CONCAT(ROUND(AS115,1)," ",X115," /","HH") -> 0 mt /HH | AC115: =AD115+AE115 -> 3 | AD115: 2 | AE115: 1 | AF115: =IFERROR(O115/AT115,0)/BG115 -> 0 | AG115: =AF115*AC115*$Z$101*$Y$104 -> 0 | AH115: Esperado | AI115: =$AI$107 -> Extremamente Complexa | AJ115: =$AJ$107 -> Normal | AK115: =(AG115*(1+0)/$Y$102)*$Y$104 -> 0 | AL115: =IFERROR(AD115/AC115,"") -> 0.66666667 | AM115: =IFERROR(AK115*AL115,"") -> 0 | AN115: =IFERROR(AK115-AM115,"") -> 0 | AO115: =IFERROR(AK115/$AK$107,"") -> 0 | AP115: =IFERROR(VLOOKUP(I115,$J$1070:$K$1089,2,1),0) -> 1 | AQ115: =IFERROR(VLOOKUP(J115,$J$1070:$K$1089,2,1),0) -> 1 | AR115: =IF(O115=0,1,IF(I115=0,AQ115,IF(J115=0,AP115,SMALL(AP115:AQ115,1)))) -> 1 | AS115: =IFERROR(O115/AG115,0) -> 0 | AT115: =IF(X115=$X$5,1,AX115) -> 36 | AU115: =VLOOKUP(AH115,$AI$66:$AJ$69,2,0) -> 0 | AV115: =VLOOKUP(AJ115,$AJ$73:$AK$76,2,1) -> 0 | AW115: =VLOOKUP(AI115,$AI$83:$AJ$86,2,0) -> 0.05 | AX115: =ROUND((IFERROR(AVERAGEIF(P115:U115,">0,1"),0)*BD115),0) -> 36 | AY115: =IFERROR(ROUND(AS115,1)-AA115,"") -> -1.48 | AZ115: =IFERROR(VLOOKUP(M115,'[1]Base Brasil Obras'!$C$2:$F$485,4,0),"") -> 1.4814815 | BA115: =B115*(1-$U$107) -> 38 | BB115: =1-AR115 -> 0 | BC115: =AU115+AV115+AW115 -> 0.05 | BD115: =1-(BB115+BC115) -> 0.95 | BE115: =IFERROR(B115/(AC115*$Z$101),0) -> 1.4814815 | BF115: 3 | BG115: =IFERROR(AC115/BF115,1) -> 1
A116: 8 | B116: 60 | C116: =IFERROR(AVERAGEIF(P116:T116,">0,1"),0) -> 0 | F116: Infra Estrutura Eletrica Instrumentação | H116: Montador | I116: PTA 50% | J116: Andaime 50% | K116: Montar | M116: Montagem de leitos metálicos até 500 mm (Metros) | O116: =SUMIF([1]Mestre!$G$137:$G$409,THEO!A116,[1]Mestre!$AG$137:$AG$409)*3 -> 1770 | U116: =B116*(1-$U$107) -> 57 | V116: =IF(IFERROR((1-BA116/AX116),"")=0%,"",IFERROR((1-BA116/AX116),"")) -> -0.1875 | W116: =IFERROR(AVERAGEIF(P116:U116,">0,1"),"") -> 57 | X116: mt | Y116: =_xlfn.CONCAT(AX116," ",X116,"/","Dia") -> 48 mt/Dia | Z116: =_xlfn.CONCAT(AA116," ",X116," ","/ HH") -> 2,22 mt / HH | AA116: =IFERROR(IF(B116=0,"",ROUND(AZ116,2)),0) -> 2.22 | AB116: =_xlfn.CONCAT(ROUND(AS116,1)," ",X116," /","HH") -> 1,8 mt /HH | AC116: =AD116+AE116 -> 3 | AD116: 2 | AE116: 1 | AF116: =IFERROR(O116/AT116,0)/BG116 -> 36.875 | AG116: =AF116*AC116*$Z$101*$Y$104 -> 995.625 | AH116: Esperado | AI116: =$AI$107 -> Extremamente Complexa | AJ116: =$AJ$107 -> Normal | AK116: =(AG116*(1+0)/$Y$102)*$Y$104 -> 1422.3214 | AL116: =IFERROR(AD116/AC116,"") -> 0.66666667 | AM116: =IFERROR(AK116*AL116,"") -> 948.21429 | AN116: =IFERROR(AK116-AM116,"") -> 474.10714 | AO116: =IFERROR(AK116/$AK$107,"") -> 0.028075906 | AP116: =IFERROR(VLOOKUP(I116,$J$1070:$K$1089,2,1),0) -> 0.93 | AQ116: =IFERROR(VLOOKUP(J116,$J$1070:$K$1089,2,1),0) -> 0.9 | AR116: =IF(O116=0,1,IF(I116=0,AQ116,IF(J116=0,AP116,SMALL(AP116:AQ116,1)))) -> 0.9 | AS116: =IFERROR(O116/AG116,0) -> 1.7777778 | AT116: =IF(X116=$X$5,1,AX116) -> 48 | AU116: =VLOOKUP(AH116,$AI$66:$AJ$69,2,0) -> 0 | AV116: =VLOOKUP(AJ116,$AJ$73:$AK$76,2,1) -> 0 | AW116: =VLOOKUP(AI116,$AI$83:$AJ$86,2,0) -> 0.05 | AX116: =ROUND((IFERROR(AVERAGEIF(P116:U116,">0,1"),0)*BD116),0) -> 48 | AY116: =IFERROR(ROUND(AS116,1)-AA116,"") -> -0.42 | AZ116: =IFERROR(VLOOKUP(M116,'[1]Base Brasil Obras'!$C$2:$F$485,4,0),"") -> 2.2222222 | BA116: =B116*(1-$U$107) -> 57 | BB116: =1-AR116 -> 0.1 | BC116: =AU116+AV116+AW116 -> 0.05 | BD116: =1-(BB116+BC116) -> 0.85 | BE116: =IFERROR(B116/(AC116*$Z$101),0) -> 2.2222222 | BF116: 3 | BG116: =IFERROR(AC116/BF116,1) -> 1
A117: 9 | B117: 50 | C117: =IFERROR(AVERAGEIF(P117:T117,">0,1"),0) -> 0 | F117: Infra Estrutura Eletrica Instrumentação | H117: Montador | I117: PTA 50% | J117: Andaime 50% | K117: Montar | M117: Montagem de leitos metálicos acima de 500 mm (Metros) | O117: =SUMIF([1]Mestre!$G$137:$G$409,THEO!A117,[1]Mestre!$AG$137:$AG$409)*3 -> 1455 | U117: =B117*(1-$U$107) -> 47.5 | V117: =IF(IFERROR((1-BA117/AX117),"")=0%,"",IFERROR((1-BA117/AX117),"")) -> -0.1875 | W117: =IFERROR(AVERAGEIF(P117:U117,">0,1"),"") -> 47.5 | X117: mt | Y117: =_xlfn.CONCAT(AX117," ",X117,"/","Dia") -> 40 mt/Dia | Z117: =_xlfn.CONCAT(AA117," ",X117," ","/ HH") -> 1,85 mt / HH | AA117: =IFERROR(IF(B117=0,"",ROUND(AZ117,2)),0) -> 1.85 | AB117: =_xlfn.CONCAT(ROUND(AS117,1)," ",X117," /","HH") -> 1,5 mt /HH | AC117: =AD117+AE117 -> 3 | AD117: 2 | AE117: 1 | AF117: =IFERROR(O117/AT117,0)/BG117 -> 36.375 | AG117: =AF117*AC117*$Z$101*$Y$104 -> 982.125 | AH117: Esperado | AI117: =$AI$107 -> Extremamente Complexa | AJ117: =$AJ$107 -> Normal | AK117: =(AG117*(1+0)/$Y$102)*$Y$104 -> 1403.0357 | AL117: =IFERROR(AD117/AC117,"") -> 0.66666667 | AM117: =IFERROR(AK117*AL117,"") -> 935.35714 | AN117: =IFERROR(AK117-AM117,"") -> 467.67857 | AO117: =IFERROR(AK117/$AK$107,"") -> 0.027695216 | AP117: =IFERROR(VLOOKUP(I117,$J$1070:$K$1089,2,1),0) -> 0.93 | AQ117: =IFERROR(VLOOKUP(J117,$J$1070:$K$1089,2,1),0) -> 0.9 | AR117: =IF(O117=0,1,IF(I117=0,AQ117,IF(J117=0,AP117,SMALL(AP117:AQ117,1)))) -> 0.9 | AS117: =IFERROR(O117/AG117,0) -> 1.4814815 | AT117: =IF(X117=$X$5,1,AX117) -> 40 | AU117: =VLOOKUP(AH117,$AI$66:$AJ$69,2,0) -> 0 | AV117: =VLOOKUP(AJ117,$AJ$73:$AK$76,2,1) -> 0 | AW117: =VLOOKUP(AI117,$AI$83:$AJ$86,2,0) -> 0.05 | AX117: =ROUND((IFERROR(AVERAGEIF(P117:U117,">0,1"),0)*BD117),0) -> 40 | AY117: =IFERROR(ROUND(AS117,1)-AA117,"") -> -0.35 | AZ117: =IFERROR(VLOOKUP(M117,'[1]Base Brasil Obras'!$C$2:$F$485,4,0),"") -> 1.8518519 | BA117: =B117*(1-$U$107) -> 47.5 | BB117: =1-AR117 -> 0.1 | BC117: =AU117+AV117+AW117 -> 0.05 | BD117: =1-(BB117+BC117) -> 0.85 | BE117: =IFERROR(B117/(AC117*$Z$101),0) -> 1.8518519 | BF117: 3 | BG117: =IFERROR(AC117/BF117,1) -> 1
A118: 10 | B118: 70 | C118: =IFERROR(AVERAGEIF(P118:T118,">0,1"),0) -> 0 | F118: Infra Estrutura Eletrica Instrumentação | H118: Montador | I118: Térreo 100% | J118: Andaime 0% | K118: Montar | M118: Montagem de Eletrocalhas aramadas. (Metros) | O118: =SUMIF([1]Mestre!$G$137:$G$409,THEO!A118,[1]Mestre!$AG$137:$AG$409) -> 0 | U118: =B118*(1-$U$107) -> 66.5 | V118: =IF(IFERROR((1-BA118/AX118),"")=0%,"",IFERROR((1-BA118/AX118),"")) -> -0.055555556 | W118: =IFERROR(AVERAGEIF(P118:U118,">0,1"),"") -> 66.5 | X118: mt | Y118: =_xlfn.CONCAT(AX118," ",X118,"/","Dia") -> 63 mt/Dia | Z118: =_xlfn.CONCAT(AA118," ",X118," ","/ HH") -> 2,59 mt / HH | AA118: =IFERROR(IF(B118=0,"",ROUND(AZ118,2)),0) -> 2.59 | AB118: =_xlfn.CONCAT(ROUND(AS118,1)," ",X118," /","HH") -> 0 mt /HH | AC118: =AD118+AE118 -> 3 | AD118: 2 | AE118: 1 | AF118: =IFERROR(O118/AT118,0)/BG118 -> 0 | AG118: =AF118*AC118*$Z$101*$Y$104 -> 0 | AH118: Esperado | AI118: =$AI$107 -> Extremamente Complexa | AJ118: =$AJ$107 -> Normal | AK118: =(AG118*(1+0)/$Y$102)*$Y$104 -> 0 | AL118: =IFERROR(AD118/AC118,"") -> 0.66666667 | AM118: =IFERROR(AK118*AL118,"") -> 0 | AN118: =IFERROR(AK118-AM118,"") -> 0 | AO118: =IFERROR(AK118/$AK$107,"") -> 0 | AP118: =IFERROR(VLOOKUP(I118,$J$1070:$K$1089,2,1),0) -> 1 | AQ118: =IFERROR(VLOOKUP(J118,$J$1070:$K$1089,2,1),0) -> 1 | AR118: =IF(O118=0,1,IF(I118=0,AQ118,IF(J118=0,AP118,SMALL(AP118:AQ118,1)))) -> 1 | AS118: =IFERROR(O118/AG118,0) -> 0 | AT118: =IF(X118=$X$5,1,AX118) -> 63 | AU118: =VLOOKUP(AH118,$AI$66:$AJ$69,2,0) -> 0 | AV118: =VLOOKUP(AJ118,$AJ$73:$AK$76,2,1) -> 0 | AW118: =VLOOKUP(AI118,$AI$83:$AJ$86,2,0) -> 0.05 | AX118: =ROUND((IFERROR(AVERAGEIF(P118:U118,">0,1"),0)*BD118),0) -> 63 | AY118: =IFERROR(ROUND(AS118,1)-AA118,"") -> -2.59 | AZ118: =IFERROR(VLOOKUP(M118,'[1]Base Brasil Obras'!$C$2:$F$485,4,0),"") -> 2.5925926 | BA118: =B118*(1-$U$107) -> 66.5 | BB118: =1-AR118 -> 0 | BC118: =AU118+AV118+AW118 -> 0.05 | BD118: =1-(BB118+BC118) -> 0.95 | BE118: =IFERROR(B118/(AC118*$Z$101),0) -> 2.5925926 | BF118: 3 | BG118: =IFERROR(AC118/BF118,1) -> 1
A119: 11 | B119: 60 | C119: =IFERROR(AVERAGEIF(P119:T119,">0,1"),0) -> 0 | F119: Infra Estrutura Eletrica Instrumentação | H119: Montador | I119: PTA 50% | J119: Andaime 50% | K119: Montar | M119: Montagem de Eletrodutos. 1/2" a 1" (Metros) | O119: =SUMIF([1]Mestre!$G$137:$G$409,THEO!A119,[1]Mestre!$AG$137:$AG$409)*3 -> 3816 | U119: =B119*(1-$U$107) -> 57 | V119: =IF(IFERROR((1-BA119/AX119),"")=0%,"",IFERROR((1-BA119/AX119),"")) -> -0.1875 | W119: =IFERROR(AVERAGEIF(P119:U119,">0,1"),"") -> 57 | X119: mt | Y119: =_xlfn.CONCAT(AX119," ",X119,"/","Dia") -> 48 mt/Dia | Z119: =_xlfn.CONCAT(AA119," ",X119," ","/ HH") -> 2,22 mt / HH | AA119: =IFERROR(IF(B119=0,"",ROUND(AZ119,2)),0) -> 2.22 | AB119: =_xlfn.CONCAT(ROUND(AS119,1)," ",X119," /","HH") -> 1,8 mt /HH | AC119: =AD119+AE119 -> 6 | AD119: 5 | AE119: 1 | AF119: =IFERROR(O119/AT119,0)/BG119 -> 39.75 | AG119: =AF119*AC119*$Z$101*$Y$104 -> 2146.5 | AH119: Esperado | AI119: =$AI$107 -> Extremamente Complexa | AJ119: =$AJ$107 -> Normal | AK119: =(AG119*(1+0)/$Y$102)*$Y$104 -> 3066.4286 | AL119: =IFERROR(AD119/AC119,"") -> 0.83333333 | AM119: =IFERROR(AK119*AL119,"") -> 2555.3571 | AN119: =IFERROR(AK119-AM119,"") -> 511.07143 | AO119: =IFERROR(AK119/$AK$107,"") -> 0.060529751 | AP119: =IFERROR(VLOOKUP(I119,$J$1070:$K$1089,2,1),0) -> 0.93 | AQ119: =IFERROR(VLOOKUP(J119,$J$1070:$K$1089,2,1),0) -> 0.9 | AR119: =IF(O119=0,1,IF(I119=0,AQ119,IF(J119=0,AP119,SMALL(AP119:AQ119,1)))) -> 0.9 | AS119: =IFERROR(O119/AG119,0) -> 1.7777778 | AT119: =IF(X119=$X$5,1,AX119) -> 48 | AU119: =VLOOKUP(AH119,$AI$66:$AJ$69,2,0) -> 0 | AV119: =VLOOKUP(AJ119,$AJ$73:$AK$76,2,1) -> 0 | AW119: =VLOOKUP(AI119,$AI$83:$AJ$86,2,0) -> 0.05 | AX119: =ROUND((IFERROR(AVERAGEIF(P119:U119,">0,1"),0)*BD119),0) -> 48 | AY119: =IFERROR(ROUND(AS119,1)-AA119,"") -> -0.42 | AZ119: =IFERROR(VLOOKUP(M119,'[1]Base Brasil Obras'!$C$2:$F$485,4,0),"") -> 2.2222222 | BA119: =B119*(1-$U$107) -> 57 | BB119: =1-AR119 -> 0.1 | BC119: =AU119+AV119+AW119 -> 0.05 | BD119: =1-(BB119+BC119) -> 0.85 | BE119: =IFERROR(B119/(AC119*$Z$101),0) -> 1.1111111 | BF119: 3 | BG119: =IFERROR(AC119/BF119,1) -> 2
A120: 12 | B120: 40 | C120: =IFERROR(AVERAGEIF(P120:T120,">0,1"),0) -> 0 | F120: Infra Estrutura Eletrica Instrumentação | H120: Montador | I120: PTA 50% | J120: Andaime 50% | K120: Montar | M120: Montagem de Eletrodutos. 1.1/4" a 4" (Metros) | O120: =SUMIF([1]Mestre!$G$137:$G$409,THEO!A120,[1]Mestre!$AG$137:$AG$409)*3 -> 3126 | U120: =B120*(1-$U$107) -> 38 | V120: =IF(IFERROR((1-BA120/AX120),"")=0%,"",IFERROR((1-BA120/AX120),"")) -> -0.1875 | W120: =IFERROR(AVERAGEIF(P120:U120,">0,1"),"") -> 38 | X120: mt | Y120: =_xlfn.CONCAT(AX120," ",X120,"/","Dia") -> 32 mt/Dia | Z120: =_xlfn.CONCAT(AA120," ",X120," ","/ HH") -> 1,48 mt / HH | AA120: =IFERROR(IF(B120=0,"",ROUND(AZ120,2)),0) -> 1.48 | AB120: =_xlfn.CONCAT(ROUND(AS120,1)," ",X120," /","HH") -> 1,2 mt /HH | AC120: =AD120+AE120 -> 3 | AD120: 2 | AE120: 1 | AF120: =IFERROR(O120/AT120,0)/BG120 -> 97.6875 | AG120: =AF120*AC120*$Z$101*$Y$104 -> 2637.5625 | AH120: Esperado | AI120: =$AI$107 -> Extremamente Complexa | AJ120: =$AJ$107 -> Normal | AK120: =(AG120*(1+0)/$Y$102)*$Y$104 -> 3767.9464 | AL120: =IFERROR(AD120/AC120,"") -> 0.66666667 | AM120: =IFERROR(AK120*AL120,"") -> 2511.9643 | AN120: =IFERROR(AK120-AM120,"") -> 1255.9821 | AO120: =IFERROR(AK120/$AK$107,"") -> 0.074377359 | AP120: =IFERROR(VLOOKUP(I120,$J$1070:$K$1089,2,1),0) -> 0.93 | AQ120: =IFERROR(VLOOKUP(J120,$J$1070:$K$1089,2,1),0) -> 0.9 | AR120: =IF(O120=0,1,IF(I120=0,AQ120,IF(J120=0,AP120,SMALL(AP120:AQ120,1)))) -> 0.9 | AS120: =IFERROR(O120/AG120,0) -> 1.1851852 | AT120: =IF(X120=$X$5,1,AX120) -> 32 | AU120: =VLOOKUP(AH120,$AI$66:$AJ$69,2,0) -> 0 | AV120: =VLOOKUP(AJ120,$AJ$73:$AK$76,2,1) -> 0 | AW120: =VLOOKUP(AI120,$AI$83:$AJ$86,2,0) -> 0.05 | AX120: =ROUND((IFERROR(AVERAGEIF(P120:U120,">0,1"),0)*BD120),0) -> 32 | AY120: =IFERROR(ROUND(AS120,1)-AA120,"") -> -0.28 | AZ120: =IFERROR(VLOOKUP(M120,'[1]Base Brasil Obras'!$C$2:$F$485,4,0),"") -> 1.4814815 | BA120: =B120*(1-$U$107) -> 38 | BB120: =1-AR120 -> 0.1 | BC120: =AU120+AV120+AW120 -> 0.05 | BD120: =1-(BB120+BC120) -> 0.85 | BE120: =IFERROR(B120/(AC120*$Z$101),0) -> 1.4814815 | BF120: 3 | BG120: =IFERROR(AC120/BF120,1) -> 1
A121: 13 | B121: 55 | C121: =IFERROR(AVERAGEIF(P121:T121,">0,1"),0) -> 0 | F121: Infra Estrutura Eletrica Instrumentação | H121: Montador | I121: Térreo 100% | J121: Andaime 0% | K121: Montar | M121: Montagem de Eletrodutos. PVC 1 " a 4" (Metros) | O121: =SUMIF([1]Mestre!$G$137:$G$409,THEO!A121,[1]Mestre!$AG$137:$AG$409) -> 0 | U121: =B121*(1-$U$107) -> 52.25 | V121: =IF(IFERROR((1-BA121/AX121),"")=0%,"",IFERROR((1-BA121/AX121),"")) -> -0.045 | W121: =IFERROR(AVERAGEIF(P121:U121,">0,1"),"") -> 52.25 | X121: mt | Y121: =_xlfn.CONCAT(AX121," ",X121,"/","Dia") -> 50 mt/Dia | Z121: =_xlfn.CONCAT(AA121," ",X121," ","/ HH") -> 2,04 mt / HH | AA121: =IFERROR(IF(B121=0,"",ROUND(AZ121,2)),0) -> 2.04 | AB121: =_xlfn.CONCAT(ROUND(AS121,1)," ",X121," /","HH") -> 0 mt /HH | AC121: =AD121+AE121 -> 3 | AD121: 2 | AE121: 1 | AF121: =IFERROR(O121/AT121,0)/BG121 -> 0 | AG121: =AF121*AC121*$Z$101*$Y$104 -> 0 | AH121: Esperado | AI121: =$AI$107 -> Extremamente Complexa | AJ121: =$AJ$107 -> Normal | AK121: =(AG121*(1+0)/$Y$102)*$Y$104 -> 0 | AL121: =IFERROR(AD121/AC121,"") -> 0.66666667 | AM121: =IFERROR(AK121*AL121,"") -> 0 | AN121: =IFERROR(AK121-AM121,"") -> 0 | AO121: =IFERROR(AK121/$AK$107,"") -> 0 | AP121: =IFERROR(VLOOKUP(I121,$J$1070:$K$1089,2,1),0) -> 1 | AQ121: =IFERROR(VLOOKUP(J121,$J$1070:$K$1089,2,1),0) -> 1 | AR121: =IF(O121=0,1,IF(I121=0,AQ121,IF(J121=0,AP121,SMALL(AP121:AQ121,1)))) -> 1 | AS121: =IFERROR(O121/AG121,0) -> 0 | AT121: =IF(X121=$X$5,1,AX121) -> 50 | AU121: =VLOOKUP(AH121,$AI$66:$AJ$69,2,0) -> 0 | AV121: =VLOOKUP(AJ121,$AJ$73:$AK$76,2,1) -> 0 | AW121: =VLOOKUP(AI121,$AI$83:$AJ$86,2,0) -> 0.05 | AX121: =ROUND((IFERROR(AVERAGEIF(P121:U121,">0,1"),0)*BD121),0) -> 50 | AY121: =IFERROR(ROUND(AS121,1)-AA121,"") -> -2.04 | AZ121: =IFERROR(VLOOKUP(M121,'[1]Base Brasil Obras'!$C$2:$F$485,4,0),"") -> 2.037037 | BA121: =B121*(1-$U$107) -> 52.25 | BB121: =1-AR121 -> 0 | BC121: =AU121+AV121+AW121 -> 0.05 | BD121: =1-(BB121+BC121) -> 0.95 | BE121: =IFERROR(B121/(AC121*$Z$101),0) -> 2.037037 | BF121: 3 | BG121: =IFERROR(AC121/BF121,1) -> 1
A122: 14 | B122: 15 | C122: =IFERROR(AVERAGEIF(P122:T122,">0,1"),0) -> 0 | F122: Infra Estrutura Eletrica Instrumentação | H122: Eletricista | I122: Térreo 100% | J122: Andaime 0% | K122: Montar | M122: Montagem de caixas de junção , Botoeiras ( Sem interligação) (Peças) JB | O122: =SUMIF([1]Mestre!$G$137:$G$409,THEO!A122,[1]Mestre!$AG$137:$AG$409) -> 290 | U122: =B122*(1-$U$107) -> 14.25 | V122: =IF(IFERROR((1-BA122/AX122),"")=0%,"",IFERROR((1-BA122/AX122),"")) -> -0.017857143 | W122: =IFERROR(AVERAGEIF(P122:U122,">0,1"),"") -> 14.25 | X122: JB | Y122: =_xlfn.CONCAT(AX122," ",X122,"/","Dia") -> 14 JB/Dia | Z122: =_xlfn.CONCAT(AA122," ",X122," ","/ HH") -> 0,83 JB / HH | AA122: =IFERROR(IF(B122=0,"",ROUND(AZ122,2)),0) -> 0.83 | AB122: =_xlfn.CONCAT(ROUND(AS122,1)," ",X122," /","HH") -> 0,8 JB /HH | AC122: =AD122+AE122 -> 2 | AD122: 1 | AE122: 1 | AF122: =IFERROR(O122/AT122,0)/BG122 -> 20.714286 | AG122: =AF122*AC122*$Z$101*$Y$104 -> 372.85714 | AH122: Esperado | AI122: =$AI$107 -> Extremamente Complexa | AJ122: =$AJ$107 -> Normal | AK122: =(AG122*(1+0)/$Y$102)*$Y$104 -> 532.65306 | AL122: =IFERROR(AD122/AC122,"") -> 0.5 | AM122: =IFERROR(AK122*AL122,"") -> 266.32653 | AN122: =IFERROR(AK122-AM122,"") -> 266.32653 | AO122: =IFERROR(AK122/$AK$107,"") -> 0.010514302 | AP122: =IFERROR(VLOOKUP(I122,$J$1070:$K$1089,2,1),0) -> 1 | AQ122: =IFERROR(VLOOKUP(J122,$J$1070:$K$1089,2,1),0) -> 1 | AR122: =IF(O122=0,1,IF(I122=0,AQ122,IF(J122=0,AP122,SMALL(AP122:AQ122,1)))) -> 1 | AS122: =IFERROR(O122/AG122,0) -> 0.77777778 | AT122: =IF(X122=$X$5,1,AX122) -> 14 | AU122: =VLOOKUP(AH122,$AI$66:$AJ$69,2,0) -> 0 | AV122: =VLOOKUP(AJ122,$AJ$73:$AK$76,2,1) -> 0 | AW122: =VLOOKUP(AI122,$AI$83:$AJ$86,2,0) -> 0.05 | AX122: =ROUND((IFERROR(AVERAGEIF(P122:U122,">0,1"),0)*BD122),0) -> 14 | AY122: =IFERROR(ROUND(AS122,1)-AA122,"") -> -0.03 | AZ122: =IFERROR(VLOOKUP(M122,'[1]Base Brasil Obras'!$C$2:$F$485,4,0),"") -> 0.83333333 | BA122: =B122*(1-$U$107) -> 14.25 | BB122: =1-AR122 -> 0 | BC122: =AU122+AV122+AW122 -> 0.05 | BD122: =1-(BB122+BC122) -> 0.95 | BE122: =IFERROR(B122/(AC122*$Z$101),0) -> 0.83333333 | BF122: 2 | BG122: =IFERROR(AC122/BF122,1) -> 1
A123: 15 | B123: 4 | C123: =IFERROR(AVERAGEIF(P123:T123,">0,1"),0) -> 0 | F123: Infra Estrutura Eletrica Instrumentação | H123: Eletricista | I123: Térreo 100% | J123: Andaime 0% | K123: Conectar | M123: Conexão, interligação multicabos na JB, Caixas de junção JB | O123: =SUMIF([1]Mestre!$G$137:$G$409,THEO!A123,[1]Mestre!$AG$137:$AG$409) -> 0 | U123: =B123*(1-$U$107) -> 3.8 | V123: =IF(IFERROR((1-BA123/AX123),"")=0%,"",IFERROR((1-BA123/AX123),"")) -> 0.05 | W123: =IFERROR(AVERAGEIF(P123:U123,">0,1"),"") -> 3.8 | X123: JB | Y123: =_xlfn.CONCAT(AX123," ",X123,"/","Dia") -> 4 JB/Dia | Z123: =_xlfn.CONCAT(AA123," ",X123," ","/ HH") -> 0,22 JB / HH | AA123: =IFERROR(IF(B123=0,"",ROUND(AZ123,2)),0) -> 0.22 | AB123: =_xlfn.CONCAT(ROUND(AS123,1)," ",X123," /","HH") -> 0 JB /HH | AC123: =AD123+AE123 -> 2 | AD123: 1 | AE123: 1 | AF123: =IFERROR(O123/AT123,0)/BG123 -> 0 | AG123: =AF123*AC123*$Z$101*$Y$104 -> 0 | AH123: Esperado | AI123: =$AI$107 -> Extremamente Complexa | AJ123: =$AJ$107 -> Normal | AK123: =(AG123*(1+0)/$Y$102)*$Y$104 -> 0 | AL123: =IFERROR(AD123/AC123,"") -> 0.5 | AM123: =IFERROR(AK123*AL123,"") -> 0 | AN123: =IFERROR(AK123-AM123,"") -> 0 | AO123: =IFERROR(AK123/$AK$107,"") -> 0 | AP123: =IFERROR(VLOOKUP(I123,$J$1070:$K$1089,2,1),0) -> 1 | AQ123: =IFERROR(VLOOKUP(J123,$J$1070:$K$1089,2,1),0) -> 1 | AR123: =IF(O123=0,1,IF(I123=0,AQ123,IF(J123=0,AP123,SMALL(AP123:AQ123,1)))) -> 1 | AS123: =IFERROR(O123/AG123,0) -> 0 | AT123: =IF(X123=$X$5,1,AX123) -> 4 | AU123: =VLOOKUP(AH123,$AI$66:$AJ$69,2,0) -> 0 | AV123: =VLOOKUP(AJ123,$AJ$73:$AK$76,2,1) -> 0 | AW123: =VLOOKUP(AI123,$AI$83:$AJ$86,2,0) -> 0.05 | AX123: =ROUND((IFERROR(AVERAGEIF(P123:U123,">0,1"),0)*BD123),0) -> 4 | AY123: =IFERROR(ROUND(AS123,1)-AA123,"") -> -0.22 | AZ123: =IFERROR(VLOOKUP(M123,'[1]Base Brasil Obras'!$C$2:$F$485,4,0),"") -> 0.22222222 | BA123: =B123*(1-$U$107) -> 3.8 | BB123: =1-AR123 -> 0 | BC123: =AU123+AV123+AW123 -> 0.05 | BD123: =1-(BB123+BC123) -> 0.95 | BE123: =IFERROR(B123/(AC123*$Z$101),0) -> 0.22222222 | BF123: 2 | BG123: =IFERROR(AC123/BF123,1) -> 1
A124: 16 | B124: 20 | C124: =IFERROR(AVERAGEIF(P124:T124,">0,1"),0) -> 0 | F124: SPDA_Aterramento | H124: Montador | I124: Térreo 100% | J124: Andaime 0% | K124: Montar | M124: Montagem sistema SPDA (Quantidade de Pontos de Proteção) | O124: =SUMIF([1]Mestre!$G$137:$G$409,THEO!A124,[1]Mestre!$AG$137:$AG$409) -> 0 | U124: =B124*(1-$U$107) -> 19 | V124: =IF(IFERROR((1-BA124/AX124),"")=0%,"",IFERROR((1-BA124/AX124),"")) -> -0.055555556 | W124: =IFERROR(AVERAGEIF(P124:U124,">0,1"),"") -> 19 | X124: Pontos | Y124: =_xlfn.CONCAT(AX124," ",X124,"/","Dia") -> 18 Pontos/Dia | Z124: =_xlfn.CONCAT(AA124," ",X124," ","/ HH") -> 0,74 Pontos / HH | AA124: =IFERROR(IF(B124=0,"",ROUND(AZ124,2)),0) -> 0.74 | AB124: =_xlfn.CONCAT(ROUND(AS124,1)," ",X124," /","HH") -> 0 Pontos /HH | AC124: =AD124+AE124 -> 3 | AD124: 2 | AE124: 1 | AF124: =IFERROR(O124/AT124,0)/BG124 -> 0 | AG124: =AF124*AC124*$Z$101*$Y$104 -> 0 | AH124: Esperado | AI124: =$AI$107 -> Extremamente Complexa | AJ124: =$AJ$107 -> Normal | AK124: =(AG124*(1+0)/$Y$102)*$Y$104 -> 0 | AL124: =IFERROR(AD124/AC124,"") -> 0.66666667 | AM124: =IFERROR(AK124*AL124,"") -> 0 | AN124: =IFERROR(AK124-AM124,"") -> 0 | AO124: =IFERROR(AK124/$AK$107,"") -> 0 | AP124: =IFERROR(VLOOKUP(I124,$J$1070:$K$1089,2,1),0) -> 1 | AQ124: =IFERROR(VLOOKUP(J124,$J$1070:$K$1089,2,1),0) -> 1 | AR124: =IF(O124=0,1,IF(I124=0,AQ124,IF(J124=0,AP124,SMALL(AP124:AQ124,1)))) -> 1 | AS124: =IFERROR(O124/AG124,0) -> 0 | AT124: =IF(X124=$X$5,1,AX124) -> 18 | AU124: =VLOOKUP(AH124,$AI$66:$AJ$69,2,0) -> 0 | AV124: =VLOOKUP(AJ124,$AJ$73:$AK$76,2,1) -> 0 | AW124: =VLOOKUP(AI124,$AI$83:$AJ$86,2,0) -> 0.05 | AX124: =ROUND((IFERROR(AVERAGEIF(P124:U124,">0,1"),0)*BD124),0) -> 18 | AY124: =IFERROR(ROUND(AS124,1)-AA124,"") -> -0.74 | AZ124: =IFERROR(VLOOKUP(M124,'[1]Base Brasil Obras'!$C$2:$F$485,4,0),"") -> 0.74074074 | BA124: =B124*(1-$U$107) -> 19 | BB124: =1-AR124 -> 0 | BC124: =AU124+AV124+AW124 -> 0.05 | BD124: =1-(BB124+BC124) -> 0.95 | BE124: =IFERROR(B124/(AC124*$Z$101),0) -> 0.74074074 | BF124: 3 | BG124: =IFERROR(AC124/BF124,1) -> 1
A125: 17 | B125: 6 | C125: =IFERROR(AVERAGEIF(P125:T125,">0,1"),0) -> 0 | F125: Interligação Conexão Conectorização | H125: Eletricista Força & Controle | I125: Térreo 100% | J125: Andaime 0% | K125: Montar | M125: Montagem de barramentos de alta corrente Painéis ( Metros) | O125: =SUMIF([1]Mestre!$G$137:$G$409,THEO!A125,[1]Mestre!$AG$137:$AG$409) -> 0 | U125: =B125*(1-$U$107) -> 5.7 | V125: =IF(IFERROR((1-BA125/AX125),"")=0%,"",IFERROR((1-BA125/AX125),"")) -> -0.14 | W125: =IFERROR(AVERAGEIF(P125:U125,">0,1"),"") -> 5.7 | X125: mt | Y125: =_xlfn.CONCAT(AX125," ",X125,"/","Dia") -> 5 mt/Dia | Z125: =_xlfn.CONCAT(AA125," ",X125," ","/ HH") -> 0,22 mt / HH | AA125: =IFERROR(IF(B125=0,"",ROUND(AZ125,2)),0) -> 0.22 | AB125: =_xlfn.CONCAT(ROUND(AS125,1)," ",X125," /","HH") -> 0 mt /HH | AC125: =AD125+AE125 -> 3 | AD125: 2 | AE125: 1 | AF125: =IFERROR(O125/AT125,0)/BG125 -> 0 | AG125: =AF125*AC125*$Z$101*$Y$104 -> 0 | AH125: Esperado | AI125: =$AI$107 -> Extremamente Complexa | AJ125: =$AJ$107 -> Normal | AK125: =(AG125*(1+0)/$Y$102)*$Y$104 -> 0 | AL125: =IFERROR(AD125/AC125,"") -> 0.66666667 | AM125: =IFERROR(AK125*AL125,"") -> 0 | AN125: =IFERROR(AK125-AM125,"") -> 0 | AO125: =IFERROR(AK125/$AK$107,"") -> 0 | AP125: =IFERROR(VLOOKUP(I125,$J$1070:$K$1089,2,1),0) -> 1 | AQ125: =IFERROR(VLOOKUP(J125,$J$1070:$K$1089,2,1),0) -> 1 | AR125: =IF(O125=0,1,IF(I125=0,AQ125,IF(J125=0,AP125,SMALL(AP125:AQ125,1)))) -> 1 | AS125: =IFERROR(O125/AG125,0) -> 0 | AT125: =IF(X125=$X$5,1,AX125) -> 5 | AU125: =VLOOKUP(AH125,$AI$66:$AJ$69,2,0) -> 0 | AV125: =VLOOKUP(AJ125,$AJ$73:$AK$76,2,1) -> 0 | AW125: =VLOOKUP(AI125,$AI$83:$AJ$86,2,0) -> 0.05 | AX125: =ROUND((IFERROR(AVERAGEIF(P125:U125,">0,1"),0)*BD125),0) -> 5 | AY125: =IFERROR(ROUND(AS125,1)-AA125,"") -> -0.22 | AZ125: =IFERROR(VLOOKUP(M125,'[1]Base Brasil Obras'!$C$2:$F$485,4,0),"") -> 0.22222222 | BA125: =B125*(1-$U$107) -> 5.7 | BB125: =1-AR125 -> 0 | BC125: =AU125+AV125+AW125 -> 0.05 | BD125: =1-(BB125+BC125) -> 0.95 | BE125: =IFERROR(B125/(AC125*$Z$101),0) -> 0.22222222 | BF125: 3 | BG125: =IFERROR(AC125/BF125,1) -> 1
A126: 18 | B126: 90 | C126: =IFERROR(AVERAGEIF(P126:T126,">0,1"),0) -> 0 | F126: Tampas Eletrocalhas acabamentos Selos CQ | H126: Montador | I126: PTA 50% | J126: Andaime 50% | K126: Montar | M126: Montagem das tampas na Eletrocalha ( Metros) | O126: =SUMIF([1]Mestre!$G$137:$G$409,THEO!A126,[1]Mestre!$AG$137:$AG$409)*3 -> 7410 | U126: =B126*(1-$U$107) -> 85.5 | V126: =IF(IFERROR((1-BA126/AX126),"")=0%,"",IFERROR((1-BA126/AX126),"")) -> -0.17123288 | W126: =IFERROR(AVERAGEIF(P126:U126,">0,1"),"") -> 85.5 | X126: mt | Y126: =_xlfn.CONCAT(AX126," ",X126,"/","Dia") -> 73 mt/Dia | Z126: =_xlfn.CONCAT(AA126," ",X126," ","/ HH") -> 5 mt / HH | AA126: =IFERROR(IF(B126=0,"",ROUND(AZ126,2)),0) -> 5 | AB126: =_xlfn.CONCAT(ROUND(AS126,1)," ",X126," /","HH") -> 4,1 mt /HH | AC126: =AD126+AE126 -> 2 | AD126: 1 | AE126: 1 | AF126: =IFERROR(O126/AT126,0)/BG126 -> 101.50685 | AG126: =AF126*AC126*$Z$101*$Y$104 -> 1827.1233 | AH126: Esperado | AI126: =$AI$107 -> Extremamente Complexa | AJ126: =$AJ$107 -> Normal | AK126: =(AG126*(1+0)/$Y$102)*$Y$104 -> 2610.1761 | AL126: =IFERROR(AD126/AC126,"") -> 0.5 | AM126: =IFERROR(AK126*AL126,"") -> 1305.0881 | AN126: =IFERROR(AK126-AM126,"") -> 1305.0881 | AO126: =IFERROR(AK126/$AK$107,"") -> 0.051523558 | AP126: =IFERROR(VLOOKUP(I126,$J$1070:$K$1089,2,1),0) -> 0.93 | AQ126: =IFERROR(VLOOKUP(J126,$J$1070:$K$1089,2,1),0) -> 0.9 | AR126: =IF(O126=0,1,IF(I126=0,AQ126,IF(J126=0,AP126,SMALL(AP126:AQ126,1)))) -> 0.9 | AS126: =IFERROR(O126/AG126,0) -> 4.0555556 | AT126: =IF(X126=$X$5,1,AX126) -> 73 | AU126: =VLOOKUP(AH126,$AI$66:$AJ$69,2,0) -> 0 | AV126: =VLOOKUP(AJ126,$AJ$73:$AK$76,2,1) -> 0 | AW126: =VLOOKUP(AI126,$AI$83:$AJ$86,2,0) -> 0.05 | AX126: =ROUND((IFERROR(AVERAGEIF(P126:U126,">0,1"),0)*BD126),0) -> 73 | AY126: =IFERROR(ROUND(AS126,1)-AA126,"") -> -0.9 | AZ126: =IFERROR(VLOOKUP(M126,'[1]Base Brasil Obras'!$C$2:$F$485,4,0),"") -> 5 | BA126: =B126*(1-$U$107) -> 85.5 | BB126: =1-AR126 -> 0.1 | BC126: =AU126+AV126+AW126 -> 0.05 | BD126: =1-(BB126+BC126) -> 0.85 | BE126: =IFERROR(B126/(AC126*$Z$101),0) -> 5 | BF126: 2 | BG126: =IFERROR(AC126/BF126,1) -> 1
A127: 19 | B127: 90 | C127: =IFERROR(AVERAGEIF(P127:T127,">0,1"),0) -> 0 | F127: Ensaios e Testes | H127: Eletricista | I127: Térreo 100% | J127: Andaime 0% | K127: Comissionar | M127: Medição de isolação de cabos (megômetro) (Pontos Medição) | O127: =290*4 -> 1160 | U127: =B127*(1-$U$107) -> 85.5 | V127: =IF(IFERROR((1-BA127/AX127),"")=0%,"",IFERROR((1-BA127/AX127),"")) -> -0.055555556 | W127: =IFERROR(AVERAGEIF(P127:U127,">0,1"),"") -> 85.5 | X127: Pontos | Y127: =_xlfn.CONCAT(AX127," ",X127,"/","Dia") -> 81 Pontos/Dia | Z127: =_xlfn.CONCAT(AA127," ",X127," ","/ HH") -> 5 Pontos / HH | AA127: =IFERROR(IF(B127=0,"",ROUND(AZ127,2)),0) -> 5 | AB127: =_xlfn.CONCAT(ROUND(AS127,1)," ",X127," /","HH") -> 4,5 Pontos /HH | AC127: =AD127+AE127 -> 2 | AD127: 1 | AE127: 1 | AF127: =IFERROR(O127/AT127,0)/BG127 -> 14.320988 | AG127: =AF127*AC127*$Z$101*$Y$104 -> 257.77778 | AH127: Esperado | AI127: =$AI$107 -> Extremamente Complexa | AJ127: =$AJ$107 -> Normal | AK127: =(AG127*(1+0)/$Y$102)*$Y$104 -> 368.25397 | AL127: =IFERROR(AD127/AC127,"") -> 0.5 | AM127: =IFERROR(AK127*AL127,"") -> 184.12698 | AN127: =IFERROR(AK127-AM127,"") -> 184.12698 | AO127: =IFERROR(AK127/$AK$107,"") -> 0.0072691473 | AP127: =IFERROR(VLOOKUP(I127,$J$1070:$K$1089,2,1),0) -> 1 | AQ127: =IFERROR(VLOOKUP(J127,$J$1070:$K$1089,2,1),0) -> 1 | AR127: =IF(O127=0,1,IF(I127=0,AQ127,IF(J127=0,AP127,SMALL(AP127:AQ127,1)))) -> 1 | AS127: =IFERROR(O127/AG127,0) -> 4.5 | AT127: =IF(X127=$X$5,1,AX127) -> 81 | AU127: =VLOOKUP(AH127,$AI$66:$AJ$69,2,0) -> 0 | AV127: =VLOOKUP(AJ127,$AJ$73:$AK$76,2,1) -> 0 | AW127: =VLOOKUP(AI127,$AI$83:$AJ$86,2,0) -> 0.05 | AX127: =ROUND((IFERROR(AVERAGEIF(P127:U127,">0,1"),0)*BD127),0) -> 81 | AY127: =IFERROR(ROUND(AS127,1)-AA127,"") -> -0.5 | AZ127: =IFERROR(VLOOKUP(M127,'[1]Base Brasil Obras'!$C$2:$F$485,4,0),"") -> 5 | BA127: =B127*(1-$U$107) -> 85.5 | BB127: =1-AR127 -> 0 | BC127: =AU127+AV127+AW127 -> 0.05 | BD127: =1-(BB127+BC127) -> 0.95 | BE127: =IFERROR(B127/(AC127*$Z$101),0) -> 5 | BF127: 2 | BG127: =IFERROR(AC127/BF127,1) -> 1
A128: 20 | B128: 75 | C128: =IFERROR(AVERAGEIF(P128:T128,">0,1"),0) -> 0 | F128: Ensaios e Testes | H128: Eletricista | I128: Térreo 100% | J128: Andaime 0% | K128: Comissionar | M128: Medição de continuidade, isolação, resistência de aterramento. (Quantidade Pontos) | O128: 60 | U128: =B128*(1-$U$107) -> 71.25 | V128: =IF(IFERROR((1-BA128/AX128),"")=0%,"",IFERROR((1-BA128/AX128),"")) -> -0.047794118 | W128: =IFERROR(AVERAGEIF(P128:U128,">0,1"),"") -> 71.25 | X128: Pontos | Y128: =_xlfn.CONCAT(AX128," ",X128,"/","Dia") -> 68 Pontos/Dia | Z128: =_xlfn.CONCAT(AA128," ",X128," ","/ HH") -> 4,17 Pontos / HH | AA128: =IFERROR(IF(B128=0,"",ROUND(AZ128,2)),0) -> 4.17 | AB128: =_xlfn.CONCAT(ROUND(AS128,1)," ",X128," /","HH") -> 3,8 Pontos /HH | AC128: =AD128+AE128 -> 2 | AD128: 1 | AE128: 1 | AF128: =IFERROR(O128/AT128,0)/BG128 -> 0.88235294 | AG128: =AF128*AC128*$Z$101*$Y$104 -> 15.882353 | AH128: Esperado | AI128: =$AI$107 -> Extremamente Complexa | AJ128: =$AJ$107 -> Normal | AK128: =(AG128*(1+0)/$Y$102)*$Y$104 -> 22.689076 | AL128: =IFERROR(AD128/AC128,"") -> 0.5 | AM128: =IFERROR(AK128*AL128,"") -> 11.344538 | AN128: =IFERROR(AK128-AM128,"") -> 11.344538 | AO128: =IFERROR(AK128/$AK$107,"") -> 0.00044787089 | AP128: =IFERROR(VLOOKUP(I128,$J$1070:$K$1089,2,1),0) -> 1 | AQ128: =IFERROR(VLOOKUP(J128,$J$1070:$K$1089,2,1),0) -> 1 | AR128: =IF(O128=0,1,IF(I128=0,AQ128,IF(J128=0,AP128,SMALL(AP128:AQ128,1)))) -> 1 | AS128: =IFERROR(O128/AG128,0) -> 3.7777778 | AT128: =IF(X128=$X$5,1,AX128) -> 68 | AU128: =VLOOKUP(AH128,$AI$66:$AJ$69,2,0) -> 0 | AV128: =VLOOKUP(AJ128,$AJ$73:$AK$76,2,1) -> 0 | AW128: =VLOOKUP(AI128,$AI$83:$AJ$86,2,0) -> 0.05 | AX128: =ROUND((IFERROR(AVERAGEIF(P128:U128,">0,1"),0)*BD128),0) -> 68 | AY128: =IFERROR(ROUND(AS128,1)-AA128,"") -> -0.37 | AZ128: =IFERROR(VLOOKUP(M128,'[1]Base Brasil Obras'!$C$2:$F$485,4,0),"") -> 4.1666667 | BA128: =B128*(1-$U$107) -> 71.25 | BB128: =1-AR128 -> 0 | BC128: =AU128+AV128+AW128 -> 0.05 | BD128: =1-(BB128+BC128) -> 0.95 | BE128: =IFERROR(B128/(AC128*$Z$101),0) -> 4.1666667 | BF128: 2 | BG128: =IFERROR(AC128/BF128,1) -> 1
A129: 21 | B129: 20 | C129: =IFERROR(AVERAGEIF(P129:T129,">0,1"),0) -> 0 | F129: Comissionamento Startup | H129: Instrumentista | I129: Térreo 100% | J129: Andaime 0% | K129: Comissionar | M129: Loop test (4-20 mA) ponto a ponto ( Quantidade Malhas) | O129: 60 | U129: =B129*(1-$U$107) -> 19 | V129: =IF(IFERROR((1-BA129/AX129),"")=0%,"",IFERROR((1-BA129/AX129),"")) -> -0.055555556 | W129: =IFERROR(AVERAGEIF(P129:U129,">0,1"),"") -> 19 | X129: Malhas contr. | Y129: =_xlfn.CONCAT(AX129," ",X129,"/","Dia") -> 18 Malhas contr./Dia | Z129: =_xlfn.CONCAT(AA129," ",X129," ","/ HH") -> 1,11 Malhas contr. / HH | AA129: =IFERROR(IF(B129=0,"",ROUND(AZ129,2)),0) -> 1.11 | AB129: =_xlfn.CONCAT(ROUND(AS129,1)," ",X129," /","HH") -> 1 Malhas contr. /HH | AC129: =AD129+AE129 -> 2 | AD129: 1 | AE129: 1 | AF129: =IFERROR(O129/AT129,0)/BG129 -> 3.3333333 | AG129: =AF129*AC129*$Z$101*$Y$104 -> 60 | AH129: Esperado | AI129: =$AI$107 -> Extremamente Complexa | AJ129: =$AJ$107 -> Normal | AK129: =(AG129*(1+0)/$Y$102)*$Y$104 -> 85.714286 | AL129: =IFERROR(AD129/AC129,"") -> 0.5 | AM129: =IFERROR(AK129*AL129,"") -> 42.857143 | AN129: =IFERROR(AK129-AM129,"") -> 42.857143 | AO129: =IFERROR(AK129/$AK$107,"") -> 0.0016919567 | AP129: =IFERROR(VLOOKUP(I129,$J$1070:$K$1089,2,1),0) -> 1 | AQ129: =IFERROR(VLOOKUP(J129,$J$1070:$K$1089,2,1),0) -> 1 | AR129: =IF(O129=0,1,IF(I129=0,AQ129,IF(J129=0,AP129,SMALL(AP129:AQ129,1)))) -> 1 | AS129: =IFERROR(O129/AG129,0) -> 1 | AT129: =IF(X129=$X$5,1,AX129) -> 18 | AU129: =VLOOKUP(AH129,$AI$66:$AJ$69,2,0) -> 0 | AV129: =VLOOKUP(AJ129,$AJ$73:$AK$76,2,1) -> 0 | AW129: =VLOOKUP(AI129,$AI$83:$AJ$86,2,0) -> 0.05 | AX129: =ROUND((IFERROR(AVERAGEIF(P129:U129,">0,1"),0)*BD129),0) -> 18 | AY129: =IFERROR(ROUND(AS129,1)-AA129,"") -> -0.11 | AZ129: =IFERROR(VLOOKUP(M129,'[1]Base Brasil Obras'!$C$2:$F$485,4,0),"") -> 1.1111111 | BA129: =B129*(1-$U$107) -> 19 | BB129: =1-AR129 -> 0 | BC129: =AU129+AV129+AW129 -> 0.05 | BD129: =1-(BB129+BC129) -> 0.95 | BE129: =IFERROR(B129/(AC129*$Z$101),0) -> 1.1111111 | BF129: 2 | BG129: =IFERROR(AC129/BF129,1) -> 1
A130: 22 | B130: 300 | C130: =IFERROR(AVERAGEIF(P130:T130,">0,1"),0) -> 0 | F130: Lançamentos | H130: Montador | I130: PTA 75% | J130: Andaime 25% | K130: Lançar | L130: M&P_ 7 | M130: Lançamento de Fibra Óticas em Eletrocalhas e eletrodutos. (Metros) | O130: =SUMIF([1]Mestre!$G$137:$G$409,THEO!A130,[1]Mestre!$AG$137:$AG$409) -> 2500 | U130: =B130*(1-$U$107) -> 285 | V130: =IF(IFERROR((1-BA130/AX130),"")=0%,"",IFERROR((1-BA130/AX130),"")) -> -0.14919355 | W130: =IFERROR(AVERAGEIF(P130:U130,">0,1"),"") -> 285 | X130: mt | Y130: =_xlfn.CONCAT(AX130," ",X130,"/","Dia") -> 248 mt/Dia | Z130: =_xlfn.CONCAT(AA130," ",X130," ","/ HH") -> 11,11 mt / HH | AA130: =IFERROR(IF(B130=0,"",ROUND(AZ130,2)),0) -> 11.11 | AB130: =_xlfn.CONCAT(ROUND(AS130,1)," ",X130," /","HH") -> 9,2 mt /HH | AC130: =AD130+AE130 -> 3 | AD130: 2 | AE130: 1 | AF130: =IFERROR(O130/AT130,0)/BG130 -> 10.080645 | AG130: =AF130*AC130*$Z$101*$Y$104 -> 272.17742 | AH130: Esperado | AI130: =$AI$107 -> Extremamente Complexa | AJ130: =$AJ$107 -> Normal | AK130: =(AG130*(1+0)/$Y$102)*$Y$104 -> 388.82488 | AL130: =IFERROR(AD130/AC130,"") -> 0.66666667 | AM130: =IFERROR(AK130*AL130,"") -> 259.21659 | AN130: =IFERROR(AK130-AM130,"") -> 129.60829 | AO130: =IFERROR(AK130/$AK$107,"") -> 0.0076752068 | AP130: =IFERROR(VLOOKUP(I130,$J$1070:$K$1089,2,1),0) -> 0.92 | AQ130: =IFERROR(VLOOKUP(J130,$J$1070:$K$1089,2,1),0) -> 0.93 | AR130: =IF(O130=0,1,IF(I130=0,AQ130,IF(J130=0,AP130,SMALL(AP130:AQ130,1)))) -> 0.92 | AS130: =IFERROR(O130/AG130,0) -> 9.1851852 | AT130: =IF(X130=$X$5,1,AX130) -> 248 | AU130: =VLOOKUP(AH130,$AI$66:$AJ$69,2,0) -> 0 | AV130: =VLOOKUP(AJ130,$AJ$73:$AK$76,2,1) -> 0 | AW130: =VLOOKUP(AI130,$AI$83:$AJ$86,2,0) -> 0.05 | AX130: =ROUND((IFERROR(AVERAGEIF(P130:U130,">0,1"),0)*BD130),0) -> 248 | AY130: =IFERROR(ROUND(AS130,1)-AA130,"") -> -1.91 | AZ130: =IFERROR(VLOOKUP(M130,'[1]Base Brasil Obras'!$C$2:$F$485,4,0),"") -> 11.111111 | BA130: =B130*(1-$U$107) -> 285 | BB130: =1-AR130 -> 0.08 | BC130: =AU130+AV130+AW130 -> 0.05 | BD130: =1-(BB130+BC130) -> 0.87 | BE130: =IFERROR(B130/(AC130*$Z$101),0) -> 11.111111 | BF130: 3 | BG130: =IFERROR(AC130/BF130,1) -> 1
A131: 23 | B131: 390 | C131: =IFERROR(AVERAGEIF(P131:T131,">0,1"),0) -> 0 | F131: Lançamentos | H131: Montador | I131: Térreo 100% | J131: Andaime 0% | K131: Lançar | M131: Lançamento de cabos de força, em eletrocalhas (Até 35 mm²) (Metros) | O131: =SUMIF([1]Mestre!$G$137:$G$409,THEO!A131,[1]Mestre!$AG$137:$AG$409) -> 44395 | U131: =B131*(1-$U$107) -> 370.5 | V131: =IF(IFERROR((1-BA131/AX131),"")=0%,"",IFERROR((1-BA131/AX131),"")) -> -0.052556818 | W131: =IFERROR(AVERAGEIF(P131:U131,">0,1"),"") -> 370.5 | X131: Mt de Cabo | Y131: =_xlfn.CONCAT(AX131," ",X131,"/","Dia") -> 352 Mt de Cabo/Dia | Z131: =_xlfn.CONCAT(AA131," ",X131," ","/ HH") -> 10,83 Mt de Cabo / HH | AA131: =IFERROR(IF(B131=0,"",ROUND(AZ131,2)),0) -> 10.83 | AB131: =_xlfn.CONCAT(ROUND(AS131,1)," ",X131," /","HH") -> 9,8 Mt de Cabo /HH | AC131: =AD131+AE131 -> 5 | AD131: 4 | AE131: 1 | AF131: =IFERROR(O131/AT131,0)/BG131 -> 100.89773 | AG131: =AF131*AC131*$Z$101*$Y$104 -> 4540.3977 | AH131: Esperado | AI131: =$AI$107 -> Extremamente Complexa | AJ131: =$AJ$107 -> Normal | AK131: =(AG131*(1+0)/$Y$102)*$Y$104 -> 6486.2825 | AL131: =IFERROR(AD131/AC131,"") -> 0.8 | AM131: =IFERROR(AK131*AL131,"") -> 5189.026 | AN131: =IFERROR(AK131-AM131,"") -> 1297.2565 | AO131: =IFERROR(AK131/$AK$107,"") -> 0.12803594 | AP131: =IFERROR(VLOOKUP(I131,$J$1070:$K$1089,2,1),0) -> 1 | AQ131: =IFERROR(VLOOKUP(J131,$J$1070:$K$1089,2,1),0) -> 1 | AR131: =IF(O131=0,1,IF(I131=0,AQ131,IF(J131=0,AP131,SMALL(AP131:AQ131,1)))) -> 1 | AS131: =IFERROR(O131/AG131,0) -> 9.7777778 | AT131: =IF(X131=$X$5,1,AX131) -> 352 | AU131: =VLOOKUP(AH131,$AI$66:$AJ$69,2,0) -> 0 | AV131: =VLOOKUP(AJ131,$AJ$73:$AK$76,2,1) -> 0 | AW131: =VLOOKUP(AI131,$AI$83:$AJ$86,2,0) -> 0.05 | AX131: =ROUND((IFERROR(AVERAGEIF(P131:U131,">0,1"),0)*BD131),0) -> 352 | AY131: =IFERROR(ROUND(AS131,1)-AA131,"") -> -1.03 | AZ131: =IFERROR(VLOOKUP(M131,'[1]Base Brasil Obras'!$C$2:$F$485,4,0),"") -> 10.833333 | BA131: =B131*(1-$U$107) -> 370.5 | BB131: =1-AR131 -> 0 | BC131: =AU131+AV131+AW131 -> 0.05 | BD131: =1-(BB131+BC131) -> 0.95 | BE131: =IFERROR(B131/(AC131*$Z$101),0) -> 8.6666667 | BF131: 4 | BG131: =IFERROR(AC131/BF131,1) -> 1.25
A132: 24 | B132: 425 | C132: =IFERROR(AVERAGEIF(P132:T132,">0,1"),0) -> 0 | F132: Lançamentos | H132: Montador | I132: Térreo 100% | J132: Andaime 0% | K132: Lançar | M132: Lançamento de cabos de força, em eletrocalhas (Cabos de 35 a 100mm²) (Metros) | O132: =SUMIF([1]Mestre!$G$137:$G$409,THEO!A132,[1]Mestre!$AG$137:$AG$409) -> 0 | U132: =B132*(1-$U$107) -> 403.75 | V132: =IF(IFERROR((1-BA132/AX132),"")=0%,"",IFERROR((1-BA132/AX132),"")) -> -0.051432292 | W132: =IFERROR(AVERAGEIF(P132:U132,">0,1"),"") -> 403.75 | X132: Mt de Cabo | Y132: =_xlfn.CONCAT(AX132," ",X132,"/","Dia") -> 384 Mt de Cabo/Dia | Z132: =_xlfn.CONCAT(AA132," ",X132," ","/ HH") -> 11,81 Mt de Cabo / HH | AA132: =IFERROR(IF(B132=0,"",ROUND(AZ132,2)),0) -> 11.81 | AB132: =_xlfn.CONCAT(ROUND(AS132,1)," ",X132," /","HH") -> 0 Mt de Cabo /HH | AC132: =AD132+AE132 -> 4 | AD132: 3 | AE132: 1 | AF132: =IFERROR(O132/AT132,0)/BG132 -> 0 | AG132: =AF132*AC132*$Z$101*$Y$104 -> 0 | AH132: Esperado | AI132: =$AI$107 -> Extremamente Complexa | AJ132: =$AJ$107 -> Normal | AK132: =(AG132*(1+0)/$Y$102)*$Y$104 -> 0 | AL132: =IFERROR(AD132/AC132,"") -> 0.75 | AM132: =IFERROR(AK132*AL132,"") -> 0 | AN132: =IFERROR(AK132-AM132,"") -> 0 | AO132: =IFERROR(AK132/$AK$107,"") -> 0 | AP132: =IFERROR(VLOOKUP(I132,$J$1070:$K$1089,2,1),0) -> 1 | AQ132: =IFERROR(VLOOKUP(J132,$J$1070:$K$1089,2,1),0) -> 1 | AR132: =IF(O132=0,1,IF(I132=0,AQ132,IF(J132=0,AP132,SMALL(AP132:AQ132,1)))) -> 1 | AS132: =IFERROR(O132/AG132,0) -> 0 | AT132: =IF(X132=$X$5,1,AX132) -> 384 | AU132: =VLOOKUP(AH132,$AI$66:$AJ$69,2,0) -> 0 | AV132: =VLOOKUP(AJ132,$AJ$73:$AK$76,2,1) -> 0 | AW132: =VLOOKUP(AI132,$AI$83:$AJ$86,2,0) -> 0.05 | AX132: =ROUND((IFERROR(AVERAGEIF(P132:U132,">0,1"),0)*BD132),0) -> 384 | AY132: =IFERROR(ROUND(AS132,1)-AA132,"") -> -11.81 | AZ132: =IFERROR(VLOOKUP(M132,'[1]Base Brasil Obras'!$C$2:$F$485,4,0),"") -> 11.805556 | BA132: =B132*(1-$U$107) -> 403.75 | BB132: =1-AR132 -> 0 | BC132: =AU132+AV132+AW132 -> 0.05 | BD132: =1-(BB132+BC132) -> 0.95 | BE132: =IFERROR(B132/(AC132*$Z$101),0) -> 11.805556 | BF132: 4 | BG132: =IFERROR(AC132/BF132,1) -> 1
A133: 25 | B133: 350 | C133: =IFERROR(AVERAGEIF(P133:T133,">0,1"),0) -> 0 | F133: Lançamentos | H133: Montador | I133: Térreo 100% | J133: Andaime 0% | K133: Lançar | M133: Lançamento de cabos de força, em eletrocalhas (Cabos acima 100mm²) (Metros) | O133: =SUMIF([1]Mestre!$G$137:$G$409,THEO!A133,[1]Mestre!$AG$137:$AG$409) -> 0 | U133: =B133*(1-$U$107) -> 332.5 | V133: =IF(IFERROR((1-BA133/AX133),"")=0%,"",IFERROR((1-BA133/AX133),"")) -> -0.05221519 | W133: =IFERROR(AVERAGEIF(P133:U133,">0,1"),"") -> 332.5 | X133: Mt de Cabo | Y133: =_xlfn.CONCAT(AX133," ",X133,"/","Dia") -> 316 Mt de Cabo/Dia | Z133: =_xlfn.CONCAT(AA133," ",X133," ","/ HH") -> 7,78 Mt de Cabo / HH | AA133: =IFERROR(IF(B133=0,"",ROUND(AZ133,2)),0) -> 7.78 | AB133: =_xlfn.CONCAT(ROUND(AS133,1)," ",X133," /","HH") -> 0 Mt de Cabo /HH | AC133: =AD133+AE133 -> 5 | AD133: 4 | AE133: 1 | AF133: =IFERROR(O133/AT133,0)/BG133 -> 0 | AG133: =AF133*AC133*$Z$101*$Y$104 -> 0 | AH133: Esperado | AI133: =$AI$107 -> Extremamente Complexa | AJ133: =$AJ$107 -> Normal | AK133: =(AG133*(1+0)/$Y$102)*$Y$104 -> 0 | AL133: =IFERROR(AD133/AC133,"") -> 0.8 | AM133: =IFERROR(AK133*AL133,"") -> 0 | AN133: =IFERROR(AK133-AM133,"") -> 0 | AO133: =IFERROR(AK133/$AK$107,"") -> 0 | AP133: =IFERROR(VLOOKUP(I133,$J$1070:$K$1089,2,1),0) -> 1 | AQ133: =IFERROR(VLOOKUP(J133,$J$1070:$K$1089,2,1),0) -> 1 | AR133: =IF(O133=0,1,IF(I133=0,AQ133,IF(J133=0,AP133,SMALL(AP133:AQ133,1)))) -> 1 | AS133: =IFERROR(O133/AG133,0) -> 0 | AT133: =IF(X133=$X$5,1,AX133) -> 316 | AU133: =VLOOKUP(AH133,$AI$66:$AJ$69,2,0) -> 0 | AV133: =VLOOKUP(AJ133,$AJ$73:$AK$76,2,1) -> 0 | AW133: =VLOOKUP(AI133,$AI$83:$AJ$86,2,0) -> 0.05 | AX133: =ROUND((IFERROR(AVERAGEIF(P133:U133,">0,1"),0)*BD133),0) -> 316 | AY133: =IFERROR(ROUND(AS133,1)-AA133,"") -> -7.78 | AZ133: =IFERROR(VLOOKUP(M133,'[1]Base Brasil Obras'!$C$2:$F$485,4,0),"") -> 7.7777778 | BA133: =B133*(1-$U$107) -> 332.5 | BB133: =1-AR133 -> 0 | BC133: =AU133+AV133+AW133 -> 0.05 | BD133: =1-(BB133+BC133) -> 0.95 | BE133: =IFERROR(B133/(AC133*$Z$101),0) -> 7.7777778 | BF133: 5 | BG133: =IFERROR(AC133/BF133,1) -> 1
A134: 26 | B134: 350 | C134: =IFERROR(AVERAGEIF(P134:T134,">0,1"),0) -> 0 | F134: Lançamentos | H134: Montador | I134: Térreo 100% | J134: Andaime 0% | K134: Lançar | M134: Lançamento de cabos de força em eletrodutos. (até 25mm²) (Metros) | O134: =SUMIF([1]Mestre!$G$137:$G$409,THEO!A134,[1]Mestre!$AG$137:$AG$409) -> 0 | U134: =B134*(1-$U$107) -> 332.5 | V134: =IF(IFERROR((1-BA134/AX134),"")=0%,"",IFERROR((1-BA134/AX134),"")) -> -0.05221519 | W134: =IFERROR(AVERAGEIF(P134:U134,">0,1"),"") -> 332.5 | X134: Mt de Cabo | Y134: =_xlfn.CONCAT(AX134," ",X134,"/","Dia") -> 316 Mt de Cabo/Dia | Z134: =_xlfn.CONCAT(AA134," ",X134," ","/ HH") -> 12,96 Mt de Cabo / HH | AA134: =IFERROR(IF(B134=0,"",ROUND(AZ134,2)),0) -> 12.96 | AB134: =_xlfn.CONCAT(ROUND(AS134,1)," ",X134," /","HH") -> 0 Mt de Cabo /HH | AC134: =AD134+AE134 -> 3 | AD134: 2 | AE134: 1 | AF134: =IFERROR(O134/AT134,0)/BG134 -> 0 | AG134: =AF134*AC134*$Z$101*$Y$104 -> 0 | AH134: Esperado | AI134: =$AI$107 -> Extremamente Complexa | AJ134: =$AJ$107 -> Normal | AK134: =(AG134*(1+0)/$Y$102)*$Y$104 -> 0 | AL134: =IFERROR(AD134/AC134,"") -> 0.66666667 | AM134: =IFERROR(AK134*AL134,"") -> 0 | AN134: =IFERROR(AK134-AM134,"") -> 0 | AO134: =IFERROR(AK134/$AK$107,"") -> 0 | AP134: =IFERROR(VLOOKUP(I134,$J$1070:$K$1089,2,1),0) -> 1 | AQ134: =IFERROR(VLOOKUP(J134,$J$1070:$K$1089,2,1),0) -> 1 | AR134: =IF(O134=0,1,IF(I134=0,AQ134,IF(J134=0,AP134,SMALL(AP134:AQ134,1)))) -> 1 | AS134: =IFERROR(O134/AG134,0) -> 0 | AT134: =IF(X134=$X$5,1,AX134) -> 316 | AU134: =VLOOKUP(AH134,$AI$66:$AJ$69,2,0) -> 0 | AV134: =VLOOKUP(AJ134,$AJ$73:$AK$76,2,1) -> 0 | AW134: =VLOOKUP(AI134,$AI$83:$AJ$86,2,0) -> 0.05 | AX134: =ROUND((IFERROR(AVERAGEIF(P134:U134,">0,1"),0)*BD134),0) -> 316 | AY134: =IFERROR(ROUND(AS134,1)-AA134,"") -> -12.96 | AZ134: =IFERROR(VLOOKUP(M134,'[1]Base Brasil Obras'!$C$2:$F$485,4,0),"") -> 12.962963 | BA134: =B134*(1-$U$107) -> 332.5 | BB134: =1-AR134 -> 0 | BC134: =AU134+AV134+AW134 -> 0.05 | BD134: =1-(BB134+BC134) -> 0.95 | BE134: =IFERROR(B134/(AC134*$Z$101),0) -> 12.962963 | BF134: 3 | BG134: =IFERROR(AC134/BF134,1) -> 1
A135: 27 | B135: 304 | C135: =IFERROR(AVERAGEIF(P135:T135,">0,1"),0) -> 0 | F135: Lançamentos | H135: Montador | I135: Térreo 100% | J135: Andaime 0% | K135: Lançar | M135: Lançamento de cabos de força em eletrodutos. (Acima 25mm²) (Metros) | O135: =SUMIF([1]Mestre!$G$137:$G$409,THEO!A135,[1]Mestre!$AG$137:$AG$409) -> 0 | U135: =B135*(1-$U$107) -> 288.8 | V135: =IF(IFERROR((1-BA135/AX135),"")=0%,"",IFERROR((1-BA135/AX135),"")) -> -0.054014599 | W135: =IFERROR(AVERAGEIF(P135:U135,">0,1"),"") -> 288.8 | X135: Mt de Cabo | Y135: =_xlfn.CONCAT(AX135," ",X135,"/","Dia") -> 274 Mt de Cabo/Dia | Z135: =_xlfn.CONCAT(AA135," ",X135," ","/ HH") -> 8,44 Mt de Cabo / HH | AA135: =IFERROR(IF(B135=0,"",ROUND(AZ135,2)),0) -> 8.44 | AB135: =_xlfn.CONCAT(ROUND(AS135,1)," ",X135," /","HH") -> 0 Mt de Cabo /HH | AC135: =AD135+AE135 -> 4 | AD135: 3 | AE135: 1 | AF135: =IFERROR(O135/AT135,0)/BG135 -> 0 | AG135: =AF135*AC135*$Z$101*$Y$104 -> 0 | AH135: Esperado | AI135: =$AI$107 -> Extremamente Complexa | AJ135: =$AJ$107 -> Normal | AK135: =(AG135*(1+0)/$Y$102)*$Y$104 -> 0 | AL135: =IFERROR(AD135/AC135,"") -> 0.75 | AM135: =IFERROR(AK135*AL135,"") -> 0 | AN135: =IFERROR(AK135-AM135,"") -> 0 | AO135: =IFERROR(AK135/$AK$107,"") -> 0 | AP135: =IFERROR(VLOOKUP(I135,$J$1070:$K$1089,2,1),0) -> 1 | AQ135: =IFERROR(VLOOKUP(J135,$J$1070:$K$1089,2,1),0) -> 1 | AR135: =IF(O135=0,1,IF(I135=0,AQ135,IF(J135=0,AP135,SMALL(AP135:AQ135,1)))) -> 1 | AS135: =IFERROR(O135/AG135,0) -> 0 | AT135: =IF(X135=$X$5,1,AX135) -> 274 | AU135: =VLOOKUP(AH135,$AI$66:$AJ$69,2,0) -> 0 | AV135: =VLOOKUP(AJ135,$AJ$73:$AK$76,2,1) -> 0 | AW135: =VLOOKUP(AI135,$AI$83:$AJ$86,2,0) -> 0.05 | AX135: =ROUND((IFERROR(AVERAGEIF(P135:U135,">0,1"),0)*BD135),0) -> 274 | AY135: =IFERROR(ROUND(AS135,1)-AA135,"") -> -8.44 | AZ135: =IFERROR(VLOOKUP(M135,'[1]Base Brasil Obras'!$C$2:$F$485,4,0),"") -> 8.4444444 | BA135: =B135*(1-$U$107) -> 288.8 | BB135: =1-AR135 -> 0 | BC135: =AU135+AV135+AW135 -> 0.05 | BD135: =1-(BB135+BC135) -> 0.95 | BE135: =IFERROR(B135/(AC135*$Z$101),0) -> 8.4444444 | BF135: 4 | BG135: =IFERROR(AC135/BF135,1) -> 1
A136: 28 | B136: 500 | C136: =IFERROR(AVERAGEIF(P136:T136,">0,1"),0) -> 0 | F136: Lançamentos | H136: Montador | I136: PTA 75% | J136: Andaime 25% | K136: Lançar | M136: Lançamento de cabos de força, em leitos (Até 95 mm²) (Metros) | O136: =SUMIF([1]Mestre!$G$137:$G$409,THEO!A136,[1]Mestre!$AG$137:$AG$409) -> 64215 | U136: =B136*(1-$U$107) -> 475 | V136: =IF(IFERROR((1-BA136/AX136),"")=0%,"",IFERROR((1-BA136/AX136),"")) -> -0.15012107 | W136: =IFERROR(AVERAGEIF(P136:U136,">0,1"),"") -> 475 | X136: Mt de Cabo | Y136: =_xlfn.CONCAT(AX136," ",X136,"/","Dia") -> 413 Mt de Cabo/Dia | Z136: =_xlfn.CONCAT(AA136," ",X136," ","/ HH") -> 11,11 Mt de Cabo / HH | AA136: =IFERROR(IF(B136=0,"",ROUND(AZ136,2)),0) -> 11.11 | AB136: =_xlfn.CONCAT(ROUND(AS136,1)," ",X136," /","HH") -> 9,2 Mt de Cabo /HH | AC136: =AD136+AE136 -> 5 | AD136: 4 | AE136: 1 | AF136: =IFERROR(O136/AT136,0)/BG136 -> 155.48426 | AG136: =AF136*AC136*$Z$101*$Y$104 -> 6996.7918 | AH136: Esperado | AI136: =$AI$107 -> Extremamente Complexa | AJ136: =$AJ$107 -> Normal | AK136: =(AG136*(1+0)/$Y$102)*$Y$104 -> 9995.4168 | AL136: =IFERROR(AD136/AC136,"") -> 0.8 | AM136: =IFERROR(AK136*AL136,"") -> 7996.3334 | AN136: =IFERROR(AK136-AM136,"") -> 1999.0834 | AO136: =IFERROR(AK136/$AK$107,"") -> 0.19730448 | AP136: =IFERROR(VLOOKUP(I136,$J$1070:$K$1089,2,1),0) -> 0.92 | AQ136: =IFERROR(VLOOKUP(J136,$J$1070:$K$1089,2,1),0) -> 0.93 | AR136: =IF(O136=0,1,IF(I136=0,AQ136,IF(J136=0,AP136,SMALL(AP136:AQ136,1)))) -> 0.92 | AS136: =IFERROR(O136/AG136,0) -> 9.1777778 | AT136: =IF(X136=$X$5,1,AX136) -> 413 | AU136: =VLOOKUP(AH136,$AI$66:$AJ$69,2,0) -> 0 | AV136: =VLOOKUP(AJ136,$AJ$73:$AK$76,2,1) -> 0 | AW136: =VLOOKUP(AI136,$AI$83:$AJ$86,2,0) -> 0.05 | AX136: =ROUND((IFERROR(AVERAGEIF(P136:U136,">0,1"),0)*BD136),0) -> 413 | AY136: =IFERROR(ROUND(AS136,1)-AA136,"") -> -1.91 | AZ136: =IFERROR(VLOOKUP(M136,'[1]Base Brasil Obras'!$C$2:$F$485,4,0),"") -> 11.111111 | BA136: =B136*(1-$U$107) -> 475 | BB136: =1-AR136 -> 0.08 | BC136: =AU136+AV136+AW136 -> 0.05 | BD136: =1-(BB136+BC136) -> 0.87 | BE136: =IFERROR(B136/(AC136*$Z$101),0) -> 11.111111 | BF136: 5 | BG136: =IFERROR(AC136/BF136,1) -> 1
A137: 29 | B137: 270 | C137: =IFERROR(AVERAGEIF(P137:T137,">0,1"),0) -> 0 | F137: Lançamentos | H137: Montador | I137: PTA 75% | J137: Andaime 25% | K137: Lançar | M137: Lançamento de cabos de força, em leitos (Acima de 95 mm²) (Metros) | O137: =SUMIF([1]Mestre!$G$137:$G$409,THEO!A137,[1]Mestre!$AG$137:$AG$409) -> 18755 | U137: =B137*(1-$U$107) -> 256.5 | V137: =IF(IFERROR((1-BA137/AX137),"")=0%,"",IFERROR((1-BA137/AX137),"")) -> -0.15022422 | W137: =IFERROR(AVERAGEIF(P137:U137,">0,1"),"") -> 256.5 | X137: Mt de Cabo | Y137: =_xlfn.CONCAT(AX137," ",X137,"/","Dia") -> 223 Mt de Cabo/Dia | Z137: =_xlfn.CONCAT(AA137," ",X137," ","/ HH") -> 6 Mt de Cabo / HH | AA137: =IFERROR(IF(B137=0,"",ROUND(AZ137,2)),0) -> 6 | AB137: =_xlfn.CONCAT(ROUND(AS137,1)," ",X137," /","HH") -> 5 Mt de Cabo /HH | AC137: =AD137+AE137 -> 5 | AD137: 4 | AE137: 1 | AF137: =IFERROR(O137/AT137,0)/BG137 -> 84.103139 | AG137: =AF137*AC137*$Z$101*$Y$104 -> 3784.6413 | AH137: Esperado | AI137: =$AI$107 -> Extremamente Complexa | AJ137: =$AJ$107 -> Normal | AK137: =(AG137*(1+0)/$Y$102)*$Y$104 -> 5406.6304 | AL137: =IFERROR(AD137/AC137,"") -> 0.8 | AM137: =IFERROR(AK137*AL137,"") -> 4325.3043 | AN137: =IFERROR(AK137-AM137,"") -> 1081.3261 | AO137: =IFERROR(AK137/$AK$107,"") -> 0.10672415 | AP137: =IFERROR(VLOOKUP(I137,$J$1070:$K$1089,2,1),0) -> 0.92 | AQ137: =IFERROR(VLOOKUP(J137,$J$1070:$K$1089,2,1),0) -> 0.93 | AR137: =IF(O137=0,1,IF(I137=0,AQ137,IF(J137=0,AP137,SMALL(AP137:AQ137,1)))) -> 0.92 | AS137: =IFERROR(O137/AG137,0) -> 4.9555556 | AT137: =IF(X137=$X$5,1,AX137) -> 223 | AU137: =VLOOKUP(AH137,$AI$66:$AJ$69,2,0) -> 0 | AV137: =VLOOKUP(AJ137,$AJ$73:$AK$76,2,1) -> 0 | AW137: =VLOOKUP(AI137,$AI$83:$AJ$86,2,0) -> 0.05 | AX137: =ROUND((IFERROR(AVERAGEIF(P137:U137,">0,1"),0)*BD137),0) -> 223 | AY137: =IFERROR(ROUND(AS137,1)-AA137,"") -> -1 | AZ137: =IFERROR(VLOOKUP(M137,'[1]Base Brasil Obras'!$C$2:$F$485,4,0),"") -> 6 | BA137: =B137*(1-$U$107) -> 256.5 | BB137: =1-AR137 -> 0.08 | BC137: =AU137+AV137+AW137 -> 0.05 | BD137: =1-(BB137+BC137) -> 0.87 | BE137: =IFERROR(B137/(AC137*$Z$101),0) -> 6 | BF137: 5 | BG137: =IFERROR(AC137/BF137,1) -> 1
A138: 30 | B138: 400 | C138: =IFERROR(AVERAGEIF(P138:T138,">0,1"),0) -> 0 | F138: Lançamentos | H138: Montador | I138: Térreo 100% | J138: Andaime 0% | K138: Lançar | M138: Lançamento de cabos de força, em Canaflex (Até 95 mm²) (Metros) | O138: =SUMIF([1]Mestre!$G$137:$G$409,THEO!A138,[1]Mestre!$AG$137:$AG$409) -> 0 | U138: =B138*(1-$U$107) -> 380 | V138: =IF(IFERROR((1-BA138/AX138),"")=0%,"",IFERROR((1-BA138/AX138),"")) -> -0.052631579 | W138: =IFERROR(AVERAGEIF(P138:U138,">0,1"),"") -> 380 | X138: Mt de Cabo | Y138: =_xlfn.CONCAT(AX138," ",X138,"/","Dia") -> 361 Mt de Cabo/Dia | Z138: =_xlfn.CONCAT(AA138," ",X138," ","/ HH") -> 8,89 Mt de Cabo / HH | AA138: =IFERROR(IF(B138=0,"",ROUND(AZ138,2)),0) -> 8.89 | AB138: =_xlfn.CONCAT(ROUND(AS138,1)," ",X138," /","HH") -> 0 Mt de Cabo /HH | AC138: =AD138+AE138 -> 5 | AD138: 4 | AE138: 1 | AF138: =IFERROR(O138/AT138,0)/BG138 -> 0 | AG138: =AF138*AC138*$Z$101*$Y$104 -> 0 | AH138: Esperado | AI138: =$AI$107 -> Extremamente Complexa | AJ138: =$AJ$107 -> Normal | AK138: =(AG138*(1+0)/$Y$102)*$Y$104 -> 0 | AL138: =IFERROR(AD138/AC138,"") -> 0.8 | AM138: =IFERROR(AK138*AL138,"") -> 0 | AN138: =IFERROR(AK138-AM138,"") -> 0 | AO138: =IFERROR(AK138/$AK$107,"") -> 0 | AP138: =IFERROR(VLOOKUP(I138,$J$1070:$K$1089,2,1),0) -> 1 | AQ138: =IFERROR(VLOOKUP(J138,$J$1070:$K$1089,2,1),0) -> 1 | AR138: =IF(O138=0,1,IF(I138=0,AQ138,IF(J138=0,AP138,SMALL(AP138:AQ138,1)))) -> 1 | AS138: =IFERROR(O138/AG138,0) -> 0 | AT138: =IF(X138=$X$5,1,AX138) -> 361 | AU138: =VLOOKUP(AH138,$AI$66:$AJ$69,2,0) -> 0 | AV138: =VLOOKUP(AJ138,$AJ$73:$AK$76,2,1) -> 0 | AW138: =VLOOKUP(AI138,$AI$83:$AJ$86,2,0) -> 0.05 | AX138: =ROUND((IFERROR(AVERAGEIF(P138:U138,">0,1"),0)*BD138),0) -> 361 | AY138: =IFERROR(ROUND(AS138,1)-AA138,"") -> -8.89 | AZ138: =IFERROR(VLOOKUP(M138,'[1]Base Brasil Obras'!$C$2:$F$485,4,0),"") -> 8.8888889 | BA138: =B138*(1-$U$107) -> 380 | BB138: =1-AR138 -> 0 | BC138: =AU138+AV138+AW138 -> 0.05 | BD138: =1-(BB138+BC138) -> 0.95 | BE138: =IFERROR(B138/(AC138*$Z$101),0) -> 8.8888889 | BF138: 5 | BG138: =IFERROR(AC138/BF138,1) -> 1
A139: 31 | B139: 380 | C139: =IFERROR(AVERAGEIF(P139:T139,">0,1"),0) -> 0 | F139: Lançamentos | H139: Montador | I139: Térreo 100% | J139: Andaime 0% | K139: Lançar | M139: Lançamento de cabos de força, em Canaflex(Acima de 95 mm²) (Metros) | O139: =SUMIF([1]Mestre!$G$137:$G$409,THEO!A139,[1]Mestre!$AG$137:$AG$409) -> 0 | U139: =B139*(1-$U$107) -> 361 | V139: =IF(IFERROR((1-BA139/AX139),"")=0%,"",IFERROR((1-BA139/AX139),"")) -> -0.052478134 | W139: =IFERROR(AVERAGEIF(P139:U139,">0,1"),"") -> 361 | X139: Mt de Cabo | Y139: =_xlfn.CONCAT(AX139," ",X139,"/","Dia") -> 343 Mt de Cabo/Dia | Z139: =_xlfn.CONCAT(AA139," ",X139," ","/ HH") -> 8,44 Mt de Cabo / HH | AA139: =IFERROR(IF(B139=0,"",ROUND(AZ139,2)),0) -> 8.44 | AB139: =_xlfn.CONCAT(ROUND(AS139,1)," ",X139," /","HH") -> 0 Mt de Cabo /HH | AC139: =AD139+AE139 -> 5 | AD139: 4 | AE139: 1 | AF139: =IFERROR(O139/AT139,0)/BG139 -> 0 | AG139: =AF139*AC139*$Z$101*$Y$104 -> 0 | AH139: Esperado | AI139: =$AI$107 -> Extremamente Complexa | AJ139: =$AJ$107 -> Normal | AK139: =(AG139*(1+0)/$Y$102)*$Y$104 -> 0 | AL139: =IFERROR(AD139/AC139,"") -> 0.8 | AM139: =IFERROR(AK139*AL139,"") -> 0 | AN139: =IFERROR(AK139-AM139,"") -> 0 | AO139: =IFERROR(AK139/$AK$107,"") -> 0 | AP139: =IFERROR(VLOOKUP(I139,$J$1070:$K$1089,2,1),0) -> 1 | AQ139: =IFERROR(VLOOKUP(J139,$J$1070:$K$1089,2,1),0) -> 1 | AR139: =IF(O139=0,1,IF(I139=0,AQ139,IF(J139=0,AP139,SMALL(AP139:AQ139,1)))) -> 1 | AS139: =IFERROR(O139/AG139,0) -> 0 | AT139: =IF(X139=$X$5,1,AX139) -> 343 | AU139: =VLOOKUP(AH139,$AI$66:$AJ$69,2,0) -> 0 | AV139: =VLOOKUP(AJ139,$AJ$73:$AK$76,2,1) -> 0 | AW139: =VLOOKUP(AI139,$AI$83:$AJ$86,2,0) -> 0.05 | AX139: =ROUND((IFERROR(AVERAGEIF(P139:U139,">0,1"),0)*BD139),0) -> 343 | AY139: =IFERROR(ROUND(AS139,1)-AA139,"") -> -8.44 | AZ139: =IFERROR(VLOOKUP(M139,'[1]Base Brasil Obras'!$C$2:$F$485,4,0),"") -> 8.4444444 | BA139: =B139*(1-$U$107) -> 361 | BB139: =1-AR139 -> 0 | BC139: =AU139+AV139+AW139 -> 0.05 | BD139: =1-(BB139+BC139) -> 0.95 | BE139: =IFERROR(B139/(AC139*$Z$101),0) -> 8.4444444 | BF139: 5 | BG139: =IFERROR(AC139/BF139,1) -> 1
A140: 32 | B140: 592 | C140: =IFERROR(AVERAGEIF(P140:T140,">0,1"),0) -> 0 | F140: Lançamentos | H140: Montador | I140: PTA 75% | J140: Andaime 25% | K140: Lançar | M140: Lançamento de cabos de instrumentação, em eletrocalhas (Metros) | O140: =SUMIF([1]Mestre!$G$137:$G$409,THEO!A140,[1]Mestre!$AG$137:$AG$409) -> 31500 | U140: =B140*(1-$U$107) -> 562.4 | V140: =IF(IFERROR((1-BA140/AX140),"")=0%,"",IFERROR((1-BA140/AX140),"")) -> -0.17656904 | W140: =IFERROR(AVERAGEIF(P140:U140,">0,1"),"") -> 562.4 | X140: Mt de Cabo | Y140: =_xlfn.CONCAT(AX140," ",X140,"/","Dia") -> 478 Mt de Cabo/Dia | Z140: =_xlfn.CONCAT(AA140," ",X140," ","/ HH") -> 13,16 Mt de Cabo / HH | AA140: =IFERROR(IF(B140=0,"",ROUND(AZ140,2)),0) -> 13.16 | AB140: =_xlfn.CONCAT(ROUND(AS140,1)," ",X140," /","HH") -> 10,6 Mt de Cabo /HH | AC140: =AD140+AE140 -> 5 | AD140: 4 | AE140: 1 | AF140: =IFERROR(O140/AT140,0)/BG140 -> 65.899582 | AG140: =AF140*AC140*$Z$101*$Y$104 -> 2965.4812 | AH140: Extremamente Alta | AI140: =$AI$107 -> Extremamente Complexa | AJ140: =$AJ$107 -> Normal | AK140: =(AG140*(1+0)/$Y$102)*$Y$104 -> 4236.4017 | AL140: =IFERROR(AD140/AC140,"") -> 0.8 | AM140: =IFERROR(AK140*AL140,"") -> 3389.1213 | AN140: =IFERROR(AK140-AM140,"") -> 847.28033 | AO140: =IFERROR(AK140/$AK$107,"") -> 0.083624429 | AP140: =IFERROR(VLOOKUP(I140,$J$1070:$K$1089,2,1),0) -> 0.92 | AQ140: =IFERROR(VLOOKUP(J140,$J$1070:$K$1089,2,1),0) -> 0.93 | AR140: =IF(O140=0,1,IF(I140=0,AQ140,IF(J140=0,AP140,SMALL(AP140:AQ140,1)))) -> 0.92 | AS140: =IFERROR(O140/AG140,0) -> 10.622222 | AT140: =IF(X140=$X$5,1,AX140) -> 478 | AU140: =VLOOKUP(AH140,$AI$66:$AJ$69,2,0) -> 0.02 | AV140: =VLOOKUP(AJ140,$AJ$73:$AK$76,2,1) -> 0 | AW140: =VLOOKUP(AI140,$AI$83:$AJ$86,2,0) -> 0.05 | AX140: =ROUND((IFERROR(AVERAGEIF(P140:U140,">0,1"),0)*BD140),0) -> 478 | AY140: =IFERROR(ROUND(AS140,1)-AA140,"") -> -2.56 | AZ140: =IFERROR(VLOOKUP(M140,'[1]Base Brasil Obras'!$C$2:$F$485,4,0),"") -> 13.155556 | BA140: =B140*(1-$U$107) -> 562.4 | BB140: =1-AR140 -> 0.08 | BC140: =AU140+AV140+AW140 -> 0.07 | BD140: =1-(BB140+BC140) -> 0.85 | BE140: =IFERROR(B140/(AC140*$Z$101),0) -> 13.155556 | BF140: 5 | BG140: =IFERROR(AC140/BF140,1) -> 1
A141: 33 | B141: 450 | C141: =IFERROR(AVERAGEIF(P141:T141,">0,1"),0) -> 0 | F141: Lançamentos | H141: Montador | I141: Térreo 100% | J141: Andaime 0% | K141: Lançar | M141: Lançamento de cabos de Instrumentação em eletrodutos.(Metros) | O141: =SUMIF([1]Mestre!$G$137:$G$409,THEO!A141,[1]Mestre!$AG$137:$AG$409) -> 0 | U141: =B141*(1-$U$107) -> 427.5 | V141: =IF(IFERROR((1-BA141/AX141),"")=0%,"",IFERROR((1-BA141/AX141),"")) -> -0.052955665 | W141: =IFERROR(AVERAGEIF(P141:U141,">0,1"),"") -> 427.5 | X141: Mt de Cabo | Y141: =_xlfn.CONCAT(AX141," ",X141,"/","Dia") -> 406 Mt de Cabo/Dia | Z141: =_xlfn.CONCAT(AA141," ",X141," ","/ HH") -> 12,5 Mt de Cabo / HH | AA141: =IFERROR(IF(B141=0,"",ROUND(AZ141,2)),0) -> 12.5 | AB141: =_xlfn.CONCAT(ROUND(AS141,1)," ",X141," /","HH") -> 0 Mt de Cabo /HH | AC141: =AD141+AE141 -> 4 | AD141: 3 | AE141: 1 | AF141: =IFERROR(O141/AT141,0)/BG141 -> 0 | AG141: =AF141*AC141*$Z$101*$Y$104 -> 0 | AH141: Esperado | AI141: =$AI$107 -> Extremamente Complexa | AJ141: =$AJ$107 -> Normal | AK141: =(AG141*(1+0)/$Y$102)*$Y$104 -> 0 | AL141: =IFERROR(AD141/AC141,"") -> 0.75 | AM141: =IFERROR(AK141*AL141,"") -> 0 | AN141: =IFERROR(AK141-AM141,"") -> 0 | AO141: =IFERROR(AK141/$AK$107,"") -> 0 | AP141: =IFERROR(VLOOKUP(I141,$J$1070:$K$1089,2,1),0) -> 1 | AQ141: =IFERROR(VLOOKUP(J141,$J$1070:$K$1089,2,1),0) -> 1 | AR141: =IF(O141=0,1,IF(I141=0,AQ141,IF(J141=0,AP141,SMALL(AP141:AQ141,1)))) -> 1 | AS141: =IFERROR(O141/AG141,0) -> 0 | AT141: =IF(X141=$X$5,1,AX141) -> 406 | AU141: =VLOOKUP(AH141,$AI$66:$AJ$69,2,0) -> 0 | AV141: =VLOOKUP(AJ141,$AJ$73:$AK$76,2,1) -> 0 | AW141: =VLOOKUP(AI141,$AI$83:$AJ$86,2,0) -> 0.05 | AX141: =ROUND((IFERROR(AVERAGEIF(P141:U141,">0,1"),0)*BD141),0) -> 406 | AY141: =IFERROR(ROUND(AS141,1)-AA141,"") -> -12.5 | AZ141: =IFERROR(VLOOKUP(M141,'[1]Base Brasil Obras'!$C$2:$F$485,4,0),"") -> 12.5 | BA141: =B141*(1-$U$107) -> 427.5 | BB141: =1-AR141 -> 0 | BC141: =AU141+AV141+AW141 -> 0.05 | BD141: =1-(BB141+BC141) -> 0.95 | BE141: =IFERROR(B141/(AC141*$Z$101),0) -> 12.5 | BF141: 4 | BG141: =IFERROR(AC141/BF141,1) -> 1
A142: 34 | B142: 500 | C142: =IFERROR(AVERAGEIF(P142:T142,">0,1"),0) -> 0 | F142: Lançamentos | H142: Montador | I142: Térreo 100% | J142: Andaime 0% | K142: Lançar | M142: Lançamento de cabos de Instrumentação em Leitos.(Metros) | O142: =SUMIF([1]Mestre!$G$137:$G$409,THEO!A142,[1]Mestre!$AG$137:$AG$409) -> 0 | U142: =B142*(1-$U$107) -> 475 | V142: =IF(IFERROR((1-BA142/AX142),"")=0%,"",IFERROR((1-BA142/AX142),"")) -> -0.053215078 | W142: =IFERROR(AVERAGEIF(P142:U142,">0,1"),"") -> 475 | X142: Mt de Cabo | Y142: =_xlfn.CONCAT(AX142," ",X142,"/","Dia") -> 451 Mt de Cabo/Dia | Z142: =_xlfn.CONCAT(AA142," ",X142," ","/ HH") -> 13,89 Mt de Cabo / HH | AA142: =IFERROR(IF(B142=0,"",ROUND(AZ142,2)),0) -> 13.89 | AB142: =_xlfn.CONCAT(ROUND(AS142,1)," ",X142," /","HH") -> 0 Mt de Cabo /HH | AC142: =AD142+AE142 -> 4 | AD142: 3 | AE142: 1 | AF142: =IFERROR(O142/AT142,0)/BG142 -> 0 | AG142: =AF142*AC142*$Z$101*$Y$104 -> 0 | AH142: Esperado | AI142: =$AI$107 -> Extremamente Complexa | AJ142: =$AJ$107 -> Normal | AK142: =(AG142*(1+0)/$Y$102)*$Y$104 -> 0 | AL142: =IFERROR(AD142/AC142,"") -> 0.75 | AM142: =IFERROR(AK142*AL142,"") -> 0 | AN142: =IFERROR(AK142-AM142,"") -> 0 | AO142: =IFERROR(AK142/$AK$107,"") -> 0 | AP142: =IFERROR(VLOOKUP(I142,$J$1070:$K$1089,2,1),0) -> 1 | AQ142: =IFERROR(VLOOKUP(J142,$J$1070:$K$1089,2,1),0) -> 1 | AR142: =IF(O142=0,1,IF(I142=0,AQ142,IF(J142=0,AP142,SMALL(AP142:AQ142,1)))) -> 1 | AS142: =IFERROR(O142/AG142,0) -> 0 | AT142: =IF(X142=$X$5,1,AX142) -> 451 | AU142: =VLOOKUP(AH142,$AI$66:$AJ$69,2,0) -> 0 | AV142: =VLOOKUP(AJ142,$AJ$73:$AK$76,2,1) -> 0 | AW142: =VLOOKUP(AI142,$AI$83:$AJ$86,2,0) -> 0.05 | AX142: =ROUND((IFERROR(AVERAGEIF(P142:U142,">0,1"),0)*BD142),0) -> 451 | AY142: =IFERROR(ROUND(AS142,1)-AA142,"") -> -13.89 | AZ142: =IFERROR(VLOOKUP(M142,'[1]Base Brasil Obras'!$C$2:$F$485,4,0),"") -> 13.888889 | BA142: =B142*(1-$U$107) -> 475 | BB142: =1-AR142 -> 0 | BC142: =AU142+AV142+AW142 -> 0.05 | BD142: =1-(BB142+BC142) -> 0.95 | BE142: =IFERROR(B142/(AC142*$Z$101),0) -> 13.888889 | BF142: 4 | BG142: =IFERROR(AC142/BF142,1) -> 1
A143: 35 | B143: 523 | C143: =IFERROR(AVERAGEIF(P143:T143,">0,1"),0) -> 0 | F143: Lançamentos | H143: Montador | I143: Térreo 100% | J143: Andaime 0% | K143: Lançar | L143: M&P_ 10 | M143: Lançamento de cabo terra nu , em leitos , ou eletrocalhas (até 75mm²)(Metros) | O143: =SUMIF([1]Mestre!$G$137:$G$409,THEO!A143,[1]Mestre!$AG$137:$AG$409) -> 630 | U143: =B143*(1-$U$107) -> 496.85 | V143: =IF(IFERROR((1-BA143/AX143),"")=0%,"",IFERROR((1-BA143/AX143),"")) -> -0.052648305 | W143: =IFERROR(AVERAGEIF(P143:U143,">0,1"),"") -> 496.85 | X143: Mt de Cabo | Y143: =_xlfn.CONCAT(AX143," ",X143,"/","Dia") -> 472 Mt de Cabo/Dia | Z143: =_xlfn.CONCAT(AA143," ",X143," ","/ HH") -> 14,53 Mt de Cabo / HH | AA143: =IFERROR(IF(B143=0,"",ROUND(AZ143,2)),0) -> 14.53 | AB143: =_xlfn.CONCAT(ROUND(AS143,1)," ",X143," /","HH") -> 13,1 Mt de Cabo /HH | AC143: =AD143+AE143 -> 4 | AD143: 3 | AE143: 1 | AF143: =IFERROR(O143/AT143,0)/BG143 -> 1.3347458 | AG143: =AF143*AC143*$Z$101*$Y$104 -> 48.050847 | AH143: Esperado | AI143: =$AI$107 -> Extremamente Complexa | AJ143: =$AJ$107 -> Normal | AK143: =(AG143*(1+0)/$Y$102)*$Y$104 -> 68.644068 | AL143: =IFERROR(AD143/AC143,"") -> 0.75 | AM143: =IFERROR(AK143*AL143,"") -> 51.483051 | AN143: =IFERROR(AK143-AM143,"") -> 17.161017 | AO143: =IFERROR(AK143/$AK$107,"") -> 0.0013549992 | AP143: =IFERROR(VLOOKUP(I143,$J$1070:$K$1089,2,1),0) -> 1 | AQ143: =IFERROR(VLOOKUP(J143,$J$1070:$K$1089,2,1),0) -> 1 | AR143: =IF(O143=0,1,IF(I143=0,AQ143,IF(J143=0,AP143,SMALL(AP143:AQ143,1)))) -> 1 | AS143: =IFERROR(O143/AG143,0) -> 13.111111 | AT143: =IF(X143=$X$5,1,AX143) -> 472 | AU143: =VLOOKUP(AH143,$AI$66:$AJ$69,2,0) -> 0 | AV143: =VLOOKUP(AJ143,$AJ$73:$AK$76,2,1) -> 0 | AW143: =VLOOKUP(AI143,$AI$83:$AJ$86,2,0) -> 0.05 | AX143: =ROUND((IFERROR(AVERAGEIF(P143:U143,">0,1"),0)*BD143),0) -> 472 | AY143: =IFERROR(ROUND(AS143,1)-AA143,"") -> -1.43 | AZ143: =IFERROR(VLOOKUP(M143,'[1]Base Brasil Obras'!$C$2:$F$485,4,0),"") -> 14.527778 | BA143: =B143*(1-$U$107) -> 496.85 | BB143: =1-AR143 -> 0 | BC143: =AU143+AV143+AW143 -> 0.05 | BD143: =1-(BB143+BC143) -> 0.95 | BE143: =IFERROR(B143/(AC143*$Z$101),0) -> 14.527778 | BF143: 4 | BG143: =IFERROR(AC143/BF143,1) -> 1
A144: 36 | B144: 480 | C144: =IFERROR(AVERAGEIF(P144:T144,">0,1"),0) -> 0 | F144: Lançamentos | H144: Montador | I144: Térreo 100% | J144: Andaime 0% | K144: Lançar | M144: Lançamento de cabo terra nu , em leitos , ou eletrocalhas (Acima75mm²)(Metros) | O144: =SUMIF([1]Mestre!$G$137:$G$409,THEO!A144,[1]Mestre!$AG$137:$AG$409) -> 0 | U144: =B144*(1-$U$107) -> 456 | V144: =IF(IFERROR((1-BA144/AX144),"")=0%,"",IFERROR((1-BA144/AX144),"")) -> -0.053117783 | W144: =IFERROR(AVERAGEIF(P144:U144,">0,1"),"") -> 456 | X144: Mt de Cabo | Y144: =_xlfn.CONCAT(AX144," ",X144,"/","Dia") -> 433 Mt de Cabo/Dia | Z144: =_xlfn.CONCAT(AA144," ",X144," ","/ HH") -> 13,33 Mt de Cabo / HH | AA144: =IFERROR(IF(B144=0,"",ROUND(AZ144,2)),0) -> 13.33 | AB144: =_xlfn.CONCAT(ROUND(AS144,1)," ",X144," /","HH") -> 0 Mt de Cabo /HH | AC144: =AD144+AE144 -> 4 | AD144: 3 | AE144: 1 | AF144: =IFERROR(O144/AT144,0)/BG144 -> 0 | AG144: =AF144*AC144*$Z$101*$Y$104 -> 0 | AH144: Esperado | AI144: =$AI$107 -> Extremamente Complexa | AJ144: =$AJ$107 -> Normal | AK144: =(AG144*(1+0)/$Y$102)*$Y$104 -> 0 | AL144: =IFERROR(AD144/AC144,"") -> 0.75 | AM144: =IFERROR(AK144*AL144,"") -> 0 | AN144: =IFERROR(AK144-AM144,"") -> 0 | AO144: =IFERROR(AK144/$AK$107,"") -> 0 | AP144: =IFERROR(VLOOKUP(I144,$J$1070:$K$1089,2,1),0) -> 1 | AQ144: =IFERROR(VLOOKUP(J144,$J$1070:$K$1089,2,1),0) -> 1 | AR144: =IF(O144=0,1,IF(I144=0,AQ144,IF(J144=0,AP144,SMALL(AP144:AQ144,1)))) -> 1 | AS144: =IFERROR(O144/AG144,0) -> 0 | AT144: =IF(X144=$X$5,1,AX144) -> 433 | AU144: =VLOOKUP(AH144,$AI$66:$AJ$69,2,0) -> 0 | AV144: =VLOOKUP(AJ144,$AJ$73:$AK$76,2,1) -> 0 | AW144: =VLOOKUP(AI144,$AI$83:$AJ$86,2,0) -> 0.05 | AX144: =ROUND((IFERROR(AVERAGEIF(P144:U144,">0,1"),0)*BD144),0) -> 433 | AY144: =IFERROR(ROUND(AS144,1)-AA144,"") -> -13.33 | AZ144: =IFERROR(VLOOKUP(M144,'[1]Base Brasil Obras'!$C$2:$F$485,4,0),"") -> 13.333333 | BA144: =B144*(1-$U$107) -> 456 | BB144: =1-AR144 -> 0 | BC144: =AU144+AV144+AW144 -> 0.05 | BD144: =1-(BB144+BC144) -> 0.95 | BE144: =IFERROR(B144/(AC144*$Z$101),0) -> 13.333333 | BF144: 4 | BG144: =IFERROR(AC144/BF144,1) -> 1
A145: 37 | B145: 384 | C145: =IFERROR(AVERAGEIF(P145:T145,">0,1"),0) -> 0 | F145: Lançamentos | H145: Montador | I145: Térreo 100% | J145: Andaime 0% | K145: Lançar | M145: Lançamento de cabos de comunicação Redes (Metros) | O145: =SUMIF([1]Mestre!$G$137:$G$409,THEO!A145,[1]Mestre!$AG$137:$AG$409) -> 0 | U145: =B145*(1-$U$107) -> 364.8 | V145: =IF(IFERROR((1-BA145/AX145),"")=0%,"",IFERROR((1-BA145/AX145),"")) -> -0.05129683 | W145: =IFERROR(AVERAGEIF(P145:U145,">0,1"),"") -> 364.8 | X145: Mt de Cabo | Y145: =_xlfn.CONCAT(AX145," ",X145,"/","Dia") -> 347 Mt de Cabo/Dia | Z145: =_xlfn.CONCAT(AA145," ",X145," ","/ HH") -> 14,22 Mt de Cabo / HH | AA145: =IFERROR(IF(B145=0,"",ROUND(AZ145,2)),0) -> 14.22 | AB145: =_xlfn.CONCAT(ROUND(AS145,1)," ",X145," /","HH") -> 0 Mt de Cabo /HH | AC145: =AD145+AE145 -> 3 | AD145: 2 | AE145: 1 | AF145: =IFERROR(O145/AT145,0)/BG145 -> 0 | AG145: =AF145*AC145*$Z$101*$Y$104 -> 0 | AH145: Esperado | AI145: =$AI$107 -> Extremamente Complexa | AJ145: =$AJ$107 -> Normal | AK145: =(AG145*(1+0)/$Y$102)*$Y$104 -> 0 | AL145: =IFERROR(AD145/AC145,"") -> 0.66666667 | AM145: =IFERROR(AK145*AL145,"") -> 0 | AN145: =IFERROR(AK145-AM145,"") -> 0 | AO145: =IFERROR(AK145/$AK$107,"") -> 0 | AP145: =IFERROR(VLOOKUP(I145,$J$1070:$K$1089,2,1),0) -> 1 | AQ145: =IFERROR(VLOOKUP(J145,$J$1070:$K$1089,2,1),0) -> 1 | AR145: =IF(O145=0,1,IF(I145=0,AQ145,IF(J145=0,AP145,SMALL(AP145:AQ145,1)))) -> 1 | AS145: =IFERROR(O145/AG145,0) -> 0 | AT145: =IF(X145=$X$5,1,AX145) -> 347 | AU145: =VLOOKUP(AH145,$AI$66:$AJ$69,2,0) -> 0 | AV145: =VLOOKUP(AJ145,$AJ$73:$AK$76,2,1) -> 0 | AW145: =VLOOKUP(AI145,$AI$83:$AJ$86,2,0) -> 0.05 | AX145: =ROUND((IFERROR(AVERAGEIF(P145:U145,">0,1"),0)*BD145),0) -> 347 | AY145: =IFERROR(ROUND(AS145,1)-AA145,"") -> -14.22 | AZ145: =IFERROR(VLOOKUP(M145,'[1]Base Brasil Obras'!$C$2:$F$485,4,0),"") -> 14.222222 | BA145: =B145*(1-$U$107) -> 364.8 | BB145: =1-AR145 -> 0 | BC145: =AU145+AV145+AW145 -> 0.05 | BD145: =1-(BB145+BC145) -> 0.95 | BE145: =IFERROR(B145/(AC145*$Z$101),0) -> 14.222222 | BF145: 3 | BG145: =IFERROR(AC145/BF145,1) -> 1
...
